Timestamp,EquipmentId,EngineTemperature,OilPressure
2026-05-08T21:13:11.2298050Z,EQ-3,93.43,47.35
2026-05-08T21:13:21.2298050Z,EQ-3,90.64,49.17
2026-05-08T21:13:31.2298050Z,EQ-2,88.91,43.80
2026-05-08T21:13:41.2298050Z,EQ-1,88.96,42.71
2026-05-08T21:13:51.2298050Z,EQ-2,91.42,42.36
2026-05-08T21:14:01.2298050Z,EQ-1,95.64,49.88
2026-05-08T21:14:11.2298050Z,EQ-4,93.02,41.44
2026-05-08T21:14:21.2298050Z,EQ-2,85.86,42.73
2026-05-08T21:14:31.2298050Z,EQ-3,89.27,47.63
2026-05-08T21:14:41.2298050Z,EQ-2,91.27,41.82
2026-05-08T21:14:51.2298050Z,EQ-3,96.37,48.99
2026-05-08T21:15:01.2298050Z,EQ-2,87.69,40.15
2026-05-08T21:15:11.2298050Z,EQ-1,98.16,49.81
2026-05-08T21:15:21.2298050Z,EQ-4,93.75,45.24
2026-05-08T21:15:31.2298050Z,EQ-3,90.52,40.17
2026-05-08T21:15:41.2298050Z,EQ-2,86.57,43.41
2026-05-08T21:15:51.2298050Z,EQ-1,95.99,41.30
2026-05-08T21:16:01.2298050Z,EQ-4,93.34,41.05
2026-05-08T21:16:11.2298050Z,EQ-3,99.14,45.17
2026-05-08T21:16:21.2298050Z,EQ-3,94.14,40.91
2026-05-08T21:16:31.2298050Z,EQ-4,98.09,44.19
2026-05-08T21:16:41.2298050Z,EQ-3,88.38,47.19
2026-05-08T21:16:51.2298050Z,EQ-4,98.96,48.61
2026-05-08T21:17:01.2298050Z,EQ-3,90.69,43.10
2026-05-08T21:17:11.2298050Z,EQ-2,87.23,45.50
2026-05-08T21:17:21.2298050Z,EQ-3,97.99,48.95
2026-05-08T21:17:31.2298050Z,EQ-1,99.08,49.56
2026-05-08T21:17:41.2298050Z,EQ-4,98.33,40.16
2026-05-08T21:17:51.2298050Z,EQ-2,87.69,40.97
2026-05-08T21:18:01.2298050Z,EQ-3,94.24,43.72
2026-05-08T21:18:11.2298050Z,EQ-3,94.20,49.22
2026-05-08T21:18:21.2298050Z,EQ-1,93.52,49.99
2026-05-08T21:18:31.2298050Z,EQ-3,97.56,40.19
2026-05-08T21:18:41.2298050Z,EQ-4,99.37,42.91
2026-05-08T21:18:51.2298050Z,EQ-3,94.75,41.53
2026-05-08T21:19:01.2298050Z,EQ-3,93.48,45.82
2026-05-08T21:19:11.2298050Z,EQ-3,89.48,47.69
2026-05-08T21:19:21.2298050Z,EQ-3,85.99,42.60
2026-05-08T21:19:31.2298050Z,EQ-4,95.07,49.39
2026-05-08T21:19:41.2298050Z,EQ-4,91.56,41.81
2026-05-08T21:19:51.2298050Z,EQ-4,98.74,42.29
2026-05-08T21:20:01.2298050Z,EQ-2,89.13,43.44
2026-05-08T21:20:11.2298050Z,EQ-1,90.24,48.86
2026-05-08T21:20:21.2298050Z,EQ-2,96.88,40.54
2026-05-08T21:20:31.2298050Z,EQ-3,94.82,41.58
2026-05-08T21:20:41.2298050Z,EQ-2,91.03,42.55
2026-05-08T21:20:51.2298050Z,EQ-3,88.53,44.68
2026-05-08T21:21:01.2298050Z,EQ-3,95.95,43.05
2026-05-08T21:21:11.2298050Z,EQ-3,91.49,49.64
2026-05-08T21:21:21.2298050Z,EQ-2,86.60,43.03
2026-05-08T21:21:31.2298050Z,EQ-3,93.33,42.30
2026-05-08T21:21:41.2298050Z,EQ-3,95.90,48.80
2026-05-08T21:21:51.2298050Z,EQ-2,85.66,43.85
2026-05-08T21:22:01.2298050Z,EQ-3,89.77,46.82
2026-05-08T21:22:11.2298050Z,EQ-1,97.12,47.44
2026-05-08T21:22:21.2298050Z,EQ-4,90.68,45.04
2026-05-08T21:22:31.2298050Z,EQ-2,92.56,42.05
2026-05-08T21:22:41.2298050Z,EQ-4,89.23,42.13
2026-05-08T21:22:51.2298050Z,EQ-2,86.89,45.22
2026-05-08T21:23:01.2298050Z,EQ-1,98.54,41.74
2026-05-08T21:23:11.2298050Z,EQ-2,94.95,44.64
2026-05-08T21:23:21.2298050Z,EQ-1,92.55,44.95
2026-05-08T21:23:31.2298050Z,EQ-1,98.52,44.92
2026-05-08T21:23:41.2298050Z,EQ-1,99.95,48.94
2026-05-08T21:23:51.2298050Z,EQ-1,98.82,47.69
2026-05-08T21:24:01.2298050Z,EQ-3,91.65,41.76
2026-05-08T21:24:11.2298050Z,EQ-1,97.30,45.59
2026-05-08T21:24:21.2298050Z,EQ-1,95.40,47.41
2026-05-08T21:24:31.2298050Z,EQ-2,88.07,45.08
2026-05-08T21:24:41.2298050Z,EQ-1,85.47,45.01
2026-05-08T21:24:51.2298050Z,EQ-2,89.35,46.37
2026-05-08T21:25:01.2298050Z,EQ-4,91.92,41.57
2026-05-08T21:25:11.2298050Z,EQ-1,89.27,41.71
2026-05-08T21:25:21.2298050Z,EQ-2,96.91,46.51
2026-05-08T21:25:31.2298050Z,EQ-3,94.94,43.44
2026-05-08T21:25:41.2298050Z,EQ-3,85.15,49.52
2026-05-08T21:25:51.2298050Z,EQ-3,87.72,48.68
2026-05-08T21:26:01.2298050Z,EQ-4,88.75,48.25
2026-05-08T21:26:11.2298050Z,EQ-3,92.80,42.81
2026-05-08T21:26:21.2298050Z,EQ-4,99.12,49.36
2026-05-08T21:26:31.2298050Z,EQ-3,96.50,46.00
2026-05-08T21:26:41.2298050Z,EQ-4,98.72,48.79
2026-05-08T21:26:51.2298050Z,EQ-3,92.52,49.96
2026-05-08T21:27:01.2298050Z,EQ-3,94.04,43.32
2026-05-08T21:27:11.2298050Z,EQ-3,91.58,46.00
2026-05-08T21:27:21.2298050Z,EQ-2,88.91,41.77
2026-05-08T21:27:31.2298050Z,EQ-1,99.86,40.46
2026-05-08T21:27:41.2298050Z,EQ-2,97.62,44.25
2026-05-08T21:27:51.2298050Z,EQ-4,88.27,46.43
2026-05-08T21:28:01.2298050Z,EQ-1,90.21,40.51
2026-05-08T21:28:11.2298050Z,EQ-3,87.49,44.25
2026-05-08T21:28:21.2298050Z,EQ-2,91.98,46.04
2026-05-08T21:28:31.2298050Z,EQ-1,86.54,42.93
2026-05-08T21:28:41.2298050Z,EQ-1,86.33,42.88
2026-05-08T21:28:51.2298050Z,EQ-4,95.21,46.02
2026-05-08T21:29:01.2298050Z,EQ-1,93.89,47.77
2026-05-08T21:29:11.2298050Z,EQ-3,97.10,49.98
2026-05-08T21:29:21.2298050Z,EQ-2,97.43,41.77
2026-05-08T21:29:31.2298050Z,EQ-3,88.39,41.64
2026-05-08T21:29:41.2298050Z,EQ-2,99.39,48.30
2026-05-08T21:29:51.2298050Z,EQ-4,88.82,40.35
2026-05-08T21:30:01.2298050Z,EQ-1,94.78,40.63
2026-05-08T21:30:11.2298050Z,EQ-3,91.71,48.78
2026-05-08T21:30:21.2298050Z,EQ-4,89.57,41.04
2026-05-08T21:30:31.2298050Z,EQ-3,93.21,41.80
2026-05-08T21:30:41.2298050Z,EQ-2,87.07,46.83
2026-05-08T21:30:51.2298050Z,EQ-4,93.88,43.79
2026-05-08T21:31:01.2298050Z,EQ-4,99.19,47.71
2026-05-08T21:31:11.2298050Z,EQ-1,98.23,45.87
2026-05-08T21:31:21.2298050Z,EQ-3,99.47,42.75
2026-05-08T21:31:31.2298050Z,EQ-3,96.09,47.11
2026-05-08T21:31:41.2298050Z,EQ-1,87.18,45.33
2026-05-08T21:31:51.2298050Z,EQ-2,96.52,47.94
2026-05-08T21:32:01.2298050Z,EQ-2,89.08,49.23
2026-05-08T21:32:11.2298050Z,EQ-2,98.84,47.29
2026-05-08T21:32:21.2298050Z,EQ-2,92.31,44.43
2026-05-08T21:32:31.2298050Z,EQ-4,90.34,41.39
2026-05-08T21:32:41.2298050Z,EQ-1,91.17,42.96
2026-05-08T21:32:51.2298050Z,EQ-3,91.01,44.10
2026-05-08T21:33:01.2298050Z,EQ-2,91.31,40.47
2026-05-08T21:33:11.2298050Z,EQ-3,99.62,49.69
2026-05-08T21:33:21.2298050Z,EQ-3,96.05,40.83
2026-05-08T21:33:31.2298050Z,EQ-4,90.48,44.22
2026-05-08T21:33:41.2298050Z,EQ-3,90.38,48.07
2026-05-08T21:33:51.2298050Z,EQ-1,96.30,47.93
2026-05-08T21:34:01.2298050Z,EQ-2,92.39,41.18
2026-05-08T21:34:11.2298050Z,EQ-2,96.11,40.52
2026-05-08T21:34:21.2298050Z,EQ-4,96.95,40.82
2026-05-08T21:34:31.2298050Z,EQ-4,90.43,45.29
2026-05-08T21:34:41.2298050Z,EQ-2,89.67,43.79
2026-05-08T21:34:51.2298050Z,EQ-3,85.31,44.80
2026-05-08T21:35:01.2298050Z,EQ-3,99.74,46.20
2026-05-08T21:35:11.2298050Z,EQ-4,92.73,48.71
2026-05-08T21:35:21.2298050Z,EQ-3,93.38,49.70
2026-05-08T21:35:31.2298050Z,EQ-4,90.15,49.35
2026-05-08T21:35:41.2298050Z,EQ-4,97.91,44.90
2026-05-08T21:35:51.2298050Z,EQ-2,94.08,47.15
2026-05-08T21:36:01.2298050Z,EQ-3,95.96,46.82
2026-05-08T21:36:11.2298050Z,EQ-3,95.48,41.49
2026-05-08T21:36:21.2298050Z,EQ-4,98.45,43.85
2026-05-08T21:36:31.2298050Z,EQ-3,92.42,43.80
2026-05-08T21:36:41.2298050Z,EQ-3,94.80,47.15
2026-05-08T21:36:51.2298050Z,EQ-1,97.69,42.74
2026-05-08T21:37:01.2298050Z,EQ-1,93.36,46.13
2026-05-08T21:37:11.2298050Z,EQ-2,92.75,40.84
2026-05-08T21:37:21.2298050Z,EQ-1,89.02,48.67
2026-05-08T21:37:31.2298050Z,EQ-2,99.60,46.71
2026-05-08T21:37:41.2298050Z,EQ-1,94.03,46.19
2026-05-08T21:37:51.2298050Z,EQ-4,96.50,46.73
2026-05-08T21:38:01.2298050Z,EQ-1,85.46,48.08
2026-05-08T21:38:11.2298050Z,EQ-2,87.36,42.91
2026-05-08T21:38:21.2298050Z,EQ-1,85.47,41.55
2026-05-08T21:38:31.2298050Z,EQ-2,96.85,42.52
2026-05-08T21:38:41.2298050Z,EQ-3,85.27,44.78
2026-05-08T21:38:51.2298050Z,EQ-2,88.80,47.37
2026-05-08T21:39:01.2298050Z,EQ-4,97.80,49.15
2026-05-08T21:39:11.2298050Z,EQ-3,86.33,48.05
2026-05-08T21:39:21.2298050Z,EQ-4,87.83,42.72
2026-05-08T21:39:31.2298050Z,EQ-2,92.92,42.30
2026-05-08T21:39:41.2298050Z,EQ-2,92.29,48.07
2026-05-08T21:39:51.2298050Z,EQ-1,89.87,47.56
2026-05-08T21:40:01.2298050Z,EQ-2,98.74,43.05
2026-05-08T21:40:11.2298050Z,EQ-4,95.30,43.99
2026-05-08T21:40:21.2298050Z,EQ-3,97.65,49.61
2026-05-08T21:40:31.2298050Z,EQ-3,94.90,42.67
2026-05-08T21:40:41.2298050Z,EQ-3,90.07,43.87
2026-05-08T21:40:51.2298050Z,EQ-2,92.12,46.41
2026-05-08T21:41:01.2298050Z,EQ-1,97.52,45.51
2026-05-08T21:41:11.2298050Z,EQ-2,98.70,45.56
2026-05-08T21:41:21.2298050Z,EQ-1,97.66,49.77
2026-05-08T21:41:31.2298050Z,EQ-3,94.72,46.44
2026-05-08T21:41:41.2298050Z,EQ-3,91.85,49.86
2026-05-08T21:41:51.2298050Z,EQ-1,92.10,41.51
2026-05-08T21:42:01.2298050Z,EQ-4,88.49,40.71
2026-05-08T21:42:11.2298050Z,EQ-4,85.27,42.98
2026-05-08T21:42:21.2298050Z,EQ-3,98.26,46.00
2026-05-08T21:42:31.2298050Z,EQ-3,86.02,49.62
2026-05-08T21:42:41.2298050Z,EQ-1,97.85,46.08
2026-05-08T21:42:51.2298050Z,EQ-3,92.96,46.03
2026-05-08T21:43:01.2298050Z,EQ-1,86.20,44.58
2026-05-08T21:43:11.2298050Z,EQ-1,94.01,45.46
2026-05-08T21:43:21.2298050Z,EQ-4,96.32,40.38
2026-05-08T21:43:31.2298050Z,EQ-4,96.26,49.24
2026-05-08T21:43:41.2298050Z,EQ-4,91.90,49.38
2026-05-08T21:43:51.2298050Z,EQ-4,89.73,40.77
2026-05-08T21:44:01.2298050Z,EQ-2,88.26,45.99
2026-05-08T21:44:11.2298050Z,EQ-1,94.69,41.72
2026-05-08T21:44:21.2298050Z,EQ-2,90.06,49.89
2026-05-08T21:44:31.2298050Z,EQ-4,98.04,48.46
2026-05-08T21:44:41.2298050Z,EQ-4,93.04,46.93
2026-05-08T21:44:51.2298050Z,EQ-4,89.97,43.34
2026-05-08T21:45:01.2298050Z,EQ-3,85.08,49.85
2026-05-08T21:45:11.2298050Z,EQ-1,97.58,44.80
2026-05-08T21:45:21.2298050Z,EQ-4,94.10,48.20
2026-05-08T21:45:31.2298050Z,EQ-1,92.65,41.86
2026-05-08T21:45:41.2298050Z,EQ-4,85.72,46.42
2026-05-08T21:45:51.2298050Z,EQ-2,90.62,45.81
2026-05-08T21:46:01.2298050Z,EQ-4,88.93,43.50
2026-05-08T21:46:11.2298050Z,EQ-1,86.27,48.51
2026-05-08T21:46:21.2298050Z,EQ-1,99.84,48.33
2026-05-08T21:46:31.2298050Z,EQ-1,90.28,45.11
2026-05-08T21:46:41.2298050Z,EQ-4,91.27,44.97
2026-05-08T21:46:51.2298050Z,EQ-2,88.47,45.21
2026-05-08T21:47:01.2298050Z,EQ-3,86.81,48.13
2026-05-08T21:47:11.2298050Z,EQ-4,89.42,45.52
2026-05-08T21:47:21.2298050Z,EQ-4,85.89,47.62
2026-05-08T21:47:31.2298050Z,EQ-4,93.26,42.23
2026-05-08T21:47:41.2298050Z,EQ-4,88.77,41.08
2026-05-08T21:47:51.2298050Z,EQ-1,94.30,49.00
2026-05-08T21:48:01.2298050Z,EQ-4,92.33,44.76
2026-05-08T21:48:11.2298050Z,EQ-4,89.51,42.06
2026-05-08T21:48:21.2298050Z,EQ-3,92.63,45.76
2026-05-08T21:48:31.2298050Z,EQ-2,95.01,46.21
2026-05-08T21:48:41.2298050Z,EQ-1,97.32,49.37
2026-05-08T21:48:51.2298050Z,EQ-1,88.57,46.31
2026-05-08T21:49:01.2298050Z,EQ-1,99.27,48.11
2026-05-08T21:49:11.2298050Z,EQ-2,99.82,43.55
2026-05-08T21:49:21.2298050Z,EQ-1,88.30,44.25
2026-05-08T21:49:31.2298050Z,EQ-4,88.99,42.71
2026-05-08T21:49:41.2298050Z,EQ-2,94.17,44.16
2026-05-08T21:49:51.2298050Z,EQ-1,85.51,47.12
2026-05-08T21:50:01.2298050Z,EQ-4,96.89,49.40
2026-05-08T21:50:11.2298050Z,EQ-2,88.59,42.13
2026-05-08T21:50:21.2298050Z,EQ-2,92.61,44.54
2026-05-08T21:50:31.2298050Z,EQ-3,99.98,40.50
2026-05-08T21:50:41.2298050Z,EQ-3,87.31,45.35
2026-05-08T21:50:51.2298050Z,EQ-4,91.05,44.50
2026-05-08T21:51:01.2298050Z,EQ-2,92.13,40.62
2026-05-08T21:51:11.2298050Z,EQ-1,85.78,49.09
2026-05-08T21:51:21.2298050Z,EQ-2,91.34,47.14
2026-05-08T21:51:31.2298050Z,EQ-2,99.76,48.06
2026-05-08T21:51:41.2298050Z,EQ-3,92.78,46.48
2026-05-08T21:51:51.2298050Z,EQ-1,90.11,40.76
2026-05-08T21:52:01.2298050Z,EQ-4,88.42,41.31
2026-05-08T21:52:11.2298050Z,EQ-1,86.39,48.08
2026-05-08T21:52:21.2298050Z,EQ-3,98.11,45.22
2026-05-08T21:52:31.2298050Z,EQ-4,92.08,40.21
2026-05-08T21:52:41.2298050Z,EQ-4,87.66,47.01
2026-05-08T21:52:51.2298050Z,EQ-4,92.99,44.29
2026-05-08T21:53:01.2298050Z,EQ-3,93.42,49.29
2026-05-08T21:53:11.2298050Z,EQ-1,91.58,48.67
2026-05-08T21:53:21.2298050Z,EQ-3,88.83,46.25
2026-05-08T21:53:31.2298050Z,EQ-4,86.34,42.12
2026-05-08T21:53:41.2298050Z,EQ-2,88.43,44.61
2026-05-08T21:53:51.2298050Z,EQ-1,89.91,41.00
2026-05-08T21:54:01.2298050Z,EQ-3,86.19,40.45
2026-05-08T21:54:11.2298050Z,EQ-2,86.62,44.38
2026-05-08T21:54:21.2298050Z,EQ-4,92.23,46.00
2026-05-08T21:54:31.2298050Z,EQ-4,85.15,49.84
2026-05-08T21:54:41.2298050Z,EQ-1,94.03,44.58
2026-05-08T21:54:51.2298050Z,EQ-2,94.48,40.99
2026-05-08T21:55:01.2298050Z,EQ-4,89.47,45.85
2026-05-08T21:55:11.2298050Z,EQ-4,89.23,47.38
2026-05-08T21:55:21.2298050Z,EQ-2,94.59,45.51
2026-05-08T21:55:31.2298050Z,EQ-2,89.50,48.05
2026-05-08T21:55:41.2298050Z,EQ-2,96.68,43.89
2026-05-08T21:55:51.2298050Z,EQ-4,99.71,48.83
2026-05-08T21:56:01.2298050Z,EQ-1,93.64,47.15
2026-05-08T21:56:11.2298050Z,EQ-3,93.84,47.98
2026-05-08T21:56:21.2298050Z,EQ-4,89.35,43.63
2026-05-08T21:56:31.2298050Z,EQ-1,88.86,48.70
2026-05-08T21:56:41.2298050Z,EQ-3,89.92,43.05
2026-05-08T21:56:51.2298050Z,EQ-4,90.14,47.50
2026-05-08T21:57:01.2298050Z,EQ-3,97.73,44.90
2026-05-08T21:57:11.2298050Z,EQ-3,87.55,49.52
2026-05-08T21:57:21.2298050Z,EQ-1,90.87,42.91
2026-05-08T21:57:31.2298050Z,EQ-4,90.95,47.32
2026-05-08T21:57:41.2298050Z,EQ-4,86.55,47.26
2026-05-08T21:57:51.2298050Z,EQ-1,99.88,40.45
2026-05-08T21:58:01.2298050Z,EQ-3,87.26,49.96
2026-05-08T21:58:11.2298050Z,EQ-3,86.70,43.30
2026-05-08T21:58:21.2298050Z,EQ-4,96.31,49.67
2026-05-08T21:58:31.2298050Z,EQ-1,85.46,44.19
2026-05-08T21:58:41.2298050Z,EQ-2,92.89,40.39
2026-05-08T21:58:51.2298050Z,EQ-4,85.30,42.69
2026-05-08T21:59:01.2298050Z,EQ-3,86.36,45.19
2026-05-08T21:59:11.2298050Z,EQ-4,96.25,49.52
2026-05-08T21:59:21.2298050Z,EQ-3,94.34,49.82
2026-05-08T21:59:31.2298050Z,EQ-2,93.62,49.47
2026-05-08T21:59:41.2298050Z,EQ-4,96.34,49.78
2026-05-08T21:59:51.2298050Z,EQ-3,92.60,47.37
2026-05-08T22:00:01.2298050Z,EQ-3,88.08,44.87
2026-05-08T22:00:11.2298050Z,EQ-2,92.30,46.28
2026-05-08T22:00:21.2298050Z,EQ-3,88.41,48.51
2026-05-08T22:00:31.2298050Z,EQ-4,95.27,48.62
2026-05-08T22:00:41.2298050Z,EQ-3,91.76,41.25
2026-05-08T22:00:51.2298050Z,EQ-4,92.26,48.40
2026-05-08T22:01:01.2298050Z,EQ-3,94.04,47.44
2026-05-08T22:01:11.2298050Z,EQ-1,93.98,45.43
2026-05-08T22:01:21.2298050Z,EQ-1,86.05,41.09
2026-05-08T22:01:31.2298050Z,EQ-3,98.33,46.95
2026-05-08T22:01:41.2298050Z,EQ-1,85.71,46.53
2026-05-08T22:01:51.2298050Z,EQ-1,91.03,47.52
2026-05-08T22:02:01.2298050Z,EQ-3,86.75,45.48
2026-05-08T22:02:11.2298050Z,EQ-1,90.02,48.06
2026-05-08T22:02:21.2298050Z,EQ-4,89.87,40.89
2026-05-08T22:02:31.2298050Z,EQ-2,91.06,41.00
2026-05-08T22:02:41.2298050Z,EQ-1,95.01,48.92
2026-05-08T22:02:51.2298050Z,EQ-4,94.43,41.43
2026-05-08T22:03:01.2298050Z,EQ-3,99.82,44.63
2026-05-08T22:03:11.2298050Z,EQ-3,96.64,44.75
2026-05-08T22:03:21.2298050Z,EQ-3,86.17,41.83
2026-05-08T22:03:31.2298050Z,EQ-1,98.97,40.70
2026-05-08T22:03:41.2298050Z,EQ-2,96.74,45.01
2026-05-08T22:03:51.2298050Z,EQ-2,93.29,45.98
2026-05-08T22:04:01.2298050Z,EQ-1,98.93,47.02
2026-05-08T22:04:11.2298050Z,EQ-4,94.11,42.93
2026-05-08T22:04:21.2298050Z,EQ-1,91.54,42.73
2026-05-08T22:04:31.2298050Z,EQ-4,97.52,45.08
2026-05-08T22:04:41.2298050Z,EQ-1,91.88,46.54
2026-05-08T22:04:51.2298050Z,EQ-2,95.11,41.82
2026-05-08T22:05:01.2298050Z,EQ-3,95.17,42.78
2026-05-08T22:05:11.2298050Z,EQ-1,92.69,47.92
2026-05-08T22:05:21.2298050Z,EQ-1,97.21,44.70
2026-05-08T22:05:31.2298050Z,EQ-1,88.14,44.85
2026-05-08T22:05:41.2298050Z,EQ-3,97.91,49.88
2026-05-08T22:05:51.2298050Z,EQ-3,91.03,46.39
2026-05-08T22:06:01.2298050Z,EQ-3,89.14,47.97
2026-05-08T22:06:11.2298050Z,EQ-1,94.81,40.75
2026-05-08T22:06:21.2298050Z,EQ-1,90.52,49.33
2026-05-08T22:06:31.2298050Z,EQ-4,85.45,44.36
2026-05-08T22:06:41.2298050Z,EQ-3,93.72,45.87
2026-05-08T22:06:51.2298050Z,EQ-1,92.16,47.44
2026-05-08T22:07:01.2298050Z,EQ-3,90.99,48.30
2026-05-08T22:07:11.2298050Z,EQ-1,95.31,43.02
2026-05-08T22:07:21.2298050Z,EQ-2,89.93,40.85
2026-05-08T22:07:31.2298050Z,EQ-1,91.25,48.26
2026-05-08T22:07:41.2298050Z,EQ-4,94.34,49.10
2026-05-08T22:07:51.2298050Z,EQ-4,91.66,42.41
2026-05-08T22:08:01.2298050Z,EQ-3,93.11,43.04
2026-05-08T22:08:11.2298050Z,EQ-4,99.60,42.58
2026-05-08T22:08:21.2298050Z,EQ-1,87.80,43.34
2026-05-08T22:08:31.2298050Z,EQ-4,86.74,41.53
2026-05-08T22:08:41.2298050Z,EQ-3,94.61,47.01
2026-05-08T22:08:51.2298050Z,EQ-4,95.42,47.71
2026-05-08T22:09:01.2298050Z,EQ-1,88.27,41.23
2026-05-08T22:09:11.2298050Z,EQ-2,95.89,48.46
2026-05-08T22:09:21.2298050Z,EQ-2,90.86,48.78
2026-05-08T22:09:31.2298050Z,EQ-4,94.15,40.38
2026-05-08T22:09:41.2298050Z,EQ-4,89.12,43.56
2026-05-08T22:09:51.2298050Z,EQ-1,90.08,48.48
2026-05-08T22:10:01.2298050Z,EQ-3,88.39,47.97
2026-05-08T22:10:11.2298050Z,EQ-2,94.17,49.60
2026-05-08T22:10:21.2298050Z,EQ-2,96.16,42.42
2026-05-08T22:10:31.2298050Z,EQ-4,92.51,45.02
2026-05-08T22:10:41.2298050Z,EQ-2,90.90,46.36
2026-05-08T22:10:51.2298050Z,EQ-4,95.33,45.37
2026-05-08T22:11:01.2298050Z,EQ-3,99.53,41.31
2026-05-08T22:11:11.2298050Z,EQ-1,96.42,41.66
2026-05-08T22:11:21.2298050Z,EQ-2,87.11,44.26
2026-05-08T22:11:31.2298050Z,EQ-3,95.99,43.10
2026-05-08T22:11:41.2298050Z,EQ-4,98.71,44.02
2026-05-08T22:11:51.2298050Z,EQ-4,87.08,45.33
2026-05-08T22:12:01.2298050Z,EQ-4,94.03,42.89
2026-05-08T22:12:11.2298050Z,EQ-3,91.77,44.42
2026-05-08T22:12:21.2298050Z,EQ-1,95.14,49.87
2026-05-08T22:12:31.2298050Z,EQ-1,94.15,43.37
2026-05-08T22:12:41.2298050Z,EQ-1,89.15,46.27
2026-05-08T22:12:51.2298050Z,EQ-4,92.30,42.62
2026-05-08T22:13:01.2298050Z,EQ-4,95.73,49.18
2026-05-08T22:13:11.2298050Z,EQ-1,92.71,48.62
2026-05-08T22:13:21.2298050Z,EQ-3,92.40,42.10
2026-05-08T22:13:31.2298050Z,EQ-4,96.74,43.89
2026-05-08T22:13:41.2298050Z,EQ-4,90.06,40.52
2026-05-08T22:13:51.2298050Z,EQ-3,87.28,43.15
2026-05-08T22:14:01.2298050Z,EQ-2,94.23,48.25
2026-05-08T22:14:11.2298050Z,EQ-3,93.01,45.87
2026-05-08T22:14:21.2298050Z,EQ-3,88.33,40.53
2026-05-08T22:14:31.2298050Z,EQ-2,98.30,44.42
2026-05-08T22:14:41.2298050Z,EQ-1,88.18,40.40
2026-05-08T22:14:51.2298050Z,EQ-1,88.05,48.65
2026-05-08T22:15:01.2298050Z,EQ-2,97.02,45.85
2026-05-08T22:15:11.2298050Z,EQ-3,92.67,42.17
2026-05-08T22:15:21.2298050Z,EQ-4,86.73,47.25
2026-05-08T22:15:31.2298050Z,EQ-2,92.57,44.95
2026-05-08T22:15:41.2298050Z,EQ-2,97.80,47.33
2026-05-08T22:15:51.2298050Z,EQ-2,87.11,40.79
2026-05-08T22:16:01.2298050Z,EQ-3,96.38,41.58
2026-05-08T22:16:11.2298050Z,EQ-4,85.64,49.84
2026-05-08T22:16:21.2298050Z,EQ-4,89.00,41.44
2026-05-08T22:16:31.2298050Z,EQ-2,91.08,43.36
2026-05-08T22:16:41.2298050Z,EQ-3,85.80,40.12
2026-05-08T22:16:51.2298050Z,EQ-3,97.27,46.04
2026-05-08T22:17:01.2298050Z,EQ-1,94.51,46.22
2026-05-08T22:17:11.2298050Z,EQ-3,90.66,44.21
2026-05-08T22:17:21.2298050Z,EQ-4,88.89,47.19
2026-05-08T22:17:31.2298050Z,EQ-4,95.90,42.64
2026-05-08T22:17:41.2298050Z,EQ-4,88.87,40.74
2026-05-08T22:17:51.2298050Z,EQ-3,93.80,43.88
2026-05-08T22:18:01.2298050Z,EQ-1,92.27,48.09
2026-05-08T22:18:11.2298050Z,EQ-1,87.19,41.97
2026-05-08T22:18:21.2298050Z,EQ-4,91.79,42.68
2026-05-08T22:18:31.2298050Z,EQ-3,85.27,43.33
2026-05-08T22:18:41.2298050Z,EQ-3,87.95,49.93
2026-05-08T22:18:51.2298050Z,EQ-3,99.17,44.83
2026-05-08T22:19:01.2298050Z,EQ-2,85.36,49.13
2026-05-08T22:19:11.2298050Z,EQ-1,88.43,41.82
2026-05-08T22:19:21.2298050Z,EQ-4,97.71,46.82
2026-05-08T22:19:31.2298050Z,EQ-2,94.11,48.51
2026-05-08T22:19:41.2298050Z,EQ-4,88.46,45.27
2026-05-08T22:19:51.2298050Z,EQ-3,93.17,48.04
2026-05-08T22:20:01.2298050Z,EQ-4,88.27,48.90
2026-05-08T22:20:11.2298050Z,EQ-4,86.43,42.12
2026-05-08T22:20:21.2298050Z,EQ-1,95.18,44.58
2026-05-08T22:20:31.2298050Z,EQ-3,91.23,40.93
2026-05-08T22:20:41.2298050Z,EQ-2,92.55,49.89
2026-05-08T22:20:51.2298050Z,EQ-1,89.59,48.30
2026-05-08T22:21:01.2298050Z,EQ-3,90.53,48.26
2026-05-08T22:21:11.2298050Z,EQ-4,97.56,48.37
2026-05-08T22:21:21.2298050Z,EQ-2,96.71,42.33
2026-05-08T22:21:31.2298050Z,EQ-1,98.45,41.96
2026-05-08T22:21:41.2298050Z,EQ-4,86.89,44.25
2026-05-08T22:21:51.2298050Z,EQ-4,99.65,41.04
2026-05-08T22:22:01.2298050Z,EQ-4,93.40,48.90
2026-05-08T22:22:11.2298050Z,EQ-4,87.97,40.28
2026-05-08T22:22:21.2298050Z,EQ-3,86.94,43.60
2026-05-08T22:22:31.2298050Z,EQ-1,89.41,46.06
2026-05-08T22:22:41.2298050Z,EQ-2,88.25,48.38
2026-05-08T22:22:51.2298050Z,EQ-4,90.84,46.97
2026-05-08T22:23:01.2298050Z,EQ-4,88.86,48.31
2026-05-08T22:23:11.2298050Z,EQ-4,89.07,44.63
2026-05-08T22:23:21.2298050Z,EQ-2,98.39,42.51
2026-05-08T22:23:31.2298050Z,EQ-2,85.89,49.30
2026-05-08T22:23:41.2298050Z,EQ-3,87.27,43.07
2026-05-08T22:23:51.2298050Z,EQ-2,92.17,48.56
2026-05-08T22:24:01.2298050Z,EQ-1,97.58,44.94
2026-05-08T22:24:11.2298050Z,EQ-4,90.98,42.48
2026-05-08T22:24:21.2298050Z,EQ-2,93.64,41.16
2026-05-08T22:24:31.2298050Z,EQ-2,98.33,44.36
2026-05-08T22:24:41.2298050Z,EQ-3,97.53,42.71
2026-05-08T22:24:51.2298050Z,EQ-2,86.49,45.49
2026-05-08T22:25:01.2298050Z,EQ-4,93.43,43.26
2026-05-08T22:25:11.2298050Z,EQ-2,99.18,45.30
2026-05-08T22:25:21.2298050Z,EQ-3,92.65,41.18
2026-05-08T22:25:31.2298050Z,EQ-3,91.52,46.35
2026-05-08T22:25:41.2298050Z,EQ-1,87.05,46.49
2026-05-08T22:25:51.2298050Z,EQ-1,95.65,48.97
2026-05-08T22:26:01.2298050Z,EQ-3,88.71,45.70
2026-05-08T22:26:11.2298050Z,EQ-4,87.22,41.57
2026-05-08T22:26:21.2298050Z,EQ-2,90.13,42.19
2026-05-08T22:26:31.2298050Z,EQ-3,90.66,42.41
2026-05-08T22:26:41.2298050Z,EQ-2,85.66,40.36
2026-05-08T22:26:51.2298050Z,EQ-1,96.08,44.15
2026-05-08T22:27:01.2298050Z,EQ-1,91.11,48.43
2026-05-08T22:27:11.2298050Z,EQ-4,87.34,41.20
2026-05-08T22:27:21.2298050Z,EQ-1,93.13,48.57
2026-05-08T22:27:31.2298050Z,EQ-2,98.24,46.55
2026-05-08T22:27:41.2298050Z,EQ-1,93.13,44.50
2026-05-08T22:27:51.2298050Z,EQ-3,97.89,41.81
2026-05-08T22:28:01.2298050Z,EQ-4,87.42,48.46
2026-05-08T22:28:11.2298050Z,EQ-4,96.14,41.48
2026-05-08T22:28:21.2298050Z,EQ-3,91.93,40.45
2026-05-08T22:28:31.2298050Z,EQ-3,95.60,47.63
2026-05-08T22:28:41.2298050Z,EQ-3,95.90,43.46
2026-05-08T22:28:51.2298050Z,EQ-1,87.85,46.85
2026-05-08T22:29:01.2298050Z,EQ-1,92.27,43.11
2026-05-08T22:29:11.2298050Z,EQ-4,89.38,47.12
2026-05-08T22:29:21.2298050Z,EQ-4,88.83,43.77
2026-05-08T22:29:31.2298050Z,EQ-1,97.94,45.28
2026-05-08T22:29:41.2298050Z,EQ-3,97.61,48.47
2026-05-08T22:29:51.2298050Z,EQ-4,97.07,42.57
2026-05-08T22:30:01.2298050Z,EQ-3,92.63,48.52
2026-05-08T22:30:11.2298050Z,EQ-4,90.64,48.60
2026-05-08T22:30:21.2298050Z,EQ-1,99.88,48.16
2026-05-08T22:30:31.2298050Z,EQ-3,88.43,49.19
2026-05-08T22:30:41.2298050Z,EQ-2,90.78,45.38
2026-05-08T22:30:51.2298050Z,EQ-4,91.33,42.20
2026-05-08T22:31:01.2298050Z,EQ-2,91.37,41.60
2026-05-08T22:31:11.2298050Z,EQ-3,89.52,45.59
2026-05-08T22:31:21.2298050Z,EQ-3,86.21,48.13
2026-05-08T22:31:31.2298050Z,EQ-2,97.79,42.61
2026-05-08T22:31:41.2298050Z,EQ-3,94.04,46.32
2026-05-08T22:31:51.2298050Z,EQ-3,85.91,41.95
2026-05-08T22:32:01.2298050Z,EQ-3,92.63,40.25
2026-05-08T22:32:11.2298050Z,EQ-4,95.32,42.39
2026-05-08T22:32:21.2298050Z,EQ-2,99.15,42.09
2026-05-08T22:32:31.2298050Z,EQ-1,91.17,42.90
2026-05-08T22:32:41.2298050Z,EQ-1,90.86,44.90
2026-05-08T22:32:51.2298050Z,EQ-3,91.79,43.05
2026-05-08T22:33:01.2298050Z,EQ-2,92.09,46.88
2026-05-08T22:33:11.2298050Z,EQ-4,85.14,46.33
2026-05-08T22:33:21.2298050Z,EQ-1,85.59,43.84
2026-05-08T22:33:31.2298050Z,EQ-3,95.03,43.20
2026-05-08T22:33:41.2298050Z,EQ-1,87.55,49.59
2026-05-08T22:33:51.2298050Z,EQ-4,86.36,42.96
2026-05-08T22:34:01.2298050Z,EQ-2,90.80,46.74
2026-05-08T22:34:11.2298050Z,EQ-3,88.48,44.15
2026-05-08T22:34:21.2298050Z,EQ-2,93.26,47.62
2026-05-08T22:34:31.2298050Z,EQ-3,88.02,48.01
2026-05-08T22:34:41.2298050Z,EQ-2,85.78,49.00
2026-05-08T22:34:51.2298050Z,EQ-3,98.21,40.75
2026-05-08T22:35:01.2298050Z,EQ-1,87.35,43.05
2026-05-08T22:35:11.2298050Z,EQ-1,96.86,46.66
2026-05-08T22:35:21.2298050Z,EQ-4,92.96,47.38
2026-05-08T22:35:31.2298050Z,EQ-1,98.19,45.13
2026-05-08T22:35:41.2298050Z,EQ-2,95.71,48.99
2026-05-08T22:35:51.2298050Z,EQ-2,97.21,42.11
2026-05-08T22:36:01.2298050Z,EQ-2,99.49,45.65
2026-05-08T22:36:11.2298050Z,EQ-3,99.39,40.17
2026-05-08T22:36:21.2298050Z,EQ-2,86.21,44.45
2026-05-08T22:36:31.2298050Z,EQ-1,91.99,47.79
2026-05-08T22:36:41.2298050Z,EQ-1,85.81,48.35
2026-05-08T22:36:51.2298050Z,EQ-3,99.51,44.34
2026-05-08T22:37:01.2298050Z,EQ-4,88.29,41.31
2026-05-08T22:37:11.2298050Z,EQ-2,93.74,47.38
2026-05-08T22:37:21.2298050Z,EQ-2,94.41,45.93
2026-05-08T22:37:31.2298050Z,EQ-3,95.81,41.86
2026-05-08T22:37:41.2298050Z,EQ-4,91.88,42.55
2026-05-08T22:37:51.2298050Z,EQ-2,90.82,40.43
2026-05-08T22:38:01.2298050Z,EQ-4,94.33,44.67
2026-05-08T22:38:11.2298050Z,EQ-3,92.07,40.05
2026-05-08T22:38:21.2298050Z,EQ-4,88.81,42.15
2026-05-08T22:38:31.2298050Z,EQ-2,95.21,44.37
2026-05-08T22:38:41.2298050Z,EQ-3,86.72,44.73
2026-05-08T22:38:51.2298050Z,EQ-4,98.01,47.49
2026-05-08T22:39:01.2298050Z,EQ-1,94.89,45.09
2026-05-08T22:39:11.2298050Z,EQ-3,96.34,46.25
2026-05-08T22:39:21.2298050Z,EQ-4,86.03,48.36
2026-05-08T22:39:31.2298050Z,EQ-3,86.85,40.15
2026-05-08T22:39:41.2298050Z,EQ-3,98.03,43.97
2026-05-08T22:39:51.2298050Z,EQ-2,98.41,44.99
2026-05-08T22:40:01.2298050Z,EQ-4,91.66,41.51
2026-05-08T22:40:11.2298050Z,EQ-2,95.94,49.41
2026-05-08T22:40:21.2298050Z,EQ-1,92.86,49.89
2026-05-08T22:40:31.2298050Z,EQ-4,87.45,44.98
2026-05-08T22:40:41.2298050Z,EQ-2,99.88,46.64
2026-05-08T22:40:51.2298050Z,EQ-4,93.79,42.42
2026-05-08T22:41:01.2298050Z,EQ-4,95.39,45.39
2026-05-08T22:41:11.2298050Z,EQ-1,85.11,40.65
2026-05-08T22:41:21.2298050Z,EQ-2,92.52,42.40
2026-05-08T22:41:31.2298050Z,EQ-3,88.37,44.73
2026-05-08T22:41:41.2298050Z,EQ-1,99.38,48.69
2026-05-08T22:41:51.2298050Z,EQ-2,93.54,47.03
2026-05-08T22:42:01.2298050Z,EQ-4,86.07,48.93
2026-05-08T22:42:11.2298050Z,EQ-2,95.67,40.76
2026-05-08T22:42:21.2298050Z,EQ-4,97.16,41.50
2026-05-08T22:42:31.2298050Z,EQ-2,95.64,45.17
2026-05-08T22:42:41.2298050Z,EQ-2,95.92,48.21
2026-05-08T22:42:51.2298050Z,EQ-3,88.70,49.79
2026-05-08T22:43:01.2298050Z,EQ-1,92.37,44.82
2026-05-08T22:43:11.2298050Z,EQ-3,97.45,48.30
2026-05-08T22:43:21.2298050Z,EQ-1,91.43,49.69
2026-05-08T22:43:31.2298050Z,EQ-4,85.72,41.22
2026-05-08T22:43:41.2298050Z,EQ-2,92.36,49.58
2026-05-08T22:43:51.2298050Z,EQ-1,96.10,47.26
2026-05-08T22:44:01.2298050Z,EQ-2,91.46,41.69
2026-05-08T22:44:11.2298050Z,EQ-2,97.35,43.98
2026-05-08T22:44:21.2298050Z,EQ-3,97.14,48.71
2026-05-08T22:44:31.2298050Z,EQ-1,90.91,44.56
2026-05-08T22:44:41.2298050Z,EQ-1,93.81,47.86
2026-05-08T22:44:51.2298050Z,EQ-2,89.75,43.37
2026-05-08T22:45:01.2298050Z,EQ-3,91.57,48.18
2026-05-08T22:45:11.2298050Z,EQ-2,94.82,43.25
2026-05-08T22:45:21.2298050Z,EQ-2,91.95,40.72
2026-05-08T22:45:31.2298050Z,EQ-2,88.26,44.36
2026-05-08T22:45:41.2298050Z,EQ-2,97.84,40.09
2026-05-08T22:45:51.2298050Z,EQ-2,88.56,49.86
2026-05-08T22:46:01.2298050Z,EQ-2,94.60,46.69
2026-05-08T22:46:11.2298050Z,EQ-2,85.55,44.37
2026-05-08T22:46:21.2298050Z,EQ-1,87.31,45.33
2026-05-08T22:46:31.2298050Z,EQ-1,89.14,41.17
2026-05-08T22:46:41.2298050Z,EQ-4,86.57,40.19
2026-05-08T22:46:51.2298050Z,EQ-2,85.26,44.87
2026-05-08T22:47:01.2298050Z,EQ-1,98.69,46.65
2026-05-08T22:47:11.2298050Z,EQ-4,95.02,40.58
2026-05-08T22:47:21.2298050Z,EQ-2,98.24,44.46
2026-05-08T22:47:31.2298050Z,EQ-1,99.37,48.03
2026-05-08T22:47:41.2298050Z,EQ-1,86.10,44.31
2026-05-08T22:47:51.2298050Z,EQ-1,93.20,40.53
2026-05-08T22:48:01.2298050Z,EQ-1,93.74,48.59
2026-05-08T22:48:11.2298050Z,EQ-1,99.91,48.59
2026-05-08T22:48:21.2298050Z,EQ-4,95.49,48.95
2026-05-08T22:48:31.2298050Z,EQ-4,92.69,43.56
2026-05-08T22:48:41.2298050Z,EQ-4,99.83,47.96
2026-05-08T22:48:51.2298050Z,EQ-4,85.19,42.17
2026-05-08T22:49:01.2298050Z,EQ-1,92.35,48.40
2026-05-08T22:49:11.2298050Z,EQ-4,95.83,49.68
2026-05-08T22:49:21.2298050Z,EQ-4,93.80,49.53
2026-05-08T22:49:31.2298050Z,EQ-4,88.38,48.12
2026-05-08T22:49:41.2298050Z,EQ-1,90.53,45.70
2026-05-08T22:49:51.2298050Z,EQ-1,91.12,40.27
2026-05-08T22:50:01.2298050Z,EQ-1,92.77,40.23
2026-05-08T22:50:11.2298050Z,EQ-2,88.88,49.60
2026-05-08T22:50:21.2298050Z,EQ-4,88.54,44.64
2026-05-08T22:50:31.2298050Z,EQ-2,89.96,46.73
2026-05-08T22:50:41.2298050Z,EQ-1,93.35,44.49
2026-05-08T22:50:51.2298050Z,EQ-1,100.00,47.32
2026-05-08T22:51:01.2298050Z,EQ-1,99.02,48.89
2026-05-08T22:51:11.2298050Z,EQ-3,95.00,48.69
2026-05-08T22:51:21.2298050Z,EQ-4,99.08,43.15
2026-05-08T22:51:31.2298050Z,EQ-2,92.92,41.30
2026-05-08T22:51:41.2298050Z,EQ-4,86.53,48.72
2026-05-08T22:51:51.2298050Z,EQ-4,91.27,47.75
2026-05-08T22:52:01.2298050Z,EQ-2,92.31,49.55
2026-05-08T22:52:11.2298050Z,EQ-1,95.99,42.28
2026-05-08T22:52:21.2298050Z,EQ-4,98.22,47.90
2026-05-08T22:52:31.2298050Z,EQ-1,85.52,44.82
2026-05-08T22:52:41.2298050Z,EQ-3,91.14,42.21
2026-05-08T22:52:51.2298050Z,EQ-3,93.57,42.42
2026-05-08T22:53:01.2298050Z,EQ-4,88.86,41.76
2026-05-08T22:53:11.2298050Z,EQ-3,90.55,49.28
2026-05-08T22:53:21.2298050Z,EQ-1,92.87,48.33
2026-05-08T22:53:31.2298050Z,EQ-2,85.46,45.20
2026-05-08T22:53:41.2298050Z,EQ-2,85.94,40.70
2026-05-08T22:53:51.2298050Z,EQ-1,99.40,41.85
2026-05-08T22:54:01.2298050Z,EQ-2,88.17,44.09
2026-05-08T22:54:11.2298050Z,EQ-4,85.45,42.22
2026-05-08T22:54:21.2298050Z,EQ-1,89.80,42.22
2026-05-08T22:54:31.2298050Z,EQ-2,89.87,40.35
2026-05-08T22:54:41.2298050Z,EQ-2,95.72,42.27
2026-05-08T22:54:51.2298050Z,EQ-3,88.37,46.21
2026-05-08T22:55:01.2298050Z,EQ-1,97.80,43.44
2026-05-08T22:55:11.2298050Z,EQ-2,90.52,49.97
2026-05-08T22:55:21.2298050Z,EQ-4,93.95,40.71
2026-05-08T22:55:31.2298050Z,EQ-4,87.10,47.20
2026-05-08T22:55:41.2298050Z,EQ-3,90.02,49.45
2026-05-08T22:55:51.2298050Z,EQ-3,97.52,43.47
2026-05-08T22:56:01.2298050Z,EQ-4,90.55,48.95
2026-05-08T22:56:11.2298050Z,EQ-1,86.78,48.30
2026-05-08T22:56:21.2298050Z,EQ-4,96.50,46.55
2026-05-08T22:56:31.2298050Z,EQ-2,95.13,44.93
2026-05-08T22:56:41.2298050Z,EQ-1,85.56,45.33
2026-05-08T22:56:51.2298050Z,EQ-4,95.87,41.16
2026-05-08T22:57:01.2298050Z,EQ-4,93.72,41.61
2026-05-08T22:57:11.2298050Z,EQ-4,93.70,42.42
2026-05-08T22:57:21.2298050Z,EQ-1,95.80,47.13
2026-05-08T22:57:31.2298050Z,EQ-3,92.17,45.25
2026-05-08T22:57:41.2298050Z,EQ-4,94.07,44.64
2026-05-08T22:57:51.2298050Z,EQ-4,90.83,43.08
2026-05-08T22:58:01.2298050Z,EQ-3,90.57,44.88
2026-05-08T22:58:11.2298050Z,EQ-2,85.02,48.86
2026-05-08T22:58:21.2298050Z,EQ-3,94.14,46.02
2026-05-08T22:58:31.2298050Z,EQ-1,91.14,44.69
2026-05-08T22:58:41.2298050Z,EQ-4,89.55,41.42
2026-05-08T22:58:51.2298050Z,EQ-4,89.96,49.69
2026-05-08T22:59:01.2298050Z,EQ-2,91.96,42.94
2026-05-08T22:59:11.2298050Z,EQ-1,97.60,43.20
2026-05-08T22:59:21.2298050Z,EQ-2,92.98,47.95
2026-05-08T22:59:31.2298050Z,EQ-3,95.18,41.30
2026-05-08T22:59:41.2298050Z,EQ-4,96.00,44.33
2026-05-08T22:59:51.2298050Z,EQ-2,98.32,40.65
2026-05-08T23:00:01.2298050Z,EQ-2,95.17,46.99
2026-05-08T23:00:11.2298050Z,EQ-4,90.01,49.85
2026-05-08T23:00:21.2298050Z,EQ-4,98.79,41.07
2026-05-08T23:00:31.2298050Z,EQ-3,89.77,45.22
2026-05-08T23:00:41.2298050Z,EQ-1,99.09,40.73
2026-05-08T23:00:51.2298050Z,EQ-2,94.79,49.54
2026-05-08T23:01:01.2298050Z,EQ-2,97.52,41.44
2026-05-08T23:01:11.2298050Z,EQ-3,95.82,47.09
2026-05-08T23:01:21.2298050Z,EQ-3,99.49,44.36
2026-05-08T23:01:31.2298050Z,EQ-3,91.54,49.13
2026-05-08T23:01:41.2298050Z,EQ-1,85.45,49.19
2026-05-08T23:01:51.2298050Z,EQ-2,86.96,45.63
2026-05-08T23:02:01.2298050Z,EQ-1,98.91,47.71
2026-05-08T23:02:11.2298050Z,EQ-4,92.51,46.48
2026-05-08T23:02:21.2298050Z,EQ-2,86.59,44.52
2026-05-08T23:02:31.2298050Z,EQ-4,86.43,40.36
2026-05-08T23:02:41.2298050Z,EQ-3,96.71,47.94
2026-05-08T23:02:51.2298050Z,EQ-3,96.31,44.59
2026-05-08T23:03:01.2298050Z,EQ-3,91.47,49.17
2026-05-08T23:03:11.2298050Z,EQ-2,92.01,44.74
2026-05-08T23:03:21.2298050Z,EQ-1,93.73,42.29
2026-05-08T23:03:31.2298050Z,EQ-2,91.77,44.29
2026-05-08T23:03:41.2298050Z,EQ-3,92.66,42.91
2026-05-08T23:03:51.2298050Z,EQ-4,89.67,49.78
2026-05-08T23:04:01.2298050Z,EQ-2,85.86,47.14
2026-05-08T23:04:11.2298050Z,EQ-1,96.35,43.22
2026-05-08T23:04:21.2298050Z,EQ-2,91.29,46.92
2026-05-08T23:04:31.2298050Z,EQ-1,92.95,46.88
2026-05-08T23:04:41.2298050Z,EQ-4,93.78,43.49
2026-05-08T23:04:51.2298050Z,EQ-1,87.94,40.35
2026-05-08T23:05:01.2298050Z,EQ-3,95.58,48.85
2026-05-08T23:05:11.2298050Z,EQ-2,94.24,49.58
2026-05-08T23:05:21.2298050Z,EQ-3,98.90,42.39
2026-05-08T23:05:31.2298050Z,EQ-1,87.40,42.95
2026-05-08T23:05:41.2298050Z,EQ-1,99.03,41.24
2026-05-08T23:05:51.2298050Z,EQ-1,98.43,44.30
2026-05-08T23:06:01.2298050Z,EQ-2,96.12,40.23
2026-05-08T23:06:11.2298050Z,EQ-3,87.36,49.54
2026-05-08T23:06:21.2298050Z,EQ-4,95.59,40.48
2026-05-08T23:06:31.2298050Z,EQ-3,92.85,43.69
2026-05-08T23:06:41.2298050Z,EQ-1,94.85,43.56
2026-05-08T23:06:51.2298050Z,EQ-1,85.78,46.50
2026-05-08T23:07:01.2298050Z,EQ-2,94.07,44.03
2026-05-08T23:07:11.2298050Z,EQ-4,96.41,45.75
2026-05-08T23:07:21.2298050Z,EQ-4,88.64,45.92
2026-05-08T23:07:31.2298050Z,EQ-3,97.91,45.42
2026-05-08T23:07:41.2298050Z,EQ-2,91.18,48.88
2026-05-08T23:07:51.2298050Z,EQ-1,88.71,43.97
2026-05-08T23:08:01.2298050Z,EQ-3,96.53,42.36
2026-05-08T23:08:11.2298050Z,EQ-2,96.20,43.96
2026-05-08T23:08:21.2298050Z,EQ-2,98.90,42.65
2026-05-08T23:08:31.2298050Z,EQ-2,96.60,46.34
2026-05-08T23:08:41.2298050Z,EQ-4,86.31,44.02
2026-05-08T23:08:51.2298050Z,EQ-4,88.86,45.17
2026-05-08T23:09:01.2298050Z,EQ-4,94.21,46.68
2026-05-08T23:09:11.2298050Z,EQ-3,91.02,42.89
2026-05-08T23:09:21.2298050Z,EQ-1,96.82,41.81
2026-05-08T23:09:31.2298050Z,EQ-2,90.54,48.11
2026-05-08T23:09:41.2298050Z,EQ-2,96.17,46.58
2026-05-08T23:09:51.2298050Z,EQ-2,86.18,48.68
2026-05-08T23:10:01.2298050Z,EQ-4,96.25,42.04
2026-05-08T23:10:11.2298050Z,EQ-3,85.45,49.43
2026-05-08T23:10:21.2298050Z,EQ-4,98.70,40.15
2026-05-08T23:10:31.2298050Z,EQ-1,96.97,47.83
2026-05-08T23:10:41.2298050Z,EQ-2,95.99,43.68
2026-05-08T23:10:51.2298050Z,EQ-3,94.25,49.09
2026-05-08T23:11:01.2298050Z,EQ-4,85.30,49.57
2026-05-08T23:11:11.2298050Z,EQ-4,91.04,45.71
2026-05-08T23:11:21.2298050Z,EQ-2,96.06,45.67
2026-05-08T23:11:31.2298050Z,EQ-2,88.42,43.34
2026-05-08T23:11:41.2298050Z,EQ-2,92.45,49.26
2026-05-08T23:11:51.2298050Z,EQ-2,94.78,48.97
2026-05-08T23:12:01.2298050Z,EQ-2,97.57,48.12
2026-05-08T23:12:11.2298050Z,EQ-1,91.08,44.53
2026-05-08T23:12:21.2298050Z,EQ-3,96.27,48.80
2026-05-08T23:12:31.2298050Z,EQ-4,85.75,43.34
2026-05-08T23:12:41.2298050Z,EQ-3,95.57,44.26
2026-05-08T23:12:51.2298050Z,EQ-1,88.69,45.78
2026-05-08T23:13:01.2298050Z,EQ-1,96.72,44.15
2026-05-08T23:13:11.2298050Z,EQ-3,87.41,43.76
2026-05-08T23:13:21.2298050Z,EQ-3,85.23,48.92
2026-05-08T23:13:31.2298050Z,EQ-1,85.17,43.25
2026-05-08T23:13:41.2298050Z,EQ-2,98.28,45.33
2026-05-08T23:13:51.2298050Z,EQ-4,93.63,40.44
2026-05-08T23:14:01.2298050Z,EQ-2,98.18,43.54
2026-05-08T23:14:11.2298050Z,EQ-1,91.24,40.54
2026-05-08T23:14:21.2298050Z,EQ-1,98.28,46.51
2026-05-08T23:14:31.2298050Z,EQ-1,99.24,48.37
2026-05-08T23:14:41.2298050Z,EQ-4,97.84,42.74
2026-05-08T23:14:51.2298050Z,EQ-3,99.40,40.75
2026-05-08T23:15:01.2298050Z,EQ-1,98.21,42.43
2026-05-08T23:15:11.2298050Z,EQ-4,90.92,44.38
2026-05-08T23:15:21.2298050Z,EQ-2,93.90,46.46
2026-05-08T23:15:31.2298050Z,EQ-2,99.23,46.52
2026-05-08T23:15:41.2298050Z,EQ-4,91.93,44.54
2026-05-08T23:15:51.2298050Z,EQ-2,97.32,44.07
2026-05-08T23:16:01.2298050Z,EQ-4,90.87,49.55
2026-05-08T23:16:11.2298050Z,EQ-2,99.64,48.60
2026-05-08T23:16:21.2298050Z,EQ-4,93.31,47.74
2026-05-08T23:16:31.2298050Z,EQ-3,96.69,46.67
2026-05-08T23:16:41.2298050Z,EQ-1,89.72,44.25
2026-05-08T23:16:51.2298050Z,EQ-2,90.96,43.69
2026-05-08T23:17:01.2298050Z,EQ-1,85.30,48.44
2026-05-08T23:17:11.2298050Z,EQ-4,87.92,49.64
2026-05-08T23:17:21.2298050Z,EQ-4,98.70,42.44
2026-05-08T23:17:31.2298050Z,EQ-4,92.67,41.74
2026-05-08T23:17:41.2298050Z,EQ-2,85.25,45.25
2026-05-08T23:17:51.2298050Z,EQ-1,96.09,46.79
2026-05-08T23:18:01.2298050Z,EQ-4,91.39,43.50
2026-05-08T23:18:11.2298050Z,EQ-3,92.89,43.05
2026-05-08T23:18:21.2298050Z,EQ-4,94.36,46.01
2026-05-08T23:18:31.2298050Z,EQ-2,94.55,44.22
2026-05-08T23:18:41.2298050Z,EQ-1,97.89,41.26
2026-05-08T23:18:51.2298050Z,EQ-1,87.91,46.34
2026-05-08T23:19:01.2298050Z,EQ-2,94.14,44.20
2026-05-08T23:19:11.2298050Z,EQ-1,99.69,46.31
2026-05-08T23:19:21.2298050Z,EQ-2,87.09,48.58
2026-05-08T23:19:31.2298050Z,EQ-1,95.26,47.53
2026-05-08T23:19:41.2298050Z,EQ-3,88.72,49.95
2026-05-08T23:19:51.2298050Z,EQ-2,88.13,49.04
2026-05-08T23:20:01.2298050Z,EQ-4,92.74,40.00
2026-05-08T23:20:11.2298050Z,EQ-4,89.45,44.90
2026-05-08T23:20:21.2298050Z,EQ-4,86.27,47.48
2026-05-08T23:20:31.2298050Z,EQ-1,92.95,49.86
2026-05-08T23:20:41.2298050Z,EQ-2,89.89,42.01
2026-05-08T23:20:51.2298050Z,EQ-4,88.80,44.46
2026-05-08T23:21:01.2298050Z,EQ-1,88.83,43.44
2026-05-08T23:21:11.2298050Z,EQ-1,85.83,46.47
2026-05-08T23:21:21.2298050Z,EQ-4,95.64,45.68
2026-05-08T23:21:31.2298050Z,EQ-4,99.21,41.68
2026-05-08T23:21:41.2298050Z,EQ-1,87.43,46.46
2026-05-08T23:21:51.2298050Z,EQ-2,96.71,40.22
2026-05-08T23:22:01.2298050Z,EQ-3,97.65,48.19
2026-05-08T23:22:11.2298050Z,EQ-4,98.47,49.63
2026-05-08T23:22:21.2298050Z,EQ-4,87.50,48.19
2026-05-08T23:22:31.2298050Z,EQ-4,98.74,46.69
2026-05-08T23:22:41.2298050Z,EQ-1,96.47,43.04
2026-05-08T23:22:51.2298050Z,EQ-3,97.17,48.32
2026-05-08T23:23:01.2298050Z,EQ-4,96.27,48.47
2026-05-08T23:23:11.2298050Z,EQ-2,90.75,44.35
2026-05-08T23:23:21.2298050Z,EQ-1,91.15,45.10
2026-05-08T23:23:31.2298050Z,EQ-4,95.32,42.61
2026-05-08T23:23:41.2298050Z,EQ-2,94.49,47.91
2026-05-08T23:23:51.2298050Z,EQ-2,87.23,46.72
2026-05-08T23:24:01.2298050Z,EQ-4,96.85,47.15
2026-05-08T23:24:11.2298050Z,EQ-1,92.53,45.93
2026-05-08T23:24:21.2298050Z,EQ-3,90.99,40.31
2026-05-08T23:24:31.2298050Z,EQ-1,92.65,49.32
2026-05-08T23:24:41.2298050Z,EQ-2,89.38,43.95
2026-05-08T23:24:51.2298050Z,EQ-4,96.92,47.05
2026-05-08T23:25:01.2298050Z,EQ-2,85.93,42.90
2026-05-08T23:25:11.2298050Z,EQ-4,90.34,49.17
2026-05-08T23:25:21.2298050Z,EQ-3,94.29,41.12
2026-05-08T23:25:31.2298050Z,EQ-4,95.55,47.65
2026-05-08T23:25:41.2298050Z,EQ-1,88.38,40.80
2026-05-08T23:25:51.2298050Z,EQ-1,93.66,42.20
2026-05-08T23:26:01.2298050Z,EQ-1,89.04,46.76
2026-05-08T23:26:11.2298050Z,EQ-4,98.29,48.69
2026-05-08T23:26:21.2298050Z,EQ-3,92.12,42.49
2026-05-08T23:26:31.2298050Z,EQ-3,89.78,43.18
2026-05-08T23:26:41.2298050Z,EQ-1,88.98,40.31
2026-05-08T23:26:51.2298050Z,EQ-2,91.31,40.37
2026-05-08T23:27:01.2298050Z,EQ-2,88.88,49.98
2026-05-08T23:27:11.2298050Z,EQ-1,95.41,41.66
2026-05-08T23:27:21.2298050Z,EQ-3,90.71,42.23
2026-05-08T23:27:31.2298050Z,EQ-1,98.76,42.27
2026-05-08T23:27:41.2298050Z,EQ-3,94.02,40.14
2026-05-08T23:27:51.2298050Z,EQ-3,96.44,40.56
2026-05-08T23:28:01.2298050Z,EQ-1,86.09,43.81
2026-05-08T23:28:11.2298050Z,EQ-1,97.68,42.18
2026-05-08T23:28:21.2298050Z,EQ-2,93.37,46.59
2026-05-08T23:28:31.2298050Z,EQ-4,86.54,40.31
2026-05-08T23:28:41.2298050Z,EQ-1,86.97,44.49
2026-05-08T23:28:51.2298050Z,EQ-2,93.06,49.19
2026-05-08T23:29:01.2298050Z,EQ-1,91.11,40.94
2026-05-08T23:29:11.2298050Z,EQ-1,98.26,43.48
2026-05-08T23:29:21.2298050Z,EQ-2,86.08,46.94
2026-05-08T23:29:31.2298050Z,EQ-4,86.54,46.52
2026-05-08T23:29:41.2298050Z,EQ-3,88.20,43.18
2026-05-08T23:29:51.2298050Z,EQ-1,99.66,45.07
2026-05-08T23:30:01.2298050Z,EQ-2,89.76,40.24
2026-05-08T23:30:11.2298050Z,EQ-2,95.42,42.68
2026-05-08T23:30:21.2298050Z,EQ-2,99.27,43.09
2026-05-08T23:30:31.2298050Z,EQ-1,97.58,47.33
2026-05-08T23:30:41.2298050Z,EQ-3,94.22,46.49
2026-05-08T23:30:51.2298050Z,EQ-3,91.97,45.90
2026-05-08T23:31:01.2298050Z,EQ-4,97.00,49.04
2026-05-08T23:31:11.2298050Z,EQ-4,91.29,44.45
2026-05-08T23:31:21.2298050Z,EQ-4,97.03,41.45
2026-05-08T23:31:31.2298050Z,EQ-1,92.54,47.73
2026-05-08T23:31:41.2298050Z,EQ-4,92.85,48.26
2026-05-08T23:31:51.2298050Z,EQ-1,89.67,42.66
2026-05-08T23:32:01.2298050Z,EQ-1,94.25,46.19
2026-05-08T23:32:11.2298050Z,EQ-4,95.53,49.33
2026-05-08T23:32:21.2298050Z,EQ-1,97.29,49.02
2026-05-08T23:32:31.2298050Z,EQ-4,91.35,49.65
2026-05-08T23:32:41.2298050Z,EQ-3,87.99,49.47
2026-05-08T23:32:51.2298050Z,EQ-3,95.72,48.92
2026-05-08T23:33:01.2298050Z,EQ-4,85.78,44.93
2026-05-08T23:33:11.2298050Z,EQ-4,89.23,49.90
2026-05-08T23:33:21.2298050Z,EQ-4,88.72,43.76
2026-05-08T23:33:31.2298050Z,EQ-2,95.59,45.18
2026-05-08T23:33:41.2298050Z,EQ-3,99.95,47.53
2026-05-08T23:33:51.2298050Z,EQ-4,87.78,41.19
2026-05-08T23:34:01.2298050Z,EQ-4,87.84,44.14
2026-05-08T23:34:11.2298050Z,EQ-4,86.91,40.70
2026-05-08T23:34:21.2298050Z,EQ-1,91.86,42.00
2026-05-08T23:34:31.2298050Z,EQ-4,89.79,46.75
2026-05-08T23:34:41.2298050Z,EQ-2,88.42,47.42
2026-05-08T23:34:51.2298050Z,EQ-4,90.14,47.44
2026-05-08T23:35:01.2298050Z,EQ-1,96.93,46.20
2026-05-08T23:35:11.2298050Z,EQ-2,87.26,43.57
2026-05-08T23:35:21.2298050Z,EQ-4,96.85,43.86
2026-05-08T23:35:31.2298050Z,EQ-3,87.97,40.82
2026-05-08T23:35:41.2298050Z,EQ-4,92.18,43.32
2026-05-08T23:35:51.2298050Z,EQ-3,91.36,49.21
2026-05-08T23:36:01.2298050Z,EQ-3,89.79,47.45
2026-05-08T23:36:11.2298050Z,EQ-3,95.10,43.63
2026-05-08T23:36:21.2298050Z,EQ-1,87.83,41.41
2026-05-08T23:36:31.2298050Z,EQ-2,91.09,41.91
2026-05-08T23:36:41.2298050Z,EQ-3,86.38,42.70
2026-05-08T23:36:51.2298050Z,EQ-3,86.01,40.10
2026-05-08T23:37:01.2298050Z,EQ-1,95.88,49.19
2026-05-08T23:37:11.2298050Z,EQ-3,88.97,45.87
2026-05-08T23:37:21.2298050Z,EQ-2,96.90,41.63
2026-05-08T23:37:31.2298050Z,EQ-4,95.19,43.79
2026-05-08T23:37:41.2298050Z,EQ-2,93.15,43.51
2026-05-08T23:37:51.2298050Z,EQ-3,93.39,43.60
2026-05-08T23:38:01.2298050Z,EQ-1,85.64,40.73
2026-05-08T23:38:11.2298050Z,EQ-4,95.49,47.40
2026-05-08T23:38:21.2298050Z,EQ-2,85.46,46.02
2026-05-08T23:38:31.2298050Z,EQ-4,99.33,47.66
2026-05-08T23:38:41.2298050Z,EQ-3,86.98,45.11
2026-05-08T23:38:51.2298050Z,EQ-3,98.94,49.65
2026-05-08T23:39:01.2298050Z,EQ-3,88.96,41.52
2026-05-08T23:39:11.2298050Z,EQ-3,93.88,42.10
2026-05-08T23:39:21.2298050Z,EQ-3,87.83,44.13
2026-05-08T23:39:31.2298050Z,EQ-4,85.86,42.14
2026-05-08T23:39:41.2298050Z,EQ-3,90.83,43.52
2026-05-08T23:39:51.2298050Z,EQ-2,91.71,49.36
2026-05-08T23:40:01.2298050Z,EQ-4,96.51,49.27
2026-05-08T23:40:11.2298050Z,EQ-1,92.26,49.45
2026-05-08T23:40:21.2298050Z,EQ-4,95.25,43.37
2026-05-08T23:40:31.2298050Z,EQ-4,95.14,47.69
2026-05-08T23:40:41.2298050Z,EQ-2,89.89,45.88
2026-05-08T23:40:51.2298050Z,EQ-3,90.10,48.20
2026-05-08T23:41:01.2298050Z,EQ-3,98.05,47.24
2026-05-08T23:41:11.2298050Z,EQ-2,99.02,42.77
2026-05-08T23:41:21.2298050Z,EQ-3,89.27,48.77
2026-05-08T23:41:31.2298050Z,EQ-1,93.66,43.99
2026-05-08T23:41:41.2298050Z,EQ-1,92.77,46.66
2026-05-08T23:41:51.2298050Z,EQ-4,88.96,47.08
2026-05-08T23:42:01.2298050Z,EQ-4,97.14,43.28
2026-05-08T23:42:11.2298050Z,EQ-1,94.15,40.44
2026-05-08T23:42:21.2298050Z,EQ-1,95.49,45.89
2026-05-08T23:42:31.2298050Z,EQ-2,91.78,44.30
2026-05-08T23:42:41.2298050Z,EQ-4,98.49,48.74
2026-05-08T23:42:51.2298050Z,EQ-4,87.81,41.43
2026-05-08T23:43:01.2298050Z,EQ-1,95.45,49.45
2026-05-08T23:43:11.2298050Z,EQ-1,85.93,47.80
2026-05-08T23:43:21.2298050Z,EQ-4,96.73,41.84
2026-05-08T23:43:31.2298050Z,EQ-3,99.49,48.11
2026-05-08T23:43:41.2298050Z,EQ-1,97.85,40.37
2026-05-08T23:43:51.2298050Z,EQ-3,93.57,47.73
2026-05-08T23:44:01.2298050Z,EQ-1,89.90,46.37
2026-05-08T23:44:11.2298050Z,EQ-2,93.80,42.00
2026-05-08T23:44:21.2298050Z,EQ-2,85.68,45.31
2026-05-08T23:44:31.2298050Z,EQ-1,97.17,47.36
2026-05-08T23:44:41.2298050Z,EQ-1,95.35,48.55
2026-05-08T23:44:51.2298050Z,EQ-3,90.72,48.66
2026-05-08T23:45:01.2298050Z,EQ-4,92.77,40.96
2026-05-08T23:45:11.2298050Z,EQ-4,94.59,42.36
2026-05-08T23:45:21.2298050Z,EQ-3,92.67,45.41
2026-05-08T23:45:31.2298050Z,EQ-3,97.36,46.90
2026-05-08T23:45:41.2298050Z,EQ-1,87.16,41.90
2026-05-08T23:45:51.2298050Z,EQ-2,98.85,49.71
2026-05-08T23:46:01.2298050Z,EQ-3,92.94,42.72
2026-05-08T23:46:11.2298050Z,EQ-3,94.73,48.15
2026-05-08T23:46:21.2298050Z,EQ-2,96.93,44.27
2026-05-08T23:46:31.2298050Z,EQ-1,90.34,43.01
2026-05-08T23:46:41.2298050Z,EQ-4,97.61,47.75
2026-05-08T23:46:51.2298050Z,EQ-3,85.95,49.07
2026-05-08T23:47:01.2298050Z,EQ-4,88.64,46.53
2026-05-08T23:47:11.2298050Z,EQ-2,87.49,43.50
2026-05-08T23:47:21.2298050Z,EQ-3,98.97,40.28
2026-05-08T23:47:31.2298050Z,EQ-2,93.61,40.47
2026-05-08T23:47:41.2298050Z,EQ-4,99.22,43.11
2026-05-08T23:47:51.2298050Z,EQ-2,94.75,48.99
2026-05-08T23:48:01.2298050Z,EQ-1,99.99,43.11
2026-05-08T23:48:11.2298050Z,EQ-1,86.62,49.97
2026-05-08T23:48:21.2298050Z,EQ-3,89.86,42.92
2026-05-08T23:48:31.2298050Z,EQ-2,96.22,40.91
2026-05-08T23:48:41.2298050Z,EQ-4,95.27,46.61
2026-05-08T23:48:51.2298050Z,EQ-4,94.70,47.30
2026-05-08T23:49:01.2298050Z,EQ-4,86.64,43.13
2026-05-08T23:49:11.2298050Z,EQ-2,94.97,45.80
2026-05-08T23:49:21.2298050Z,EQ-4,98.90,40.33
2026-05-08T23:49:31.2298050Z,EQ-2,92.86,47.47
2026-05-08T23:49:41.2298050Z,EQ-2,98.77,43.70
2026-05-08T23:49:51.2298050Z,EQ-1,92.94,46.47
2026-05-08T23:50:01.2298050Z,EQ-2,99.86,49.70
2026-05-08T23:50:11.2298050Z,EQ-1,98.57,47.77
2026-05-08T23:50:21.2298050Z,EQ-4,96.73,47.42
2026-05-08T23:50:31.2298050Z,EQ-1,90.83,47.39
2026-05-08T23:50:41.2298050Z,EQ-3,98.95,40.75
2026-05-08T23:50:51.2298050Z,EQ-4,98.52,40.42
2026-05-08T23:51:01.2298050Z,EQ-3,86.69,42.73
2026-05-08T23:51:11.2298050Z,EQ-3,87.44,48.42
2026-05-08T23:51:21.2298050Z,EQ-4,96.33,48.44
2026-05-08T23:51:31.2298050Z,EQ-3,86.25,48.87
2026-05-08T23:51:41.2298050Z,EQ-2,94.20,42.97
2026-05-08T23:51:51.2298050Z,EQ-2,92.93,45.37
2026-05-08T23:52:01.2298050Z,EQ-1,92.00,41.12
2026-05-08T23:52:11.2298050Z,EQ-2,87.99,44.84
2026-05-08T23:52:21.2298050Z,EQ-3,86.53,41.74
2026-05-08T23:52:31.2298050Z,EQ-1,85.96,40.03
2026-05-08T23:52:41.2298050Z,EQ-4,92.93,47.61
2026-05-08T23:52:51.2298050Z,EQ-2,90.14,43.37
2026-05-08T23:53:01.2298050Z,EQ-1,91.30,43.91
2026-05-08T23:53:11.2298050Z,EQ-4,92.76,47.71
2026-05-08T23:53:21.2298050Z,EQ-3,88.70,45.77
2026-05-08T23:53:31.2298050Z,EQ-1,98.37,43.60
2026-05-08T23:53:41.2298050Z,EQ-3,86.02,49.06
2026-05-08T23:53:51.2298050Z,EQ-3,92.63,49.27
2026-05-08T23:54:01.2298050Z,EQ-3,85.36,45.11
2026-05-08T23:54:11.2298050Z,EQ-4,91.56,42.27
2026-05-08T23:54:21.2298050Z,EQ-1,89.58,40.15
2026-05-08T23:54:31.2298050Z,EQ-1,85.36,48.70
2026-05-08T23:54:41.2298050Z,EQ-3,98.59,47.73
2026-05-08T23:54:51.2298050Z,EQ-2,98.18,48.99
2026-05-08T23:55:01.2298050Z,EQ-4,90.86,44.73
2026-05-08T23:55:11.2298050Z,EQ-3,88.45,48.49
2026-05-08T23:55:21.2298050Z,EQ-4,93.92,46.19
2026-05-08T23:55:31.2298050Z,EQ-3,98.84,47.94
2026-05-08T23:55:41.2298050Z,EQ-2,98.45,46.88
2026-05-08T23:55:51.2298050Z,EQ-3,98.15,43.27
2026-05-08T23:56:01.2298050Z,EQ-4,97.43,49.67
2026-05-08T23:56:11.2298050Z,EQ-4,89.65,44.17
2026-05-08T23:56:21.2298050Z,EQ-2,99.35,49.14
2026-05-08T23:56:31.2298050Z,EQ-1,92.53,42.73
2026-05-08T23:56:41.2298050Z,EQ-1,88.78,49.37
2026-05-08T23:56:51.2298050Z,EQ-3,95.32,41.12
2026-05-08T23:57:01.2298050Z,EQ-1,94.78,40.60
2026-05-08T23:57:11.2298050Z,EQ-3,97.34,49.54
2026-05-08T23:57:21.2298050Z,EQ-3,89.18,42.16
2026-05-08T23:57:31.2298050Z,EQ-3,96.57,41.81
2026-05-08T23:57:41.2298050Z,EQ-1,100.00,47.82
2026-05-08T23:57:51.2298050Z,EQ-3,98.32,40.42
2026-05-08T23:58:01.2298050Z,EQ-4,94.89,47.92
2026-05-08T23:58:11.2298050Z,EQ-2,87.67,44.95
2026-05-08T23:58:21.2298050Z,EQ-3,88.31,47.79
2026-05-08T23:58:31.2298050Z,EQ-4,88.57,49.06
2026-05-08T23:58:41.2298050Z,EQ-1,97.86,48.23
2026-05-08T23:58:51.2298050Z,EQ-2,90.26,41.60
2026-05-08T23:59:01.2298050Z,EQ-3,91.47,46.07
2026-05-08T23:59:11.2298050Z,EQ-2,86.72,44.93
2026-05-08T23:59:21.2298050Z,EQ-2,96.93,47.16
2026-05-08T23:59:31.2298050Z,EQ-4,98.84,44.49
2026-05-08T23:59:41.2298050Z,EQ-2,87.45,43.61
2026-05-08T23:59:51.2298050Z,EQ-1,85.57,46.99
2026-05-09T00:00:01.2298050Z,EQ-2,88.59,42.77
2026-05-09T00:00:11.2298050Z,EQ-2,93.17,46.70
2026-05-09T00:00:21.2298050Z,EQ-3,94.04,46.62
2026-05-09T00:00:31.2298050Z,EQ-4,91.26,46.53
2026-05-09T00:00:41.2298050Z,EQ-3,93.92,44.89
2026-05-09T00:00:51.2298050Z,EQ-2,85.07,41.91
2026-05-09T00:01:01.2298050Z,EQ-4,89.79,49.71
2026-05-09T00:01:11.2298050Z,EQ-1,99.42,41.40
2026-05-09T00:01:21.2298050Z,EQ-3,95.38,46.16
2026-05-09T00:01:31.2298050Z,EQ-3,91.82,48.81
2026-05-09T00:01:41.2298050Z,EQ-1,85.70,46.58
2026-05-09T00:01:51.2298050Z,EQ-3,96.20,43.84
2026-05-09T00:02:01.2298050Z,EQ-2,92.66,41.35
2026-05-09T00:02:11.2298050Z,EQ-3,95.68,48.67
2026-05-09T00:02:21.2298050Z,EQ-3,98.43,40.85
2026-05-09T00:02:31.2298050Z,EQ-4,95.62,45.31
2026-05-09T00:02:41.2298050Z,EQ-1,94.43,46.97
2026-05-09T00:02:51.2298050Z,EQ-2,98.07,48.20
2026-05-09T00:03:01.2298050Z,EQ-1,85.61,41.83
2026-05-09T00:03:11.2298050Z,EQ-4,98.08,44.60
2026-05-09T00:03:21.2298050Z,EQ-1,86.12,40.54
2026-05-09T00:03:31.2298050Z,EQ-3,99.22,42.71
2026-05-09T00:03:41.2298050Z,EQ-4,87.57,45.97
2026-05-09T00:03:51.2298050Z,EQ-3,91.56,44.00
2026-05-09T00:04:01.2298050Z,EQ-2,94.41,40.56
2026-05-09T00:04:11.2298050Z,EQ-1,97.24,40.41
2026-05-09T00:04:21.2298050Z,EQ-2,99.03,42.93
2026-05-09T00:04:31.2298050Z,EQ-2,88.61,41.23
2026-05-09T00:04:41.2298050Z,EQ-4,88.31,43.51
2026-05-09T00:04:51.2298050Z,EQ-2,85.14,45.90
2026-05-09T00:05:01.2298050Z,EQ-4,86.28,40.55
2026-05-09T00:05:11.2298050Z,EQ-4,97.21,44.98
2026-05-09T00:05:21.2298050Z,EQ-4,99.12,49.55
2026-05-09T00:05:31.2298050Z,EQ-1,95.57,42.64
2026-05-09T00:05:41.2298050Z,EQ-2,90.04,41.12
2026-05-09T00:05:51.2298050Z,EQ-3,99.93,46.37
2026-05-09T00:06:01.2298050Z,EQ-2,99.87,49.71
2026-05-09T00:06:11.2298050Z,EQ-4,97.08,49.50
2026-05-09T00:06:21.2298050Z,EQ-1,89.35,47.53
2026-05-09T00:06:31.2298050Z,EQ-1,97.92,49.05
2026-05-09T00:06:41.2298050Z,EQ-3,95.85,47.81
2026-05-09T00:06:51.2298050Z,EQ-4,97.18,44.30
2026-05-09T00:07:01.2298050Z,EQ-3,94.88,44.09
2026-05-09T00:07:11.2298050Z,EQ-1,91.11,46.30
2026-05-09T00:07:21.2298050Z,EQ-3,98.28,40.43
2026-05-09T00:07:31.2298050Z,EQ-4,86.47,44.67
2026-05-09T00:07:41.2298050Z,EQ-2,85.58,47.75
2026-05-09T00:07:51.2298050Z,EQ-3,97.02,44.04
2026-05-09T00:08:01.2298050Z,EQ-2,96.39,46.96
2026-05-09T00:08:11.2298050Z,EQ-1,85.29,44.63
2026-05-09T00:08:21.2298050Z,EQ-4,85.85,46.01
2026-05-09T00:08:31.2298050Z,EQ-1,87.43,48.85
2026-05-09T00:08:41.2298050Z,EQ-2,99.31,48.28
2026-05-09T00:08:51.2298050Z,EQ-2,87.67,45.00
2026-05-09T00:09:01.2298050Z,EQ-3,88.18,47.93
2026-05-09T00:09:11.2298050Z,EQ-2,92.40,45.18
2026-05-09T00:09:21.2298050Z,EQ-2,88.84,42.29
2026-05-09T00:09:31.2298050Z,EQ-1,93.75,46.79
2026-05-09T00:09:41.2298050Z,EQ-4,99.57,47.63
2026-05-09T00:09:51.2298050Z,EQ-1,98.37,46.82
2026-05-09T00:10:01.2298050Z,EQ-4,88.92,40.95
2026-05-09T00:10:11.2298050Z,EQ-1,95.48,47.84
2026-05-09T00:10:21.2298050Z,EQ-1,93.28,45.13
2026-05-09T00:10:31.2298050Z,EQ-4,96.93,41.06
2026-05-09T00:10:41.2298050Z,EQ-1,93.04,47.58
2026-05-09T00:10:51.2298050Z,EQ-3,96.16,42.94
2026-05-09T00:11:01.2298050Z,EQ-2,89.57,42.43
2026-05-09T00:11:11.2298050Z,EQ-2,85.37,49.08
2026-05-09T00:11:21.2298050Z,EQ-2,99.18,44.17
2026-05-09T00:11:31.2298050Z,EQ-3,88.67,42.65
2026-05-09T00:11:41.2298050Z,EQ-3,87.38,47.34
2026-05-09T00:11:51.2298050Z,EQ-4,94.56,42.95
2026-05-09T00:12:01.2298050Z,EQ-1,94.78,41.96
2026-05-09T00:12:11.2298050Z,EQ-2,86.29,48.49
2026-05-09T00:12:21.2298050Z,EQ-1,90.00,48.39
2026-05-09T00:12:31.2298050Z,EQ-3,96.43,41.77
2026-05-09T00:12:41.2298050Z,EQ-1,89.53,48.88
2026-05-09T00:12:51.2298050Z,EQ-3,86.76,40.71
2026-05-09T00:13:01.2298050Z,EQ-2,88.63,40.15
2026-05-09T00:13:11.2298050Z,EQ-3,99.44,46.12
2026-05-09T00:13:21.2298050Z,EQ-1,94.24,46.48
2026-05-09T00:13:31.2298050Z,EQ-4,87.91,41.15
2026-05-09T00:13:41.2298050Z,EQ-2,85.04,46.92
2026-05-09T00:13:51.2298050Z,EQ-2,87.41,48.10
2026-05-09T00:14:01.2298050Z,EQ-2,98.65,41.39
2026-05-09T00:14:11.2298050Z,EQ-3,89.23,41.44
2026-05-09T00:14:21.2298050Z,EQ-3,93.36,43.40
2026-05-09T00:14:31.2298050Z,EQ-2,88.46,45.14
2026-05-09T00:14:41.2298050Z,EQ-4,88.14,47.66
2026-05-09T00:14:51.2298050Z,EQ-4,87.60,44.58
2026-05-09T00:15:01.2298050Z,EQ-3,85.34,40.24
2026-05-09T00:15:11.2298050Z,EQ-4,91.85,40.46
2026-05-09T00:15:21.2298050Z,EQ-4,89.89,48.13
2026-05-09T00:15:31.2298050Z,EQ-3,97.62,43.57
2026-05-09T00:15:41.2298050Z,EQ-4,95.57,47.52
2026-05-09T00:15:51.2298050Z,EQ-3,89.47,42.97
2026-05-09T00:16:01.2298050Z,EQ-1,94.01,45.28
2026-05-09T00:16:11.2298050Z,EQ-1,85.34,44.95
2026-05-09T00:16:21.2298050Z,EQ-1,92.67,44.04
2026-05-09T00:16:31.2298050Z,EQ-3,87.76,46.73
2026-05-09T00:16:41.2298050Z,EQ-3,95.66,47.47
2026-05-09T00:16:51.2298050Z,EQ-3,86.17,44.20
2026-05-09T00:17:01.2298050Z,EQ-1,96.86,46.60
2026-05-09T00:17:11.2298050Z,EQ-1,88.21,43.58
2026-05-09T00:17:21.2298050Z,EQ-4,98.67,43.83
2026-05-09T00:17:31.2298050Z,EQ-2,85.28,45.66
2026-05-09T00:17:41.2298050Z,EQ-2,92.35,44.74
2026-05-09T00:17:51.2298050Z,EQ-3,89.24,41.07
2026-05-09T00:18:01.2298050Z,EQ-2,85.83,49.13
2026-05-09T00:18:11.2298050Z,EQ-3,87.78,42.34
2026-05-09T00:18:21.2298050Z,EQ-1,96.20,48.67
2026-05-09T00:18:31.2298050Z,EQ-1,95.84,40.17
2026-05-09T00:18:41.2298050Z,EQ-4,90.09,41.60
2026-05-09T00:18:51.2298050Z,EQ-2,94.82,45.45
2026-05-09T00:19:01.2298050Z,EQ-4,95.84,45.22
2026-05-09T00:19:11.2298050Z,EQ-1,91.47,48.49
2026-05-09T00:19:21.2298050Z,EQ-4,94.62,49.66
2026-05-09T00:19:31.2298050Z,EQ-1,90.11,46.81
2026-05-09T00:19:41.2298050Z,EQ-1,97.43,45.10
2026-05-09T00:19:51.2298050Z,EQ-2,88.69,42.17
2026-05-09T00:20:01.2298050Z,EQ-4,96.52,42.22
2026-05-09T00:20:11.2298050Z,EQ-3,89.23,42.71
2026-05-09T00:20:21.2298050Z,EQ-2,92.03,44.32
2026-05-09T00:20:31.2298050Z,EQ-2,87.27,41.78
2026-05-09T00:20:41.2298050Z,EQ-3,93.25,47.75
2026-05-09T00:20:51.2298050Z,EQ-2,95.12,48.72
2026-05-09T00:21:01.2298050Z,EQ-2,94.89,46.70
2026-05-09T00:21:11.2298050Z,EQ-3,91.42,42.59
2026-05-09T00:21:21.2298050Z,EQ-3,87.39,40.19
2026-05-09T00:21:31.2298050Z,EQ-1,90.29,40.67
2026-05-09T00:21:41.2298050Z,EQ-3,94.91,41.49
2026-05-09T00:21:51.2298050Z,EQ-4,92.62,48.15
2026-05-09T00:22:01.2298050Z,EQ-2,86.55,41.24
2026-05-09T00:22:11.2298050Z,EQ-1,95.75,46.61
2026-05-09T00:22:21.2298050Z,EQ-4,95.13,44.30
2026-05-09T00:22:31.2298050Z,EQ-2,91.57,49.33
2026-05-09T00:22:41.2298050Z,EQ-2,95.51,48.88
2026-05-09T00:22:51.2298050Z,EQ-3,93.96,45.91
2026-05-09T00:23:01.2298050Z,EQ-1,92.33,40.31
2026-05-09T00:23:11.2298050Z,EQ-1,98.33,48.47
2026-05-09T00:23:21.2298050Z,EQ-4,99.45,48.60
2026-05-09T00:23:31.2298050Z,EQ-1,85.51,45.72
2026-05-09T00:23:41.2298050Z,EQ-3,96.98,43.62
2026-05-09T00:23:51.2298050Z,EQ-1,91.62,45.98
2026-05-09T00:24:01.2298050Z,EQ-4,86.58,42.08
2026-05-09T00:24:11.2298050Z,EQ-3,96.21,48.88
2026-05-09T00:24:21.2298050Z,EQ-2,99.19,49.08
2026-05-09T00:24:31.2298050Z,EQ-4,96.43,42.64
2026-05-09T00:24:41.2298050Z,EQ-3,89.65,45.43
2026-05-09T00:24:51.2298050Z,EQ-1,97.37,47.89
2026-05-09T00:25:01.2298050Z,EQ-3,89.18,40.10
2026-05-09T00:25:11.2298050Z,EQ-2,93.43,46.91
2026-05-09T00:25:21.2298050Z,EQ-1,86.26,45.91
2026-05-09T00:25:31.2298050Z,EQ-3,85.23,47.22
2026-05-09T00:25:41.2298050Z,EQ-3,98.72,43.01
2026-05-09T00:25:51.2298050Z,EQ-1,91.46,41.63
2026-05-09T00:26:01.2298050Z,EQ-3,99.81,44.80
2026-05-09T00:26:11.2298050Z,EQ-4,96.61,46.17
2026-05-09T00:26:21.2298050Z,EQ-4,91.94,45.86
2026-05-09T00:26:31.2298050Z,EQ-1,95.81,42.69
2026-05-09T00:26:41.2298050Z,EQ-4,94.53,49.18
2026-05-09T00:26:51.2298050Z,EQ-4,98.56,42.89
2026-05-09T00:27:01.2298050Z,EQ-1,94.07,44.27
2026-05-09T00:27:11.2298050Z,EQ-4,91.84,41.53
2026-05-09T00:27:21.2298050Z,EQ-1,87.39,46.68
2026-05-09T00:27:31.2298050Z,EQ-3,87.44,44.81
2026-05-09T00:27:41.2298050Z,EQ-1,89.78,40.61
2026-05-09T00:27:51.2298050Z,EQ-2,87.78,46.68
2026-05-09T00:28:01.2298050Z,EQ-1,92.25,43.78
2026-05-09T00:28:11.2298050Z,EQ-3,98.40,46.65
2026-05-09T00:28:21.2298050Z,EQ-2,85.66,40.91
2026-05-09T00:28:31.2298050Z,EQ-2,97.80,44.23
2026-05-09T00:28:41.2298050Z,EQ-4,93.44,43.95
2026-05-09T00:28:51.2298050Z,EQ-4,97.08,41.72
2026-05-09T00:29:01.2298050Z,EQ-1,85.62,48.35
2026-05-09T00:29:11.2298050Z,EQ-2,91.50,49.68
2026-05-09T00:29:21.2298050Z,EQ-3,99.81,45.53
2026-05-09T00:29:31.2298050Z,EQ-3,91.24,46.97
2026-05-09T00:29:41.2298050Z,EQ-4,99.80,43.04
2026-05-09T00:29:51.2298050Z,EQ-2,95.50,46.64
2026-05-09T00:30:01.2298050Z,EQ-2,98.61,49.16
2026-05-09T00:30:11.2298050Z,EQ-2,89.86,45.07
2026-05-09T00:30:21.2298050Z,EQ-1,98.23,45.36
2026-05-09T00:30:31.2298050Z,EQ-3,92.28,43.57
2026-05-09T00:30:41.2298050Z,EQ-3,90.82,49.39
2026-05-09T00:30:51.2298050Z,EQ-1,89.06,45.34
2026-05-09T00:31:01.2298050Z,EQ-3,92.19,45.62
2026-05-09T00:31:11.2298050Z,EQ-1,87.12,44.97
2026-05-09T00:31:21.2298050Z,EQ-1,88.85,45.05
2026-05-09T00:31:31.2298050Z,EQ-3,98.59,46.14
2026-05-09T00:31:41.2298050Z,EQ-3,96.35,44.42
2026-05-09T00:31:51.2298050Z,EQ-1,89.06,40.91
2026-05-09T00:32:01.2298050Z,EQ-4,88.21,47.69
2026-05-09T00:32:11.2298050Z,EQ-2,97.71,49.31
2026-05-09T00:32:21.2298050Z,EQ-4,85.12,49.04
2026-05-09T00:32:31.2298050Z,EQ-1,88.19,42.29
2026-05-09T00:32:41.2298050Z,EQ-3,92.68,46.64
2026-05-09T00:32:51.2298050Z,EQ-4,95.50,41.86
2026-05-09T00:33:01.2298050Z,EQ-1,89.54,49.33
2026-05-09T00:33:11.2298050Z,EQ-3,86.19,46.21
2026-05-09T00:33:21.2298050Z,EQ-4,99.26,42.24
2026-05-09T00:33:31.2298050Z,EQ-4,98.96,42.33
2026-05-09T00:33:41.2298050Z,EQ-1,94.87,41.19
2026-05-09T00:33:51.2298050Z,EQ-1,93.58,44.99
2026-05-09T00:34:01.2298050Z,EQ-2,94.00,40.21
2026-05-09T00:34:11.2298050Z,EQ-3,98.62,49.56
2026-05-09T00:34:21.2298050Z,EQ-2,90.68,41.55
2026-05-09T00:34:31.2298050Z,EQ-4,88.79,49.08
2026-05-09T00:34:41.2298050Z,EQ-3,97.28,48.23
2026-05-09T00:34:51.2298050Z,EQ-2,97.97,42.35
2026-05-09T00:35:01.2298050Z,EQ-3,96.94,41.82
2026-05-09T00:35:11.2298050Z,EQ-3,99.84,47.90
2026-05-09T00:35:21.2298050Z,EQ-4,91.88,48.96
2026-05-09T00:35:31.2298050Z,EQ-3,90.76,47.20
2026-05-09T00:35:41.2298050Z,EQ-2,94.26,41.77
2026-05-09T00:35:51.2298050Z,EQ-2,96.91,48.74
2026-05-09T00:36:01.2298050Z,EQ-2,92.54,49.47
2026-05-09T00:36:11.2298050Z,EQ-1,98.91,44.12
2026-05-09T00:36:21.2298050Z,EQ-2,87.43,48.25
2026-05-09T00:36:31.2298050Z,EQ-1,92.94,49.91
2026-05-09T00:36:41.2298050Z,EQ-1,96.40,44.77
2026-05-09T00:36:51.2298050Z,EQ-4,93.84,49.87
2026-05-09T00:37:01.2298050Z,EQ-2,87.14,48.07
2026-05-09T00:37:11.2298050Z,EQ-4,85.78,48.39
2026-05-09T00:37:21.2298050Z,EQ-2,96.37,47.52
2026-05-09T00:37:31.2298050Z,EQ-1,89.43,47.09
2026-05-09T00:37:41.2298050Z,EQ-1,97.44,43.15
2026-05-09T00:37:51.2298050Z,EQ-2,93.18,41.51
2026-05-09T00:38:01.2298050Z,EQ-4,95.53,49.74
2026-05-09T00:38:11.2298050Z,EQ-4,85.44,43.36
2026-05-09T00:38:21.2298050Z,EQ-3,98.86,49.70
2026-05-09T00:38:31.2298050Z,EQ-2,88.94,42.97
2026-05-09T00:38:41.2298050Z,EQ-2,88.46,47.22
2026-05-09T00:38:51.2298050Z,EQ-3,86.34,44.11
2026-05-09T00:39:01.2298050Z,EQ-4,86.26,42.86
2026-05-09T00:39:11.2298050Z,EQ-4,86.81,42.10
2026-05-09T00:39:21.2298050Z,EQ-1,89.44,49.71
2026-05-09T00:39:31.2298050Z,EQ-1,94.96,42.95
2026-05-09T00:39:41.2298050Z,EQ-4,85.40,43.73
2026-05-09T00:39:51.2298050Z,EQ-4,93.97,42.54
2026-05-09T00:40:01.2298050Z,EQ-1,91.67,43.48
2026-05-09T00:40:11.2298050Z,EQ-4,87.14,40.99
2026-05-09T00:40:21.2298050Z,EQ-4,99.09,44.57
2026-05-09T00:40:31.2298050Z,EQ-3,89.82,40.30
2026-05-09T00:40:41.2298050Z,EQ-4,92.00,41.10
2026-05-09T00:40:51.2298050Z,EQ-1,97.56,41.22
2026-05-09T00:41:01.2298050Z,EQ-1,98.73,47.79
2026-05-09T00:41:11.2298050Z,EQ-1,99.72,47.40
2026-05-09T00:41:21.2298050Z,EQ-3,87.71,40.50
2026-05-09T00:41:31.2298050Z,EQ-3,97.90,41.51
2026-05-09T00:41:41.2298050Z,EQ-4,88.55,44.26
2026-05-09T00:41:51.2298050Z,EQ-4,90.84,47.83
2026-05-09T00:42:01.2298050Z,EQ-2,90.10,41.18
2026-05-09T00:42:11.2298050Z,EQ-3,89.56,49.67
2026-05-09T00:42:21.2298050Z,EQ-3,94.26,45.13
2026-05-09T00:42:31.2298050Z,EQ-2,86.21,49.54
2026-05-09T00:42:41.2298050Z,EQ-1,91.63,46.13
2026-05-09T00:42:51.2298050Z,EQ-4,96.69,41.43
2026-05-09T00:43:01.2298050Z,EQ-4,89.24,40.71
2026-05-09T00:43:11.2298050Z,EQ-4,90.92,45.03
2026-05-09T00:43:21.2298050Z,EQ-2,92.31,47.23
2026-05-09T00:43:31.2298050Z,EQ-2,96.80,44.28
2026-05-09T00:43:41.2298050Z,EQ-4,94.22,41.54
2026-05-09T00:43:51.2298050Z,EQ-2,85.42,45.99
2026-05-09T00:44:01.2298050Z,EQ-4,94.51,43.00
2026-05-09T00:44:11.2298050Z,EQ-1,90.18,41.37
2026-05-09T00:44:21.2298050Z,EQ-1,95.33,44.22
2026-05-09T00:44:31.2298050Z,EQ-1,91.37,41.25
2026-05-09T00:44:41.2298050Z,EQ-4,90.09,46.97
2026-05-09T00:44:51.2298050Z,EQ-3,99.64,43.72
2026-05-09T00:45:01.2298050Z,EQ-2,85.73,44.76
2026-05-09T00:45:11.2298050Z,EQ-3,93.74,43.68
2026-05-09T00:45:21.2298050Z,EQ-1,96.75,41.67
2026-05-09T00:45:31.2298050Z,EQ-4,91.09,41.50
2026-05-09T00:45:41.2298050Z,EQ-1,93.01,43.71
2026-05-09T00:45:51.2298050Z,EQ-3,91.94,49.19
2026-05-09T00:46:01.2298050Z,EQ-4,97.38,48.72
2026-05-09T00:46:11.2298050Z,EQ-2,91.35,40.00
2026-05-09T00:46:21.2298050Z,EQ-3,86.64,48.33
2026-05-09T00:46:31.2298050Z,EQ-2,93.07,41.48
2026-05-09T00:46:41.2298050Z,EQ-2,89.18,46.46
2026-05-09T00:46:51.2298050Z,EQ-3,98.36,44.48
2026-05-09T00:47:01.2298050Z,EQ-2,94.48,42.04
2026-05-09T00:47:11.2298050Z,EQ-4,93.78,45.19
2026-05-09T00:47:21.2298050Z,EQ-2,87.47,41.52
2026-05-09T00:47:31.2298050Z,EQ-1,85.29,48.52
2026-05-09T00:47:41.2298050Z,EQ-2,87.76,48.84
2026-05-09T00:47:51.2298050Z,EQ-2,96.10,48.55
2026-05-09T00:48:01.2298050Z,EQ-4,92.93,49.41
2026-05-09T00:48:11.2298050Z,EQ-3,94.93,40.49
2026-05-09T00:48:21.2298050Z,EQ-4,94.00,49.15
2026-05-09T00:48:31.2298050Z,EQ-3,99.14,40.94
2026-05-09T00:48:41.2298050Z,EQ-1,91.32,42.82
2026-05-09T00:48:51.2298050Z,EQ-3,89.82,44.85
2026-05-09T00:49:01.2298050Z,EQ-3,86.11,46.83
2026-05-09T00:49:11.2298050Z,EQ-2,99.17,48.94
2026-05-09T00:49:21.2298050Z,EQ-2,98.74,46.61
2026-05-09T00:49:31.2298050Z,EQ-3,86.29,48.50
2026-05-09T00:49:41.2298050Z,EQ-1,89.55,49.66
2026-05-09T00:49:51.2298050Z,EQ-2,96.57,47.80
2026-05-09T00:50:01.2298050Z,EQ-1,97.20,46.23
2026-05-09T00:50:11.2298050Z,EQ-2,98.80,40.73
2026-05-09T00:50:21.2298050Z,EQ-2,98.36,46.64
2026-05-09T00:50:31.2298050Z,EQ-2,94.55,44.48
2026-05-09T00:50:41.2298050Z,EQ-3,96.48,49.72
2026-05-09T00:50:51.2298050Z,EQ-4,93.37,46.33
2026-05-09T00:51:01.2298050Z,EQ-1,85.34,42.43
2026-05-09T00:51:11.2298050Z,EQ-1,89.69,43.17
2026-05-09T00:51:21.2298050Z,EQ-2,94.17,40.01
2026-05-09T00:51:31.2298050Z,EQ-3,87.80,44.32
2026-05-09T00:51:41.2298050Z,EQ-3,87.35,46.82
2026-05-09T00:51:51.2298050Z,EQ-3,91.62,41.78
2026-05-09T00:52:01.2298050Z,EQ-3,96.75,44.13
2026-05-09T00:52:11.2298050Z,EQ-3,98.82,49.67
2026-05-09T00:52:21.2298050Z,EQ-3,97.37,45.19
2026-05-09T00:52:31.2298050Z,EQ-2,93.33,43.30
2026-05-09T00:52:41.2298050Z,EQ-2,94.77,41.23
2026-05-09T00:52:51.2298050Z,EQ-2,86.93,41.97
2026-05-09T00:53:01.2298050Z,EQ-4,88.76,41.88
2026-05-09T00:53:11.2298050Z,EQ-2,99.00,47.68
2026-05-09T00:53:21.2298050Z,EQ-4,94.25,48.09
2026-05-09T00:53:31.2298050Z,EQ-3,98.45,44.10
2026-05-09T00:53:41.2298050Z,EQ-2,89.71,49.66
2026-05-09T00:53:51.2298050Z,EQ-2,96.67,43.38
2026-05-09T00:54:01.2298050Z,EQ-2,87.79,40.97
2026-05-09T00:54:11.2298050Z,EQ-2,92.28,44.42
2026-05-09T00:54:21.2298050Z,EQ-4,85.64,44.19
2026-05-09T00:54:31.2298050Z,EQ-3,97.43,44.31
2026-05-09T00:54:41.2298050Z,EQ-4,99.24,46.17
2026-05-09T00:54:51.2298050Z,EQ-4,95.25,47.82
2026-05-09T00:55:01.2298050Z,EQ-2,99.87,45.09
2026-05-09T00:55:11.2298050Z,EQ-4,85.65,43.02
2026-05-09T00:55:21.2298050Z,EQ-2,91.59,40.95
2026-05-09T00:55:31.2298050Z,EQ-3,99.93,46.75
2026-05-09T00:55:41.2298050Z,EQ-1,95.46,45.67
2026-05-09T00:55:51.2298050Z,EQ-3,91.58,40.37
2026-05-09T00:56:01.2298050Z,EQ-1,91.54,49.26
2026-05-09T00:56:11.2298050Z,EQ-4,99.91,42.93
2026-05-09T00:56:21.2298050Z,EQ-3,85.76,44.45
2026-05-09T00:56:31.2298050Z,EQ-3,95.06,46.71
2026-05-09T00:56:41.2298050Z,EQ-3,94.66,42.65
2026-05-09T00:56:51.2298050Z,EQ-4,99.47,42.65
2026-05-09T00:57:01.2298050Z,EQ-2,88.64,40.21
2026-05-09T00:57:11.2298050Z,EQ-1,86.80,44.61
2026-05-09T00:57:21.2298050Z,EQ-4,90.60,42.65
2026-05-09T00:57:31.2298050Z,EQ-4,97.70,46.14
2026-05-09T00:57:41.2298050Z,EQ-2,91.79,44.89
2026-05-09T00:57:51.2298050Z,EQ-1,90.38,48.41
2026-05-09T00:58:01.2298050Z,EQ-2,86.03,49.46
2026-05-09T00:58:11.2298050Z,EQ-1,91.91,48.46
2026-05-09T00:58:21.2298050Z,EQ-2,93.26,48.81
2026-05-09T00:58:31.2298050Z,EQ-3,88.15,43.10
2026-05-09T00:58:41.2298050Z,EQ-3,86.43,48.46
2026-05-09T00:58:51.2298050Z,EQ-3,97.01,45.07
2026-05-09T00:59:01.2298050Z,EQ-3,95.82,43.73
2026-05-09T00:59:11.2298050Z,EQ-2,96.78,46.23
2026-05-09T00:59:21.2298050Z,EQ-2,90.35,48.34
2026-05-09T00:59:31.2298050Z,EQ-1,97.41,43.67
2026-05-09T00:59:41.2298050Z,EQ-1,91.27,49.19
2026-05-09T00:59:51.2298050Z,EQ-2,98.61,49.04
2026-05-09T01:00:01.2298050Z,EQ-3,94.72,47.08
2026-05-09T01:00:11.2298050Z,EQ-1,85.68,48.43
2026-05-09T01:00:21.2298050Z,EQ-3,97.47,48.28
2026-05-09T01:00:31.2298050Z,EQ-1,96.89,48.89
2026-05-09T01:00:41.2298050Z,EQ-4,91.13,41.08
2026-05-09T01:00:51.2298050Z,EQ-2,86.39,45.89
2026-05-09T01:01:01.2298050Z,EQ-3,96.94,41.03
2026-05-09T01:01:11.2298050Z,EQ-2,87.22,48.18
2026-05-09T01:01:21.2298050Z,EQ-1,97.16,49.58
2026-05-09T01:01:31.2298050Z,EQ-4,99.33,48.18
2026-05-09T01:01:41.2298050Z,EQ-1,97.20,43.85
2026-05-09T01:01:51.2298050Z,EQ-2,98.86,43.78
2026-05-09T01:02:01.2298050Z,EQ-3,87.56,44.91
2026-05-09T01:02:11.2298050Z,EQ-4,97.84,48.27
2026-05-09T01:02:21.2298050Z,EQ-1,88.86,42.71
2026-05-09T01:02:31.2298050Z,EQ-3,95.07,40.23
2026-05-09T01:02:41.2298050Z,EQ-2,98.45,47.43
2026-05-09T01:02:51.2298050Z,EQ-3,89.03,40.85
2026-05-09T01:03:01.2298050Z,EQ-2,91.52,42.54
2026-05-09T01:03:11.2298050Z,EQ-2,87.49,45.96
2026-05-09T01:03:21.2298050Z,EQ-3,89.17,42.03
2026-05-09T01:03:31.2298050Z,EQ-4,97.27,49.86
2026-05-09T01:03:41.2298050Z,EQ-1,89.09,44.23
2026-05-09T01:03:51.2298050Z,EQ-4,96.58,46.75
2026-05-09T01:04:01.2298050Z,EQ-3,97.41,46.62
2026-05-09T01:04:11.2298050Z,EQ-2,98.30,40.70
2026-05-09T01:04:21.2298050Z,EQ-2,88.44,46.36
2026-05-09T01:04:31.2298050Z,EQ-3,99.59,45.19
2026-05-09T01:04:41.2298050Z,EQ-1,90.81,44.66
2026-05-09T01:04:51.2298050Z,EQ-4,92.08,41.38
2026-05-09T01:05:01.2298050Z,EQ-3,93.15,47.19
2026-05-09T01:05:11.2298050Z,EQ-2,96.59,43.94
2026-05-09T01:05:21.2298050Z,EQ-4,99.80,48.80
2026-05-09T01:05:31.2298050Z,EQ-2,94.18,43.11
2026-05-09T01:05:41.2298050Z,EQ-2,89.17,42.88
2026-05-09T01:05:51.2298050Z,EQ-1,98.54,46.75
2026-05-09T01:06:01.2298050Z,EQ-3,99.72,46.78
2026-05-09T01:06:11.2298050Z,EQ-2,86.89,40.24
2026-05-09T01:06:21.2298050Z,EQ-1,90.68,41.83
2026-05-09T01:06:31.2298050Z,EQ-4,85.65,49.33
2026-05-09T01:06:41.2298050Z,EQ-2,94.29,46.42
2026-05-09T01:06:51.2298050Z,EQ-2,85.95,49.83
2026-05-09T01:07:01.2298050Z,EQ-3,98.46,49.48
2026-05-09T01:07:11.2298050Z,EQ-1,87.98,48.23
2026-05-09T01:07:21.2298050Z,EQ-2,88.44,40.40
2026-05-09T01:07:31.2298050Z,EQ-1,96.42,44.93
2026-05-09T01:07:41.2298050Z,EQ-3,94.79,42.23
2026-05-09T01:07:51.2298050Z,EQ-2,90.63,45.65
2026-05-09T01:08:01.2298050Z,EQ-4,85.26,41.85
2026-05-09T01:08:11.2298050Z,EQ-3,88.65,42.59
2026-05-09T01:08:21.2298050Z,EQ-1,99.83,49.67
2026-05-09T01:08:31.2298050Z,EQ-1,99.30,40.57
2026-05-09T01:08:41.2298050Z,EQ-3,99.80,48.54
2026-05-09T01:08:51.2298050Z,EQ-2,95.59,44.35
2026-05-09T01:09:01.2298050Z,EQ-4,91.64,46.21
2026-05-09T01:09:11.2298050Z,EQ-3,88.46,42.29
2026-05-09T01:09:21.2298050Z,EQ-1,98.81,48.05
2026-05-09T01:09:31.2298050Z,EQ-4,96.94,41.45
2026-05-09T01:09:41.2298050Z,EQ-2,93.52,41.43
2026-05-09T01:09:51.2298050Z,EQ-2,85.66,43.46
2026-05-09T01:10:01.2298050Z,EQ-1,85.70,48.70
2026-05-09T01:10:11.2298050Z,EQ-1,86.38,46.42
2026-05-09T01:10:21.2298050Z,EQ-1,96.24,44.78
2026-05-09T01:10:31.2298050Z,EQ-4,93.55,48.51
2026-05-09T01:10:41.2298050Z,EQ-3,85.87,40.85
2026-05-09T01:10:51.2298050Z,EQ-3,87.96,40.90
2026-05-09T01:11:01.2298050Z,EQ-3,98.50,43.21
2026-05-09T01:11:11.2298050Z,EQ-4,85.94,41.12
2026-05-09T01:11:21.2298050Z,EQ-4,93.10,42.75
2026-05-09T01:11:31.2298050Z,EQ-3,96.19,44.13
2026-05-09T01:11:41.2298050Z,EQ-1,99.18,40.77
2026-05-09T01:11:51.2298050Z,EQ-1,85.50,49.46
2026-05-09T01:12:01.2298050Z,EQ-2,99.47,42.34
2026-05-09T01:12:11.2298050Z,EQ-2,99.79,45.21
2026-05-09T01:12:21.2298050Z,EQ-3,89.77,44.74
2026-05-09T01:12:31.2298050Z,EQ-4,85.49,48.68
2026-05-09T01:12:41.2298050Z,EQ-1,91.18,40.34
2026-05-09T01:12:51.2298050Z,EQ-4,93.01,49.59
2026-05-09T01:13:01.2298050Z,EQ-2,96.82,41.30
2026-05-09T01:13:11.2298050Z,EQ-2,92.32,41.48
2026-05-09T01:13:21.2298050Z,EQ-4,87.32,48.25
2026-05-09T01:13:31.2298050Z,EQ-1,96.54,47.29
2026-05-09T01:13:41.2298050Z,EQ-3,85.36,42.76
2026-05-09T01:13:51.2298050Z,EQ-4,91.74,44.25
2026-05-09T01:14:01.2298050Z,EQ-2,87.62,41.54
2026-05-09T01:14:11.2298050Z,EQ-3,94.39,42.83
2026-05-09T01:14:21.2298050Z,EQ-3,97.10,45.76
2026-05-09T01:14:31.2298050Z,EQ-3,91.15,47.57
2026-05-09T01:14:41.2298050Z,EQ-4,94.84,42.90
2026-05-09T01:14:51.2298050Z,EQ-2,94.22,49.85
2026-05-09T01:15:01.2298050Z,EQ-3,94.50,48.72
2026-05-09T01:15:11.2298050Z,EQ-1,91.48,46.52
2026-05-09T01:15:21.2298050Z,EQ-4,96.38,46.17
2026-05-09T01:15:31.2298050Z,EQ-4,92.36,48.36
2026-05-09T01:15:41.2298050Z,EQ-2,96.44,46.60
2026-05-09T01:15:51.2298050Z,EQ-4,86.57,44.09
2026-05-09T01:16:01.2298050Z,EQ-4,88.95,45.74
2026-05-09T01:16:11.2298050Z,EQ-1,97.75,42.95
2026-05-09T01:16:21.2298050Z,EQ-3,95.02,43.49
2026-05-09T01:16:31.2298050Z,EQ-2,92.72,41.18
2026-05-09T01:16:41.2298050Z,EQ-2,88.89,40.62
2026-05-09T01:16:51.2298050Z,EQ-3,87.78,49.83
2026-05-09T01:17:01.2298050Z,EQ-1,88.79,46.30
2026-05-09T01:17:11.2298050Z,EQ-1,97.11,48.53
2026-05-09T01:17:21.2298050Z,EQ-3,97.91,40.58
2026-05-09T01:17:31.2298050Z,EQ-3,97.11,45.57
2026-05-09T01:17:41.2298050Z,EQ-2,90.01,48.23
2026-05-09T01:17:51.2298050Z,EQ-2,85.55,49.01
2026-05-09T01:18:01.2298050Z,EQ-1,85.49,44.96
2026-05-09T01:18:11.2298050Z,EQ-1,97.60,41.04
2026-05-09T01:18:21.2298050Z,EQ-1,96.51,48.61
2026-05-09T01:18:31.2298050Z,EQ-4,99.97,42.56
2026-05-09T01:18:41.2298050Z,EQ-1,98.70,49.19
2026-05-09T01:18:51.2298050Z,EQ-3,91.66,40.87
2026-05-09T01:19:01.2298050Z,EQ-4,87.51,46.04
2026-05-09T01:19:11.2298050Z,EQ-2,96.49,40.65
2026-05-09T01:19:21.2298050Z,EQ-1,89.39,49.05
2026-05-09T01:19:31.2298050Z,EQ-2,89.20,47.75
2026-05-09T01:19:41.2298050Z,EQ-1,89.95,44.97
2026-05-09T01:19:51.2298050Z,EQ-1,95.38,47.56
2026-05-09T01:20:01.2298050Z,EQ-4,91.62,41.52
2026-05-09T01:20:11.2298050Z,EQ-3,94.02,49.50
2026-05-09T01:20:21.2298050Z,EQ-2,92.28,42.74
2026-05-09T01:20:31.2298050Z,EQ-2,95.28,47.04
2026-05-09T01:20:41.2298050Z,EQ-3,89.33,42.01
2026-05-09T01:20:51.2298050Z,EQ-1,97.04,46.02
2026-05-09T01:21:01.2298050Z,EQ-3,94.89,48.40
2026-05-09T01:21:11.2298050Z,EQ-2,89.89,44.28
2026-05-09T01:21:21.2298050Z,EQ-4,97.40,47.57
2026-05-09T01:21:31.2298050Z,EQ-4,89.27,43.94
2026-05-09T01:21:41.2298050Z,EQ-2,93.33,49.31
2026-05-09T01:21:51.2298050Z,EQ-4,91.91,49.34
2026-05-09T01:22:01.2298050Z,EQ-1,97.25,46.17
2026-05-09T01:22:11.2298050Z,EQ-1,91.43,48.91
2026-05-09T01:22:21.2298050Z,EQ-3,99.27,45.59
2026-05-09T01:22:31.2298050Z,EQ-4,94.91,43.48
2026-05-09T01:22:41.2298050Z,EQ-1,96.43,44.45
2026-05-09T01:22:51.2298050Z,EQ-4,94.93,41.52
2026-05-09T01:23:01.2298050Z,EQ-1,98.57,41.71
2026-05-09T01:23:11.2298050Z,EQ-3,87.08,47.85
2026-05-09T01:23:21.2298050Z,EQ-4,88.60,47.77
2026-05-09T01:23:31.2298050Z,EQ-4,92.00,50.00
2026-05-09T01:23:41.2298050Z,EQ-2,89.79,41.59
2026-05-09T01:23:51.2298050Z,EQ-4,87.36,43.80
2026-05-09T01:24:01.2298050Z,EQ-2,85.65,45.80
2026-05-09T01:24:11.2298050Z,EQ-4,99.19,46.18
2026-05-09T01:24:21.2298050Z,EQ-1,90.61,45.01
2026-05-09T01:24:31.2298050Z,EQ-2,91.11,48.95
2026-05-09T01:24:41.2298050Z,EQ-2,96.20,48.79
2026-05-09T01:24:51.2298050Z,EQ-4,85.49,43.82
2026-05-09T01:25:01.2298050Z,EQ-3,90.21,48.01
2026-05-09T01:25:11.2298050Z,EQ-3,89.55,45.40
2026-05-09T01:25:21.2298050Z,EQ-1,90.70,46.57
2026-05-09T01:25:31.2298050Z,EQ-3,86.85,45.87
2026-05-09T01:25:41.2298050Z,EQ-1,85.84,49.63
2026-05-09T01:25:51.2298050Z,EQ-3,99.84,48.56
2026-05-09T01:26:01.2298050Z,EQ-2,90.72,48.78
2026-05-09T01:26:11.2298050Z,EQ-2,91.76,41.18
2026-05-09T01:26:21.2298050Z,EQ-4,96.01,40.80
2026-05-09T01:26:31.2298050Z,EQ-4,93.44,42.75
2026-05-09T01:26:41.2298050Z,EQ-4,99.50,42.52
2026-05-09T01:26:51.2298050Z,EQ-2,93.16,46.22
2026-05-09T01:27:01.2298050Z,EQ-1,93.32,47.77
2026-05-09T01:27:11.2298050Z,EQ-1,86.51,44.00
2026-05-09T01:27:21.2298050Z,EQ-2,86.54,49.14
2026-05-09T01:27:31.2298050Z,EQ-1,87.93,47.70
2026-05-09T01:27:41.2298050Z,EQ-4,89.51,42.49
2026-05-09T01:27:51.2298050Z,EQ-2,94.90,49.18
2026-05-09T01:28:01.2298050Z,EQ-3,95.88,47.67
2026-05-09T01:28:11.2298050Z,EQ-2,86.08,44.54
2026-05-09T01:28:21.2298050Z,EQ-4,91.51,42.72
2026-05-09T01:28:31.2298050Z,EQ-4,88.52,43.54
2026-05-09T01:28:41.2298050Z,EQ-4,94.15,47.90
2026-05-09T01:28:51.2298050Z,EQ-1,96.40,44.06
2026-05-09T01:29:01.2298050Z,EQ-3,98.61,43.35
2026-05-09T01:29:11.2298050Z,EQ-1,97.56,43.54
2026-05-09T01:29:21.2298050Z,EQ-3,90.55,42.10
2026-05-09T01:29:31.2298050Z,EQ-1,93.43,40.26
2026-05-09T01:29:41.2298050Z,EQ-4,95.98,42.06
2026-05-09T01:29:51.2298050Z,EQ-1,86.94,45.85
2026-05-09T01:30:01.2298050Z,EQ-4,97.14,45.95
2026-05-09T01:30:11.2298050Z,EQ-3,97.46,41.55
2026-05-09T01:30:21.2298050Z,EQ-4,89.25,41.28
2026-05-09T01:30:31.2298050Z,EQ-3,93.27,48.41
2026-05-09T01:30:41.2298050Z,EQ-2,86.78,41.04
2026-05-09T01:30:51.2298050Z,EQ-4,94.36,41.16
2026-05-09T01:31:01.2298050Z,EQ-2,87.99,42.22
2026-05-09T01:31:11.2298050Z,EQ-2,94.64,42.49
2026-05-09T01:31:21.2298050Z,EQ-3,91.02,41.67
2026-05-09T01:31:31.2298050Z,EQ-1,97.00,41.36
2026-05-09T01:31:41.2298050Z,EQ-3,96.95,40.69
2026-05-09T01:31:51.2298050Z,EQ-4,86.24,47.48
2026-05-09T01:32:01.2298050Z,EQ-1,94.69,48.30
2026-05-09T01:32:11.2298050Z,EQ-3,96.27,43.64
2026-05-09T01:32:21.2298050Z,EQ-2,96.20,41.50
2026-05-09T01:32:31.2298050Z,EQ-4,97.60,42.03
2026-05-09T01:32:41.2298050Z,EQ-2,91.36,49.51
2026-05-09T01:32:51.2298050Z,EQ-4,89.59,48.95
2026-05-09T01:33:01.2298050Z,EQ-3,92.92,43.05
2026-05-09T01:33:11.2298050Z,EQ-3,92.33,44.82
2026-05-09T01:33:21.2298050Z,EQ-3,86.29,48.75
2026-05-09T01:33:31.2298050Z,EQ-2,88.98,47.29
2026-05-09T01:33:41.2298050Z,EQ-2,98.73,40.00
2026-05-09T01:33:51.2298050Z,EQ-1,95.33,47.11
2026-05-09T01:34:01.2298050Z,EQ-4,94.46,42.62
2026-05-09T01:34:11.2298050Z,EQ-2,97.73,42.57
2026-05-09T01:34:21.2298050Z,EQ-4,88.45,49.23
2026-05-09T01:34:31.2298050Z,EQ-2,88.89,47.87
2026-05-09T01:34:41.2298050Z,EQ-1,88.98,42.83
2026-05-09T01:34:51.2298050Z,EQ-4,94.69,40.41
2026-05-09T01:35:01.2298050Z,EQ-2,90.61,46.81
2026-05-09T01:35:11.2298050Z,EQ-1,92.60,40.02
2026-05-09T01:35:21.2298050Z,EQ-2,94.26,45.80
2026-05-09T01:35:31.2298050Z,EQ-4,85.80,41.50
2026-05-09T01:35:41.2298050Z,EQ-1,99.58,49.94
2026-05-09T01:35:51.2298050Z,EQ-2,94.39,40.54
2026-05-09T01:36:01.2298050Z,EQ-1,85.89,45.22
2026-05-09T01:36:11.2298050Z,EQ-2,85.94,44.55
2026-05-09T01:36:21.2298050Z,EQ-3,93.96,49.28
2026-05-09T01:36:31.2298050Z,EQ-2,94.07,41.84
2026-05-09T01:36:41.2298050Z,EQ-3,96.66,47.96
2026-05-09T01:36:51.2298050Z,EQ-1,93.64,45.89
2026-05-09T01:37:01.2298050Z,EQ-4,87.49,41.39
2026-05-09T01:37:11.2298050Z,EQ-1,90.02,46.51
2026-05-09T01:37:21.2298050Z,EQ-3,93.55,45.60
2026-05-09T01:37:31.2298050Z,EQ-2,99.69,40.68
2026-05-09T01:37:41.2298050Z,EQ-4,90.85,49.43
2026-05-09T01:37:51.2298050Z,EQ-4,96.17,40.00
2026-05-09T01:38:01.2298050Z,EQ-4,96.95,43.19
2026-05-09T01:38:11.2298050Z,EQ-1,89.27,42.35
2026-05-09T01:38:21.2298050Z,EQ-3,96.56,46.32
2026-05-09T01:38:31.2298050Z,EQ-1,88.06,45.93
2026-05-09T01:38:41.2298050Z,EQ-1,93.17,47.39
2026-05-09T01:38:51.2298050Z,EQ-4,98.74,48.33
2026-05-09T01:39:01.2298050Z,EQ-2,99.69,40.60
2026-05-09T01:39:11.2298050Z,EQ-1,94.57,41.18
2026-05-09T01:39:21.2298050Z,EQ-1,93.06,48.50
2026-05-09T01:39:31.2298050Z,EQ-2,89.65,49.62
2026-05-09T01:39:41.2298050Z,EQ-2,86.67,46.40
2026-05-09T01:39:51.2298050Z,EQ-1,91.20,45.93
2026-05-09T01:40:01.2298050Z,EQ-4,92.02,40.28
2026-05-09T01:40:11.2298050Z,EQ-3,93.10,41.31
2026-05-09T01:40:21.2298050Z,EQ-2,85.58,44.87
2026-05-09T01:40:31.2298050Z,EQ-1,98.06,43.36
2026-05-09T01:40:41.2298050Z,EQ-2,94.91,41.34
2026-05-09T01:40:51.2298050Z,EQ-4,85.41,46.99
2026-05-09T01:41:01.2298050Z,EQ-2,98.88,41.48
2026-05-09T01:41:11.2298050Z,EQ-1,95.57,44.54
2026-05-09T01:41:21.2298050Z,EQ-4,87.74,47.88
2026-05-09T01:41:31.2298050Z,EQ-1,92.44,48.84
2026-05-09T01:41:41.2298050Z,EQ-3,97.77,40.78
2026-05-09T01:41:51.2298050Z,EQ-3,90.66,45.41
2026-05-09T01:42:01.2298050Z,EQ-2,85.76,47.83
2026-05-09T01:42:11.2298050Z,EQ-2,85.28,49.22
2026-05-09T01:42:21.2298050Z,EQ-3,93.30,42.16
2026-05-09T01:42:31.2298050Z,EQ-4,88.92,48.15
2026-05-09T01:42:41.2298050Z,EQ-1,85.23,42.19
2026-05-09T01:42:51.2298050Z,EQ-2,92.72,45.22
2026-05-09T01:43:01.2298050Z,EQ-1,87.96,49.04
2026-05-09T01:43:11.2298050Z,EQ-4,97.07,47.67
2026-05-09T01:43:21.2298050Z,EQ-2,94.72,46.26
2026-05-09T01:43:31.2298050Z,EQ-4,85.06,43.42
2026-05-09T01:43:41.2298050Z,EQ-2,93.41,43.91
2026-05-09T01:43:51.2298050Z,EQ-2,97.29,49.76
2026-05-09T01:44:01.2298050Z,EQ-1,98.11,45.99
2026-05-09T01:44:11.2298050Z,EQ-2,91.25,44.27
2026-05-09T01:44:21.2298050Z,EQ-2,97.55,47.83
2026-05-09T01:44:31.2298050Z,EQ-2,92.15,44.79
2026-05-09T01:44:41.2298050Z,EQ-2,89.07,46.29
2026-05-09T01:44:51.2298050Z,EQ-2,89.72,46.24
2026-05-09T01:45:01.2298050Z,EQ-3,93.83,49.85
2026-05-09T01:45:11.2298050Z,EQ-1,95.80,40.41
2026-05-09T01:45:21.2298050Z,EQ-4,96.63,48.24
2026-05-09T01:45:31.2298050Z,EQ-4,87.99,48.65
2026-05-09T01:45:41.2298050Z,EQ-1,91.51,47.52
2026-05-09T01:45:51.2298050Z,EQ-1,85.41,42.66
2026-05-09T01:46:01.2298050Z,EQ-4,96.54,40.56
2026-05-09T01:46:11.2298050Z,EQ-4,86.25,43.97
2026-05-09T01:46:21.2298050Z,EQ-3,95.29,43.70
2026-05-09T01:46:31.2298050Z,EQ-1,91.34,41.83
2026-05-09T01:46:41.2298050Z,EQ-2,87.37,46.26
2026-05-09T01:46:51.2298050Z,EQ-1,98.51,40.08
2026-05-09T01:47:01.2298050Z,EQ-1,94.37,41.59
2026-05-09T01:47:11.2298050Z,EQ-4,94.26,41.84
2026-05-09T01:47:21.2298050Z,EQ-3,86.19,42.64
2026-05-09T01:47:31.2298050Z,EQ-2,99.49,40.87
2026-05-09T01:47:41.2298050Z,EQ-3,86.68,42.93
2026-05-09T01:47:51.2298050Z,EQ-1,92.07,42.25
2026-05-09T01:48:01.2298050Z,EQ-2,99.97,44.61
2026-05-09T01:48:11.2298050Z,EQ-4,98.51,42.32
2026-05-09T01:48:21.2298050Z,EQ-2,92.78,49.30
2026-05-09T01:48:31.2298050Z,EQ-1,99.04,40.81
2026-05-09T01:48:41.2298050Z,EQ-3,91.11,40.30
2026-05-09T01:48:51.2298050Z,EQ-2,90.30,43.71
2026-05-09T01:49:01.2298050Z,EQ-2,87.16,48.05
2026-05-09T01:49:11.2298050Z,EQ-4,95.85,46.41
2026-05-09T01:49:21.2298050Z,EQ-3,99.82,44.95
2026-05-09T01:49:31.2298050Z,EQ-1,91.38,45.99
2026-05-09T01:49:41.2298050Z,EQ-4,96.38,49.74
2026-05-09T01:49:51.2298050Z,EQ-1,88.97,47.54
2026-05-09T01:50:01.2298050Z,EQ-1,87.49,48.53
2026-05-09T01:50:11.2298050Z,EQ-2,92.39,48.28
2026-05-09T01:50:21.2298050Z,EQ-3,94.60,48.43
2026-05-09T01:50:31.2298050Z,EQ-1,85.52,44.71
2026-05-09T01:50:41.2298050Z,EQ-2,97.54,40.24
2026-05-09T01:50:51.2298050Z,EQ-3,99.52,44.68
2026-05-09T01:51:01.2298050Z,EQ-3,85.30,40.81
2026-05-09T01:51:11.2298050Z,EQ-1,98.31,47.10
2026-05-09T01:51:21.2298050Z,EQ-1,90.77,46.56
2026-05-09T01:51:31.2298050Z,EQ-2,85.01,49.45
2026-05-09T01:51:41.2298050Z,EQ-3,87.65,41.09
2026-05-09T01:51:51.2298050Z,EQ-3,86.07,47.57
2026-05-09T01:52:01.2298050Z,EQ-3,94.95,48.76
2026-05-09T01:52:11.2298050Z,EQ-2,86.64,42.92
2026-05-09T01:52:21.2298050Z,EQ-2,96.23,43.71
2026-05-09T01:52:31.2298050Z,EQ-2,94.74,49.68
2026-05-09T01:52:41.2298050Z,EQ-2,98.23,47.58
2026-05-09T01:52:51.2298050Z,EQ-1,92.46,48.03
2026-05-09T01:53:01.2298050Z,EQ-3,89.16,41.07
2026-05-09T01:53:11.2298050Z,EQ-4,98.82,43.15
2026-05-09T01:53:21.2298050Z,EQ-4,91.39,46.09
2026-05-09T01:53:31.2298050Z,EQ-2,90.49,46.08
2026-05-09T01:53:41.2298050Z,EQ-3,88.64,45.30
2026-05-09T01:53:51.2298050Z,EQ-1,99.84,40.38
2026-05-09T01:54:01.2298050Z,EQ-2,99.70,49.63
2026-05-09T01:54:11.2298050Z,EQ-1,91.10,49.09
2026-05-09T01:54:21.2298050Z,EQ-3,91.15,48.08
2026-05-09T01:54:31.2298050Z,EQ-1,98.89,44.34
2026-05-09T01:54:41.2298050Z,EQ-1,96.20,43.46
2026-05-09T01:54:51.2298050Z,EQ-1,94.52,44.01
2026-05-09T01:55:01.2298050Z,EQ-3,93.03,49.06
2026-05-09T01:55:11.2298050Z,EQ-1,87.53,40.21
2026-05-09T01:55:21.2298050Z,EQ-2,90.03,45.39
2026-05-09T01:55:31.2298050Z,EQ-3,96.16,45.40
2026-05-09T01:55:41.2298050Z,EQ-3,88.40,41.44
2026-05-09T01:55:51.2298050Z,EQ-4,85.66,41.56
2026-05-09T01:56:01.2298050Z,EQ-3,97.85,45.75
2026-05-09T01:56:11.2298050Z,EQ-2,90.78,47.68
2026-05-09T01:56:21.2298050Z,EQ-1,99.23,42.06
2026-05-09T01:56:31.2298050Z,EQ-4,92.74,43.87
2026-05-09T01:56:41.2298050Z,EQ-4,93.53,45.33
2026-05-09T01:56:51.2298050Z,EQ-4,91.83,45.39
2026-05-09T01:57:01.2298050Z,EQ-1,87.92,43.77
2026-05-09T01:57:11.2298050Z,EQ-4,99.86,48.03
2026-05-09T01:57:21.2298050Z,EQ-1,92.50,40.89
2026-05-09T01:57:31.2298050Z,EQ-3,95.62,46.42
2026-05-09T01:57:41.2298050Z,EQ-4,99.47,42.83
2026-05-09T01:57:51.2298050Z,EQ-1,94.85,40.47
2026-05-09T01:58:01.2298050Z,EQ-2,87.57,43.50
2026-05-09T01:58:11.2298050Z,EQ-4,87.67,41.92
2026-05-09T01:58:21.2298050Z,EQ-2,96.19,45.08
2026-05-09T01:58:31.2298050Z,EQ-2,86.26,45.66
2026-05-09T01:58:41.2298050Z,EQ-4,85.07,42.32
2026-05-09T01:58:51.2298050Z,EQ-3,98.40,43.23
2026-05-09T01:59:01.2298050Z,EQ-3,87.99,49.68
2026-05-09T01:59:11.2298050Z,EQ-2,90.79,46.93
2026-05-09T01:59:21.2298050Z,EQ-3,99.32,42.61
2026-05-09T01:59:31.2298050Z,EQ-3,88.97,49.09
2026-05-09T01:59:41.2298050Z,EQ-4,89.97,41.39
2026-05-09T01:59:51.2298050Z,EQ-1,89.37,43.31
2026-05-09T02:00:01.2298050Z,EQ-4,89.47,41.06
2026-05-09T02:00:11.2298050Z,EQ-4,87.51,43.85
2026-05-09T02:00:21.2298050Z,EQ-1,99.99,44.85
2026-05-09T02:00:31.2298050Z,EQ-1,99.10,43.23
2026-05-09T02:00:41.2298050Z,EQ-2,98.14,43.44
2026-05-09T02:00:51.2298050Z,EQ-2,97.10,45.85
2026-05-09T02:01:01.2298050Z,EQ-1,94.62,45.62
2026-05-09T02:01:11.2298050Z,EQ-2,85.36,42.69
2026-05-09T02:01:21.2298050Z,EQ-4,86.27,45.95
2026-05-09T02:01:31.2298050Z,EQ-3,97.51,48.12
2026-05-09T02:01:41.2298050Z,EQ-3,87.64,47.42
2026-05-09T02:01:51.2298050Z,EQ-2,97.00,46.69
2026-05-09T02:02:01.2298050Z,EQ-4,90.71,47.76
2026-05-09T02:02:11.2298050Z,EQ-1,91.00,47.22
2026-05-09T02:02:21.2298050Z,EQ-2,86.88,49.99
2026-05-09T02:02:31.2298050Z,EQ-4,87.28,45.67
2026-05-09T02:02:41.2298050Z,EQ-4,96.33,45.63
2026-05-09T02:02:51.2298050Z,EQ-3,94.03,45.58
2026-05-09T02:03:01.2298050Z,EQ-1,94.66,41.60
2026-05-09T02:03:11.2298050Z,EQ-4,93.18,45.78
2026-05-09T02:03:21.2298050Z,EQ-1,93.64,48.51
2026-05-09T02:03:31.2298050Z,EQ-4,90.37,48.01
2026-05-09T02:03:41.2298050Z,EQ-2,94.59,46.74
2026-05-09T02:03:51.2298050Z,EQ-2,92.13,40.82
2026-05-09T02:04:01.2298050Z,EQ-2,89.07,48.29
2026-05-09T02:04:11.2298050Z,EQ-3,92.34,47.06
2026-05-09T02:04:21.2298050Z,EQ-2,89.83,40.54
2026-05-09T02:04:31.2298050Z,EQ-4,85.24,47.43
2026-05-09T02:04:41.2298050Z,EQ-3,93.74,49.26
2026-05-09T02:04:51.2298050Z,EQ-1,91.21,49.14
2026-05-09T02:05:01.2298050Z,EQ-1,99.19,47.58
2026-05-09T02:05:11.2298050Z,EQ-1,94.24,44.44
2026-05-09T02:05:21.2298050Z,EQ-3,86.42,40.27
2026-05-09T02:05:31.2298050Z,EQ-1,91.20,43.67
2026-05-09T02:05:41.2298050Z,EQ-2,88.43,48.91
2026-05-09T02:05:51.2298050Z,EQ-3,96.10,40.82
2026-05-09T02:06:01.2298050Z,EQ-3,96.63,49.08
2026-05-09T02:06:11.2298050Z,EQ-1,98.23,49.56
2026-05-09T02:06:21.2298050Z,EQ-4,88.22,49.48
2026-05-09T02:06:31.2298050Z,EQ-2,93.67,46.87
2026-05-09T02:06:41.2298050Z,EQ-2,86.39,41.29
2026-05-09T02:06:51.2298050Z,EQ-2,92.26,46.47
2026-05-09T02:07:01.2298050Z,EQ-2,98.89,44.25
2026-05-09T02:07:11.2298050Z,EQ-4,89.56,42.84
2026-05-09T02:07:21.2298050Z,EQ-4,97.14,48.01
2026-05-09T02:07:31.2298050Z,EQ-2,88.01,46.33
2026-05-09T02:07:41.2298050Z,EQ-2,87.15,46.78
2026-05-09T02:07:51.2298050Z,EQ-1,85.95,49.82
2026-05-09T02:08:01.2298050Z,EQ-4,92.16,46.23
2026-05-09T02:08:11.2298050Z,EQ-1,94.46,49.63
2026-05-09T02:08:21.2298050Z,EQ-3,94.65,48.78
2026-05-09T02:08:31.2298050Z,EQ-1,93.49,41.46
2026-05-09T02:08:41.2298050Z,EQ-3,98.11,45.95
2026-05-09T02:08:51.2298050Z,EQ-2,99.08,47.56
2026-05-09T02:09:01.2298050Z,EQ-2,99.76,42.43
2026-05-09T02:09:11.2298050Z,EQ-4,97.01,43.12
2026-05-09T02:09:21.2298050Z,EQ-2,89.14,49.32
2026-05-09T02:09:31.2298050Z,EQ-1,87.10,49.90
2026-05-09T02:09:41.2298050Z,EQ-2,88.49,48.43
2026-05-09T02:09:51.2298050Z,EQ-4,92.50,43.30
2026-05-09T02:10:01.2298050Z,EQ-3,99.07,48.05
2026-05-09T02:10:11.2298050Z,EQ-4,97.73,44.75
2026-05-09T02:10:21.2298050Z,EQ-4,90.91,41.88
2026-05-09T02:10:31.2298050Z,EQ-2,87.49,41.75
2026-05-09T02:10:41.2298050Z,EQ-3,95.78,43.77
2026-05-09T02:10:51.2298050Z,EQ-3,91.69,49.97
2026-05-09T02:11:01.2298050Z,EQ-2,89.06,43.14
2026-05-09T02:11:11.2298050Z,EQ-2,85.77,48.56
2026-05-09T02:11:21.2298050Z,EQ-1,96.95,40.89
2026-05-09T02:11:31.2298050Z,EQ-1,87.26,40.98
2026-05-09T02:11:41.2298050Z,EQ-3,92.53,45.45
2026-05-09T02:11:51.2298050Z,EQ-1,94.16,41.77
2026-05-09T02:12:01.2298050Z,EQ-1,91.36,43.70
2026-05-09T02:12:11.2298050Z,EQ-3,99.06,41.41
2026-05-09T02:12:21.2298050Z,EQ-2,94.91,44.11
2026-05-09T02:12:31.2298050Z,EQ-1,91.74,40.57
2026-05-09T02:12:41.2298050Z,EQ-2,96.51,45.82
2026-05-09T02:12:51.2298050Z,EQ-3,98.21,41.47
2026-05-09T02:13:01.2298050Z,EQ-3,87.88,40.43
2026-05-09T02:13:11.2298050Z,EQ-3,88.46,44.66
2026-05-09T02:13:21.2298050Z,EQ-3,91.37,43.38
2026-05-09T02:13:31.2298050Z,EQ-4,99.58,48.18
2026-05-09T02:13:41.2298050Z,EQ-1,95.68,40.14
2026-05-09T02:13:51.2298050Z,EQ-1,86.08,40.17
2026-05-09T02:14:01.2298050Z,EQ-1,89.15,40.10
2026-05-09T02:14:11.2298050Z,EQ-2,86.57,49.47
2026-05-09T02:14:21.2298050Z,EQ-4,99.14,41.50
2026-05-09T02:14:31.2298050Z,EQ-2,88.15,42.51
2026-05-09T02:14:41.2298050Z,EQ-3,95.42,49.24
2026-05-09T02:14:51.2298050Z,EQ-1,90.37,42.16
2026-05-09T02:15:01.2298050Z,EQ-4,85.67,48.20
2026-05-09T02:15:11.2298050Z,EQ-1,88.48,46.04
2026-05-09T02:15:21.2298050Z,EQ-3,93.66,42.66
2026-05-09T02:15:31.2298050Z,EQ-4,93.86,41.98
2026-05-09T02:15:41.2298050Z,EQ-3,93.47,41.74
2026-05-09T02:15:51.2298050Z,EQ-2,86.69,42.39
2026-05-09T02:16:01.2298050Z,EQ-3,99.61,44.50
2026-05-09T02:16:11.2298050Z,EQ-4,90.10,45.72
2026-05-09T02:16:21.2298050Z,EQ-2,99.11,41.81
2026-05-09T02:16:31.2298050Z,EQ-1,86.85,41.74
2026-05-09T02:16:41.2298050Z,EQ-2,91.44,46.03
2026-05-09T02:16:51.2298050Z,EQ-3,98.41,45.18
2026-05-09T02:17:01.2298050Z,EQ-1,91.79,45.20
2026-05-09T02:17:11.2298050Z,EQ-1,89.51,44.17
2026-05-09T02:17:21.2298050Z,EQ-2,93.35,48.14
2026-05-09T02:17:31.2298050Z,EQ-3,97.09,46.94
2026-05-09T02:17:41.2298050Z,EQ-1,94.26,44.58
2026-05-09T02:17:51.2298050Z,EQ-4,87.25,41.81
2026-05-09T02:18:01.2298050Z,EQ-3,98.66,46.69
2026-05-09T02:18:11.2298050Z,EQ-4,91.96,44.16
2026-05-09T02:18:21.2298050Z,EQ-3,93.53,40.07
2026-05-09T02:18:31.2298050Z,EQ-3,87.56,44.49
2026-05-09T02:18:41.2298050Z,EQ-1,93.33,49.32
2026-05-09T02:18:51.2298050Z,EQ-1,99.07,40.59
2026-05-09T02:19:01.2298050Z,EQ-3,89.01,43.58
2026-05-09T02:19:11.2298050Z,EQ-2,85.95,41.78
2026-05-09T02:19:21.2298050Z,EQ-3,86.69,46.19
2026-05-09T02:19:31.2298050Z,EQ-1,89.34,49.89
2026-05-09T02:19:41.2298050Z,EQ-2,88.80,41.69
2026-05-09T02:19:51.2298050Z,EQ-4,87.70,47.15
2026-05-09T02:20:01.2298050Z,EQ-4,93.36,47.16
2026-05-09T02:20:11.2298050Z,EQ-3,97.35,48.86
2026-05-09T02:20:21.2298050Z,EQ-2,86.50,45.33
2026-05-09T02:20:31.2298050Z,EQ-2,85.20,48.69
2026-05-09T02:20:41.2298050Z,EQ-4,87.93,42.97
2026-05-09T02:20:51.2298050Z,EQ-1,91.07,46.13
2026-05-09T02:21:01.2298050Z,EQ-3,90.73,47.84
2026-05-09T02:21:11.2298050Z,EQ-4,92.65,44.59
2026-05-09T02:21:21.2298050Z,EQ-2,92.50,45.18
2026-05-09T02:21:31.2298050Z,EQ-3,97.05,41.31
2026-05-09T02:21:41.2298050Z,EQ-1,98.73,45.89
2026-05-09T02:21:51.2298050Z,EQ-2,92.84,45.75
2026-05-09T02:22:01.2298050Z,EQ-1,97.29,48.70
2026-05-09T02:22:11.2298050Z,EQ-4,97.60,46.53
2026-05-09T02:22:21.2298050Z,EQ-2,99.88,40.93
2026-05-09T02:22:31.2298050Z,EQ-2,91.08,43.26
2026-05-09T02:22:41.2298050Z,EQ-3,88.47,41.16
2026-05-09T02:22:51.2298050Z,EQ-3,87.93,43.88
2026-05-09T02:23:01.2298050Z,EQ-1,88.59,46.22
2026-05-09T02:23:11.2298050Z,EQ-3,94.19,47.75
2026-05-09T02:23:21.2298050Z,EQ-3,85.75,43.15
2026-05-09T02:23:31.2298050Z,EQ-4,93.48,43.15
2026-05-09T02:23:41.2298050Z,EQ-3,89.55,41.78
2026-05-09T02:23:51.2298050Z,EQ-2,95.04,48.76
2026-05-09T02:24:01.2298050Z,EQ-3,97.97,47.36
2026-05-09T02:24:11.2298050Z,EQ-2,87.12,47.66
2026-05-09T02:24:21.2298050Z,EQ-3,85.23,40.56
2026-05-09T02:24:31.2298050Z,EQ-2,85.51,46.01
2026-05-09T02:24:41.2298050Z,EQ-4,93.35,44.80
2026-05-09T02:24:51.2298050Z,EQ-3,94.24,47.15
2026-05-09T02:25:01.2298050Z,EQ-3,99.00,47.33
2026-05-09T02:25:11.2298050Z,EQ-4,95.85,42.88
2026-05-09T02:25:21.2298050Z,EQ-2,96.98,43.35
2026-05-09T02:25:31.2298050Z,EQ-3,85.50,48.67
2026-05-09T02:25:41.2298050Z,EQ-1,98.05,42.11
2026-05-09T02:25:51.2298050Z,EQ-3,97.13,47.26
2026-05-09T02:26:01.2298050Z,EQ-3,91.77,46.30
2026-05-09T02:26:11.2298050Z,EQ-1,85.85,49.82
2026-05-09T02:26:21.2298050Z,EQ-4,89.25,44.15
2026-05-09T02:26:31.2298050Z,EQ-3,86.71,43.63
2026-05-09T02:26:41.2298050Z,EQ-2,86.14,46.14
2026-05-09T02:26:51.2298050Z,EQ-2,87.51,46.87
2026-05-09T02:27:01.2298050Z,EQ-2,93.98,48.29
2026-05-09T02:27:11.2298050Z,EQ-1,96.40,48.53
2026-05-09T02:27:21.2298050Z,EQ-1,93.12,49.46
2026-05-09T02:27:31.2298050Z,EQ-2,99.20,41.25
2026-05-09T02:27:41.2298050Z,EQ-2,92.47,48.48
2026-05-09T02:27:51.2298050Z,EQ-1,88.58,48.87
2026-05-09T02:28:01.2298050Z,EQ-2,92.01,46.46
2026-05-09T02:28:11.2298050Z,EQ-2,88.66,49.41
2026-05-09T02:28:21.2298050Z,EQ-1,91.87,43.38
2026-05-09T02:28:31.2298050Z,EQ-3,91.20,47.81
2026-05-09T02:28:41.2298050Z,EQ-3,91.29,49.60
2026-05-09T02:28:51.2298050Z,EQ-4,89.74,41.77
2026-05-09T02:29:01.2298050Z,EQ-3,99.95,40.37
2026-05-09T02:29:11.2298050Z,EQ-1,88.33,45.91
2026-05-09T02:29:21.2298050Z,EQ-1,94.45,41.81
2026-05-09T02:29:31.2298050Z,EQ-1,96.48,43.96
2026-05-09T02:29:41.2298050Z,EQ-2,91.19,44.17
2026-05-09T02:29:51.2298050Z,EQ-1,96.49,44.19
2026-05-09T02:30:01.2298050Z,EQ-1,90.06,42.62
2026-05-09T02:30:11.2298050Z,EQ-4,97.43,47.37
2026-05-09T02:30:21.2298050Z,EQ-4,90.30,41.29
2026-05-09T02:30:31.2298050Z,EQ-4,99.91,48.89
2026-05-09T02:30:41.2298050Z,EQ-2,97.85,42.81
2026-05-09T02:30:51.2298050Z,EQ-1,85.27,43.63
2026-05-09T02:31:01.2298050Z,EQ-1,99.40,47.07
2026-05-09T02:31:11.2298050Z,EQ-4,92.05,44.81
2026-05-09T02:31:21.2298050Z,EQ-4,90.14,45.51
2026-05-09T02:31:31.2298050Z,EQ-1,88.23,44.82
2026-05-09T02:31:41.2298050Z,EQ-3,94.28,45.83
2026-05-09T02:31:51.2298050Z,EQ-1,98.92,43.54
2026-05-09T02:32:01.2298050Z,EQ-4,99.06,44.83
2026-05-09T02:32:11.2298050Z,EQ-4,88.22,42.19
2026-05-09T02:32:21.2298050Z,EQ-2,90.22,46.45
2026-05-09T02:32:31.2298050Z,EQ-2,98.53,43.37
2026-05-09T02:32:41.2298050Z,EQ-2,90.15,46.87
2026-05-09T02:32:51.2298050Z,EQ-3,89.34,45.75
2026-05-09T02:33:01.2298050Z,EQ-1,95.67,49.98
2026-05-09T02:33:11.2298050Z,EQ-1,90.43,42.22
2026-05-09T02:33:21.2298050Z,EQ-4,87.08,48.28
2026-05-09T02:33:31.2298050Z,EQ-1,95.93,47.68
2026-05-09T02:33:41.2298050Z,EQ-4,91.18,43.51
2026-05-09T02:33:51.2298050Z,EQ-2,91.14,43.78
2026-05-09T02:34:01.2298050Z,EQ-3,94.33,43.13
2026-05-09T02:34:11.2298050Z,EQ-4,91.39,43.75
2026-05-09T02:34:21.2298050Z,EQ-2,99.16,46.92
2026-05-09T02:34:31.2298050Z,EQ-1,85.47,48.83
2026-05-09T02:34:41.2298050Z,EQ-1,93.82,41.03
2026-05-09T02:34:51.2298050Z,EQ-2,86.69,41.85
2026-05-09T02:35:01.2298050Z,EQ-4,86.53,40.76
2026-05-09T02:35:11.2298050Z,EQ-1,97.77,46.88
2026-05-09T02:35:21.2298050Z,EQ-1,99.01,46.55
2026-05-09T02:35:31.2298050Z,EQ-2,86.97,43.46
2026-05-09T02:35:41.2298050Z,EQ-2,92.11,40.21
2026-05-09T02:35:51.2298050Z,EQ-1,86.75,45.40
2026-05-09T02:36:01.2298050Z,EQ-1,90.03,48.17
2026-05-09T02:36:11.2298050Z,EQ-1,89.49,46.52
2026-05-09T02:36:21.2298050Z,EQ-4,86.16,48.48
2026-05-09T02:36:31.2298050Z,EQ-2,93.39,42.61
2026-05-09T02:36:41.2298050Z,EQ-3,91.44,40.57
2026-05-09T02:36:51.2298050Z,EQ-2,97.21,44.48
2026-05-09T02:37:01.2298050Z,EQ-2,92.47,49.83
2026-05-09T02:37:11.2298050Z,EQ-1,97.90,41.92
2026-05-09T02:37:21.2298050Z,EQ-4,97.80,48.24
2026-05-09T02:37:31.2298050Z,EQ-4,87.84,41.61
2026-05-09T02:37:41.2298050Z,EQ-2,99.81,44.88
2026-05-09T02:37:51.2298050Z,EQ-4,86.39,48.65
2026-05-09T02:38:01.2298050Z,EQ-3,86.68,44.54
2026-05-09T02:38:11.2298050Z,EQ-2,86.40,40.48
2026-05-09T02:38:21.2298050Z,EQ-2,99.00,46.22
2026-05-09T02:38:31.2298050Z,EQ-4,93.42,44.23
2026-05-09T02:38:41.2298050Z,EQ-3,96.84,44.62
2026-05-09T02:38:51.2298050Z,EQ-3,90.73,46.25
2026-05-09T02:39:01.2298050Z,EQ-2,93.94,42.05
2026-05-09T02:39:11.2298050Z,EQ-3,95.13,44.82
2026-05-09T02:39:21.2298050Z,EQ-2,90.26,42.20
2026-05-09T02:39:31.2298050Z,EQ-3,94.29,42.58
2026-05-09T02:39:41.2298050Z,EQ-1,87.89,42.52
2026-05-09T02:39:51.2298050Z,EQ-3,94.76,43.99
2026-05-09T02:40:01.2298050Z,EQ-4,96.35,41.56
2026-05-09T02:40:11.2298050Z,EQ-4,98.09,49.05
2026-05-09T02:40:21.2298050Z,EQ-2,88.91,47.27
2026-05-09T02:40:31.2298050Z,EQ-2,89.56,48.04
2026-05-09T02:40:41.2298050Z,EQ-4,94.76,43.06
2026-05-09T02:40:51.2298050Z,EQ-3,97.56,49.91
2026-05-09T02:41:01.2298050Z,EQ-4,91.98,48.12
2026-05-09T02:41:11.2298050Z,EQ-2,96.41,45.77
2026-05-09T02:41:21.2298050Z,EQ-2,93.11,44.29
2026-05-09T02:41:31.2298050Z,EQ-3,93.01,42.64
2026-05-09T02:41:41.2298050Z,EQ-3,90.81,47.88
2026-05-09T02:41:51.2298050Z,EQ-2,99.54,45.92
2026-05-09T02:42:01.2298050Z,EQ-2,94.74,40.37
2026-05-09T02:42:11.2298050Z,EQ-2,96.40,48.07
2026-05-09T02:42:21.2298050Z,EQ-1,97.22,48.94
2026-05-09T02:42:31.2298050Z,EQ-4,92.10,41.53
2026-05-09T02:42:41.2298050Z,EQ-3,92.74,47.45
2026-05-09T02:42:51.2298050Z,EQ-4,87.30,49.15
2026-05-09T02:43:01.2298050Z,EQ-1,90.85,48.37
2026-05-09T02:43:11.2298050Z,EQ-4,97.43,40.37
2026-05-09T02:43:21.2298050Z,EQ-2,89.01,47.48
2026-05-09T02:43:31.2298050Z,EQ-1,96.13,40.36
2026-05-09T02:43:41.2298050Z,EQ-3,86.87,49.42
2026-05-09T02:43:51.2298050Z,EQ-4,92.11,46.86
2026-05-09T02:44:01.2298050Z,EQ-3,89.10,40.86
2026-05-09T02:44:11.2298050Z,EQ-3,93.39,46.62
2026-05-09T02:44:21.2298050Z,EQ-3,93.84,46.00
2026-05-09T02:44:31.2298050Z,EQ-3,99.72,40.81
2026-05-09T02:44:41.2298050Z,EQ-1,99.42,45.24
2026-05-09T02:44:51.2298050Z,EQ-4,98.71,42.71
2026-05-09T02:45:01.2298050Z,EQ-2,87.79,43.54
2026-05-09T02:45:11.2298050Z,EQ-2,96.81,48.04
2026-05-09T02:45:21.2298050Z,EQ-2,89.21,42.49
2026-05-09T02:45:31.2298050Z,EQ-3,94.75,43.36
2026-05-09T02:45:41.2298050Z,EQ-3,99.53,49.86
2026-05-09T02:45:51.2298050Z,EQ-2,98.92,45.55
2026-05-09T02:46:01.2298050Z,EQ-2,92.29,49.33
2026-05-09T02:46:11.2298050Z,EQ-4,93.09,45.63
2026-05-09T02:46:21.2298050Z,EQ-2,94.92,41.90
2026-05-09T02:46:31.2298050Z,EQ-1,91.13,45.85
2026-05-09T02:46:41.2298050Z,EQ-4,91.91,47.63
2026-05-09T02:46:51.2298050Z,EQ-1,87.89,48.54
2026-05-09T02:47:01.2298050Z,EQ-1,94.25,49.80
2026-05-09T02:47:11.2298050Z,EQ-2,86.81,46.78
2026-05-09T02:47:21.2298050Z,EQ-2,89.53,41.49
2026-05-09T02:47:31.2298050Z,EQ-2,98.73,47.64
2026-05-09T02:47:41.2298050Z,EQ-1,85.88,46.38
2026-05-09T02:47:51.2298050Z,EQ-3,85.70,41.67
2026-05-09T02:48:01.2298050Z,EQ-4,99.58,43.73
2026-05-09T02:48:11.2298050Z,EQ-2,90.52,46.80
2026-05-09T02:48:21.2298050Z,EQ-3,87.37,47.76
2026-05-09T02:48:31.2298050Z,EQ-1,93.89,48.80
2026-05-09T02:48:41.2298050Z,EQ-4,94.54,48.79
2026-05-09T02:48:51.2298050Z,EQ-3,91.97,45.53
2026-05-09T02:49:01.2298050Z,EQ-4,88.30,49.50
2026-05-09T02:49:11.2298050Z,EQ-4,94.07,40.16
2026-05-09T02:49:21.2298050Z,EQ-1,85.91,49.68
2026-05-09T02:49:31.2298050Z,EQ-2,88.94,42.75
2026-05-09T02:49:41.2298050Z,EQ-3,94.50,45.92
2026-05-09T02:49:51.2298050Z,EQ-2,95.06,49.15
2026-05-09T02:50:01.2298050Z,EQ-1,89.37,40.75
2026-05-09T02:50:11.2298050Z,EQ-1,97.03,45.43
2026-05-09T02:50:21.2298050Z,EQ-4,93.40,48.99
2026-05-09T02:50:31.2298050Z,EQ-2,90.50,42.04
2026-05-09T02:50:41.2298050Z,EQ-4,92.52,42.66
2026-05-09T02:50:51.2298050Z,EQ-2,92.11,43.81
2026-05-09T02:51:01.2298050Z,EQ-3,97.85,48.69
2026-05-09T02:51:11.2298050Z,EQ-2,93.42,46.81
2026-05-09T02:51:21.2298050Z,EQ-1,94.63,42.15
2026-05-09T02:51:31.2298050Z,EQ-1,86.81,44.68
2026-05-09T02:51:41.2298050Z,EQ-2,92.55,40.50
2026-05-09T02:51:51.2298050Z,EQ-3,89.95,43.28
2026-05-09T02:52:01.2298050Z,EQ-4,86.35,46.90
2026-05-09T02:52:11.2298050Z,EQ-3,91.19,40.44
2026-05-09T02:52:21.2298050Z,EQ-4,87.26,41.79
2026-05-09T02:52:31.2298050Z,EQ-1,89.66,40.84
2026-05-09T02:52:41.2298050Z,EQ-4,97.06,47.50
2026-05-09T02:52:51.2298050Z,EQ-3,88.50,45.07
2026-05-09T02:53:01.2298050Z,EQ-1,85.51,49.70
2026-05-09T02:53:11.2298050Z,EQ-3,87.63,46.93
2026-05-09T02:53:21.2298050Z,EQ-3,94.53,42.81
2026-05-09T02:53:31.2298050Z,EQ-1,86.87,49.19
2026-05-09T02:53:41.2298050Z,EQ-4,90.99,41.58
2026-05-09T02:53:51.2298050Z,EQ-1,86.07,44.09
2026-05-09T02:54:01.2298050Z,EQ-2,99.80,44.09
2026-05-09T02:54:11.2298050Z,EQ-2,88.81,46.34
2026-05-09T02:54:21.2298050Z,EQ-1,98.41,41.56
2026-05-09T02:54:31.2298050Z,EQ-2,87.02,43.41
2026-05-09T02:54:41.2298050Z,EQ-1,90.62,47.37
2026-05-09T02:54:51.2298050Z,EQ-3,91.57,43.45
2026-05-09T02:55:01.2298050Z,EQ-4,86.74,42.43
2026-05-09T02:55:11.2298050Z,EQ-2,96.82,44.98
2026-05-09T02:55:21.2298050Z,EQ-1,88.05,41.18
2026-05-09T02:55:31.2298050Z,EQ-4,87.18,43.34
2026-05-09T02:55:41.2298050Z,EQ-1,96.61,41.64
2026-05-09T02:55:51.2298050Z,EQ-4,98.52,40.80
2026-05-09T02:56:01.2298050Z,EQ-3,92.62,41.71
2026-05-09T02:56:11.2298050Z,EQ-3,96.79,45.52
2026-05-09T02:56:21.2298050Z,EQ-2,97.58,42.31
2026-05-09T02:56:31.2298050Z,EQ-4,91.46,42.44
2026-05-09T02:56:41.2298050Z,EQ-3,97.81,49.08
2026-05-09T02:56:51.2298050Z,EQ-3,88.83,48.81
2026-05-09T02:57:01.2298050Z,EQ-1,89.12,40.68
2026-05-09T02:57:11.2298050Z,EQ-1,90.77,44.45
2026-05-09T02:57:21.2298050Z,EQ-1,98.68,45.57
2026-05-09T02:57:31.2298050Z,EQ-4,93.17,44.83
2026-05-09T02:57:41.2298050Z,EQ-2,99.19,46.40
2026-05-09T02:57:51.2298050Z,EQ-2,88.11,46.43
2026-05-09T02:58:01.2298050Z,EQ-4,90.00,45.86
2026-05-09T02:58:11.2298050Z,EQ-4,90.72,47.74
2026-05-09T02:58:21.2298050Z,EQ-3,94.18,45.36
2026-05-09T02:58:31.2298050Z,EQ-1,85.18,43.90
2026-05-09T02:58:41.2298050Z,EQ-1,97.69,43.21
2026-05-09T02:58:51.2298050Z,EQ-3,93.49,42.73
2026-05-09T02:59:01.2298050Z,EQ-2,85.34,49.16
2026-05-09T02:59:11.2298050Z,EQ-2,95.64,46.16
2026-05-09T02:59:21.2298050Z,EQ-4,91.91,46.13
2026-05-09T02:59:31.2298050Z,EQ-1,90.74,47.46
2026-05-09T02:59:41.2298050Z,EQ-1,93.20,45.81
2026-05-09T02:59:51.2298050Z,EQ-3,90.64,44.69
2026-05-09T03:00:01.2298050Z,EQ-3,96.82,45.05
2026-05-09T03:00:11.2298050Z,EQ-1,88.14,45.59
2026-05-09T03:00:21.2298050Z,EQ-1,88.47,41.56
2026-05-09T03:00:31.2298050Z,EQ-2,85.05,44.45
2026-05-09T03:00:41.2298050Z,EQ-3,95.89,41.71
2026-05-09T03:00:51.2298050Z,EQ-2,93.70,49.03
2026-05-09T03:01:01.2298050Z,EQ-1,91.98,47.89
2026-05-09T03:01:11.2298050Z,EQ-4,89.45,49.03
2026-05-09T03:01:21.2298050Z,EQ-3,89.14,43.70
2026-05-09T03:01:31.2298050Z,EQ-1,96.19,42.19
2026-05-09T03:01:41.2298050Z,EQ-3,91.01,47.99
2026-05-09T03:01:51.2298050Z,EQ-2,98.84,42.46
2026-05-09T03:02:01.2298050Z,EQ-4,92.18,48.84
2026-05-09T03:02:11.2298050Z,EQ-4,91.13,45.10
2026-05-09T03:02:21.2298050Z,EQ-3,95.13,41.59
2026-05-09T03:02:31.2298050Z,EQ-3,99.70,44.83
2026-05-09T03:02:41.2298050Z,EQ-2,88.63,45.83
2026-05-09T03:02:51.2298050Z,EQ-3,89.47,46.56
2026-05-09T03:03:01.2298050Z,EQ-1,90.68,45.99
2026-05-09T03:03:11.2298050Z,EQ-3,99.77,40.29
2026-05-09T03:03:21.2298050Z,EQ-1,97.27,49.16
2026-05-09T03:03:31.2298050Z,EQ-4,87.03,44.30
2026-05-09T03:03:41.2298050Z,EQ-4,86.33,44.66
2026-05-09T03:03:51.2298050Z,EQ-3,95.20,44.00
2026-05-09T03:04:01.2298050Z,EQ-1,87.05,47.03
2026-05-09T03:04:11.2298050Z,EQ-2,86.12,49.97
2026-05-09T03:04:21.2298050Z,EQ-4,92.26,49.25
2026-05-09T03:04:31.2298050Z,EQ-2,95.13,41.51
2026-05-09T03:04:41.2298050Z,EQ-3,94.50,40.88
2026-05-09T03:04:51.2298050Z,EQ-3,95.97,42.07
2026-05-09T03:05:01.2298050Z,EQ-3,89.14,49.12
2026-05-09T03:05:11.2298050Z,EQ-1,93.16,41.77
2026-05-09T03:05:21.2298050Z,EQ-4,91.38,46.53
2026-05-09T03:05:31.2298050Z,EQ-2,96.86,41.77
2026-05-09T03:05:41.2298050Z,EQ-2,92.10,46.14
2026-05-09T03:05:51.2298050Z,EQ-3,98.24,41.65
2026-05-09T03:06:01.2298050Z,EQ-1,95.97,45.28
2026-05-09T03:06:11.2298050Z,EQ-1,93.78,46.21
2026-05-09T03:06:21.2298050Z,EQ-4,96.35,45.81
2026-05-09T03:06:31.2298050Z,EQ-2,89.38,42.53
2026-05-09T03:06:41.2298050Z,EQ-4,96.21,44.67
2026-05-09T03:06:51.2298050Z,EQ-4,94.86,40.24
2026-05-09T03:07:01.2298050Z,EQ-3,98.24,40.09
2026-05-09T03:07:11.2298050Z,EQ-2,94.09,43.03
2026-05-09T03:07:21.2298050Z,EQ-4,89.01,47.99
2026-05-09T03:07:31.2298050Z,EQ-3,87.58,42.26
2026-05-09T03:07:41.2298050Z,EQ-2,97.91,47.22
2026-05-09T03:07:51.2298050Z,EQ-3,86.33,41.06
2026-05-09T03:08:01.2298050Z,EQ-2,85.44,42.60
2026-05-09T03:08:11.2298050Z,EQ-3,92.91,43.78
2026-05-09T03:08:21.2298050Z,EQ-1,92.46,48.28
2026-05-09T03:08:31.2298050Z,EQ-2,92.19,41.41
2026-05-09T03:08:41.2298050Z,EQ-1,93.02,45.91
2026-05-09T03:08:51.2298050Z,EQ-4,91.40,46.31
2026-05-09T03:09:01.2298050Z,EQ-4,91.44,44.71
2026-05-09T03:09:11.2298050Z,EQ-1,85.93,40.18
2026-05-09T03:09:21.2298050Z,EQ-3,96.80,49.92
2026-05-09T03:09:31.2298050Z,EQ-1,88.18,45.66
2026-05-09T03:09:41.2298050Z,EQ-3,94.27,45.15
2026-05-09T03:09:51.2298050Z,EQ-1,90.19,40.80
2026-05-09T03:10:01.2298050Z,EQ-1,88.78,41.48
2026-05-09T03:10:11.2298050Z,EQ-3,97.38,49.54
2026-05-09T03:10:21.2298050Z,EQ-2,93.05,41.80
2026-05-09T03:10:31.2298050Z,EQ-1,96.60,45.38
2026-05-09T03:10:41.2298050Z,EQ-4,86.68,42.96
2026-05-09T03:10:51.2298050Z,EQ-2,94.03,44.11
2026-05-09T03:11:01.2298050Z,EQ-2,94.65,47.20
2026-05-09T03:11:11.2298050Z,EQ-4,90.71,42.73
2026-05-09T03:11:21.2298050Z,EQ-4,86.66,41.28
2026-05-09T03:11:31.2298050Z,EQ-1,93.30,42.53
2026-05-09T03:11:41.2298050Z,EQ-1,96.10,43.57
2026-05-09T03:11:51.2298050Z,EQ-1,93.25,40.42
2026-05-09T03:12:01.2298050Z,EQ-4,98.65,42.90
2026-05-09T03:12:11.2298050Z,EQ-3,87.27,45.49
2026-05-09T03:12:21.2298050Z,EQ-3,99.97,42.05
2026-05-09T03:12:31.2298050Z,EQ-2,91.48,44.41
2026-05-09T03:12:41.2298050Z,EQ-3,99.34,45.86
2026-05-09T03:12:51.2298050Z,EQ-1,96.53,45.94
2026-05-09T03:13:01.2298050Z,EQ-1,87.84,43.02
2026-05-09T03:13:11.2298050Z,EQ-2,93.07,43.16
2026-05-09T03:13:21.2298050Z,EQ-1,90.61,40.33
2026-05-09T03:13:31.2298050Z,EQ-4,96.54,45.28
2026-05-09T03:13:41.2298050Z,EQ-4,87.94,43.19
2026-05-09T03:13:51.2298050Z,EQ-4,98.92,41.85
2026-05-09T03:14:01.2298050Z,EQ-1,85.34,48.16
2026-05-09T03:14:11.2298050Z,EQ-2,92.56,44.33
2026-05-09T03:14:21.2298050Z,EQ-4,91.59,46.52
2026-05-09T03:14:31.2298050Z,EQ-4,94.10,48.74
2026-05-09T03:14:41.2298050Z,EQ-1,90.97,46.39
2026-05-09T03:14:51.2298050Z,EQ-3,88.09,40.24
2026-05-09T03:15:01.2298050Z,EQ-2,91.33,40.17
2026-05-09T03:15:11.2298050Z,EQ-3,97.84,45.71
2026-05-09T03:15:21.2298050Z,EQ-2,92.82,43.49
2026-05-09T03:15:31.2298050Z,EQ-3,95.67,48.90
2026-05-09T03:15:41.2298050Z,EQ-1,90.67,46.06
2026-05-09T03:15:51.2298050Z,EQ-4,93.04,41.66
2026-05-09T03:16:01.2298050Z,EQ-3,90.82,49.30
2026-05-09T03:16:11.2298050Z,EQ-4,85.18,46.70
2026-05-09T03:16:21.2298050Z,EQ-4,95.65,41.13
2026-05-09T03:16:31.2298050Z,EQ-4,93.18,45.37
2026-05-09T03:16:41.2298050Z,EQ-2,92.72,46.37
2026-05-09T03:16:51.2298050Z,EQ-3,92.72,45.51
2026-05-09T03:17:01.2298050Z,EQ-4,93.89,49.89
2026-05-09T03:17:11.2298050Z,EQ-3,89.94,47.17
2026-05-09T03:17:21.2298050Z,EQ-2,87.49,47.87
2026-05-09T03:17:31.2298050Z,EQ-3,97.85,46.02
2026-05-09T03:17:41.2298050Z,EQ-2,93.91,42.13
2026-05-09T03:17:51.2298050Z,EQ-1,88.68,45.31
2026-05-09T03:18:01.2298050Z,EQ-3,88.75,42.20
2026-05-09T03:18:11.2298050Z,EQ-1,86.89,41.62
2026-05-09T03:18:21.2298050Z,EQ-4,99.88,49.28
2026-05-09T03:18:31.2298050Z,EQ-2,90.08,43.16
2026-05-09T03:18:41.2298050Z,EQ-2,99.55,44.50
2026-05-09T03:18:51.2298050Z,EQ-4,85.11,47.78
2026-05-09T03:19:01.2298050Z,EQ-4,87.97,49.77
2026-05-09T03:19:11.2298050Z,EQ-2,96.88,42.91
2026-05-09T03:19:21.2298050Z,EQ-3,87.72,45.26
2026-05-09T03:19:31.2298050Z,EQ-1,89.53,42.54
2026-05-09T03:19:41.2298050Z,EQ-3,87.55,43.56
2026-05-09T03:19:51.2298050Z,EQ-2,96.71,47.47
2026-05-09T03:20:01.2298050Z,EQ-3,88.82,45.38
2026-05-09T03:20:11.2298050Z,EQ-2,93.64,47.95
2026-05-09T03:20:21.2298050Z,EQ-4,90.40,47.15
2026-05-09T03:20:31.2298050Z,EQ-2,86.06,49.54
2026-05-09T03:20:41.2298050Z,EQ-1,91.34,48.70
2026-05-09T03:20:51.2298050Z,EQ-1,96.33,40.54
2026-05-09T03:21:01.2298050Z,EQ-1,97.06,45.46
2026-05-09T03:21:11.2298050Z,EQ-1,90.57,49.60
2026-05-09T03:21:21.2298050Z,EQ-2,93.70,46.90
2026-05-09T03:21:31.2298050Z,EQ-2,85.00,47.22
2026-05-09T03:21:41.2298050Z,EQ-4,94.37,40.17
2026-05-09T03:21:51.2298050Z,EQ-3,94.10,41.28
2026-05-09T03:22:01.2298050Z,EQ-4,85.41,44.46
2026-05-09T03:22:11.2298050Z,EQ-4,93.65,44.95
2026-05-09T03:22:21.2298050Z,EQ-4,90.06,45.04
2026-05-09T03:22:31.2298050Z,EQ-3,96.22,41.97
2026-05-09T03:22:41.2298050Z,EQ-4,87.47,48.97
2026-05-09T03:22:51.2298050Z,EQ-3,94.37,49.58
2026-05-09T03:23:01.2298050Z,EQ-1,99.95,46.27
2026-05-09T03:23:11.2298050Z,EQ-1,88.38,42.39
2026-05-09T03:23:21.2298050Z,EQ-3,96.92,45.77
2026-05-09T03:23:31.2298050Z,EQ-4,88.49,43.76
2026-05-09T03:23:41.2298050Z,EQ-4,94.41,43.76
2026-05-09T03:23:51.2298050Z,EQ-1,98.69,46.20
2026-05-09T03:24:01.2298050Z,EQ-2,86.13,46.32
2026-05-09T03:24:11.2298050Z,EQ-1,94.23,43.77
2026-05-09T03:24:21.2298050Z,EQ-2,94.05,45.89
2026-05-09T03:24:31.2298050Z,EQ-1,85.57,42.91
2026-05-09T03:24:41.2298050Z,EQ-1,93.70,48.33
2026-05-09T03:24:51.2298050Z,EQ-1,96.12,40.14
2026-05-09T03:25:01.2298050Z,EQ-1,85.80,46.22
2026-05-09T03:25:11.2298050Z,EQ-3,88.55,44.80
2026-05-09T03:25:21.2298050Z,EQ-3,95.39,42.41
2026-05-09T03:25:31.2298050Z,EQ-3,86.98,46.77
2026-05-09T03:25:41.2298050Z,EQ-3,94.35,41.94
2026-05-09T03:25:51.2298050Z,EQ-1,95.06,40.26
2026-05-09T03:26:01.2298050Z,EQ-1,85.17,47.32
2026-05-09T03:26:11.2298050Z,EQ-4,93.53,46.09
2026-05-09T03:26:21.2298050Z,EQ-3,93.23,41.07
2026-05-09T03:26:31.2298050Z,EQ-2,90.73,45.72
2026-05-09T03:26:41.2298050Z,EQ-1,99.02,46.46
2026-05-09T03:26:51.2298050Z,EQ-1,96.93,48.68
2026-05-09T03:27:01.2298050Z,EQ-3,92.35,43.22
2026-05-09T03:27:11.2298050Z,EQ-2,95.68,40.44
2026-05-09T03:27:21.2298050Z,EQ-1,90.87,40.25
2026-05-09T03:27:31.2298050Z,EQ-3,92.51,41.42
2026-05-09T03:27:41.2298050Z,EQ-3,99.40,49.46
2026-05-09T03:27:51.2298050Z,EQ-3,97.55,41.01
2026-05-09T03:28:01.2298050Z,EQ-1,99.61,40.68
2026-05-09T03:28:11.2298050Z,EQ-2,98.54,41.42
2026-05-09T03:28:21.2298050Z,EQ-4,90.37,43.40
2026-05-09T03:28:31.2298050Z,EQ-3,87.76,42.65
2026-05-09T03:28:41.2298050Z,EQ-1,86.45,45.15
2026-05-09T03:28:51.2298050Z,EQ-1,88.83,45.29
2026-05-09T03:29:01.2298050Z,EQ-1,92.25,46.72
2026-05-09T03:29:11.2298050Z,EQ-3,98.75,40.13
2026-05-09T03:29:21.2298050Z,EQ-1,87.50,42.24
2026-05-09T03:29:31.2298050Z,EQ-1,85.82,47.80
2026-05-09T03:29:41.2298050Z,EQ-4,85.52,44.09
2026-05-09T03:29:51.2298050Z,EQ-3,98.09,42.73
2026-05-09T03:30:01.2298050Z,EQ-3,99.24,40.25
2026-05-09T03:30:11.2298050Z,EQ-2,95.75,41.59
2026-05-09T03:30:21.2298050Z,EQ-3,99.01,42.13
2026-05-09T03:30:31.2298050Z,EQ-4,98.45,40.95
2026-05-09T03:30:41.2298050Z,EQ-2,85.39,47.77
2026-05-09T03:30:51.2298050Z,EQ-4,86.11,45.76
2026-05-09T03:31:01.2298050Z,EQ-3,98.56,44.68
2026-05-09T03:31:11.2298050Z,EQ-1,88.58,45.38
2026-05-09T03:31:21.2298050Z,EQ-3,88.72,42.08
2026-05-09T03:31:31.2298050Z,EQ-2,92.51,45.99
2026-05-09T03:31:41.2298050Z,EQ-1,94.28,44.43
2026-05-09T03:31:51.2298050Z,EQ-1,93.18,47.08
2026-05-09T03:32:01.2298050Z,EQ-1,95.48,40.49
2026-05-09T03:32:11.2298050Z,EQ-3,94.61,44.19
2026-05-09T03:32:21.2298050Z,EQ-2,90.24,43.06
2026-05-09T03:32:31.2298050Z,EQ-4,90.52,42.26
2026-05-09T03:32:41.2298050Z,EQ-4,92.27,45.03
2026-05-09T03:32:51.2298050Z,EQ-2,90.17,47.08
2026-05-09T03:33:01.2298050Z,EQ-2,87.61,44.59
2026-05-09T03:33:11.2298050Z,EQ-1,90.26,48.49
2026-05-09T03:33:21.2298050Z,EQ-2,91.58,47.72
2026-05-09T03:33:31.2298050Z,EQ-3,99.78,45.26
2026-05-09T03:33:41.2298050Z,EQ-3,90.34,40.34
2026-05-09T03:33:51.2298050Z,EQ-4,86.13,41.25
2026-05-09T03:34:01.2298050Z,EQ-2,95.40,43.04
2026-05-09T03:34:11.2298050Z,EQ-3,99.78,45.69
2026-05-09T03:34:21.2298050Z,EQ-4,92.35,42.10
2026-05-09T03:34:31.2298050Z,EQ-4,94.81,45.59
2026-05-09T03:34:41.2298050Z,EQ-2,94.22,44.33
2026-05-09T03:34:51.2298050Z,EQ-3,90.39,40.31
2026-05-09T03:35:01.2298050Z,EQ-1,88.60,40.11
2026-05-09T03:35:11.2298050Z,EQ-1,93.63,42.01
2026-05-09T03:35:21.2298050Z,EQ-4,92.92,48.07
2026-05-09T03:35:31.2298050Z,EQ-1,92.73,42.49
2026-05-09T03:35:41.2298050Z,EQ-2,97.79,44.17
2026-05-09T03:35:51.2298050Z,EQ-3,85.58,42.47
2026-05-09T03:36:01.2298050Z,EQ-1,88.55,45.09
2026-05-09T03:36:11.2298050Z,EQ-4,90.10,48.26
2026-05-09T03:36:21.2298050Z,EQ-2,91.13,45.49
2026-05-09T03:36:31.2298050Z,EQ-1,96.07,45.58
2026-05-09T03:36:41.2298050Z,EQ-1,85.96,43.66
2026-05-09T03:36:51.2298050Z,EQ-3,90.84,47.35
2026-05-09T03:37:01.2298050Z,EQ-4,94.74,45.87
2026-05-09T03:37:11.2298050Z,EQ-3,86.28,43.70
2026-05-09T03:37:21.2298050Z,EQ-4,88.48,40.03
2026-05-09T03:37:31.2298050Z,EQ-2,87.33,44.83
2026-05-09T03:37:41.2298050Z,EQ-1,90.14,40.59
2026-05-09T03:37:51.2298050Z,EQ-4,88.84,41.36
2026-05-09T03:38:01.2298050Z,EQ-2,90.18,49.10
2026-05-09T03:38:11.2298050Z,EQ-4,90.96,47.94
2026-05-09T03:38:21.2298050Z,EQ-2,96.54,40.58
2026-05-09T03:38:31.2298050Z,EQ-3,90.37,45.23
2026-05-09T03:38:41.2298050Z,EQ-1,93.48,49.63
2026-05-09T03:38:51.2298050Z,EQ-2,92.23,44.34
2026-05-09T03:39:01.2298050Z,EQ-3,86.10,48.48
2026-05-09T03:39:11.2298050Z,EQ-4,98.75,43.88
2026-05-09T03:39:21.2298050Z,EQ-2,94.20,43.26
2026-05-09T03:39:31.2298050Z,EQ-3,93.75,47.56
2026-05-09T03:39:41.2298050Z,EQ-1,99.23,46.15
2026-05-09T03:39:51.2298050Z,EQ-2,95.84,44.19
2026-05-09T03:40:01.2298050Z,EQ-3,87.79,41.46
2026-05-09T03:40:11.2298050Z,EQ-1,97.48,43.70
2026-05-09T03:40:21.2298050Z,EQ-1,87.01,46.55
2026-05-09T03:40:31.2298050Z,EQ-2,93.27,48.85
2026-05-09T03:40:41.2298050Z,EQ-1,87.93,41.12
2026-05-09T03:40:51.2298050Z,EQ-3,86.87,44.57
2026-05-09T03:41:01.2298050Z,EQ-2,98.56,43.07
2026-05-09T03:41:11.2298050Z,EQ-4,99.62,45.13
2026-05-09T03:41:21.2298050Z,EQ-4,93.69,49.94
2026-05-09T03:41:31.2298050Z,EQ-3,88.75,46.14
2026-05-09T03:41:41.2298050Z,EQ-1,91.40,47.43
2026-05-09T03:41:51.2298050Z,EQ-4,86.50,40.80
2026-05-09T03:42:01.2298050Z,EQ-1,86.54,48.50
2026-05-09T03:42:11.2298050Z,EQ-1,90.46,47.20
2026-05-09T03:42:21.2298050Z,EQ-2,93.15,42.15
2026-05-09T03:42:31.2298050Z,EQ-3,96.06,46.83
2026-05-09T03:42:41.2298050Z,EQ-2,95.56,40.71
2026-05-09T03:42:51.2298050Z,EQ-1,89.63,44.82
2026-05-09T03:43:01.2298050Z,EQ-4,98.18,46.94
2026-05-09T03:43:11.2298050Z,EQ-1,95.99,48.30
2026-05-09T03:43:21.2298050Z,EQ-3,99.56,43.39
2026-05-09T03:43:31.2298050Z,EQ-2,95.46,40.04
2026-05-09T03:43:41.2298050Z,EQ-1,94.61,40.09
2026-05-09T03:43:51.2298050Z,EQ-2,96.66,45.10
2026-05-09T03:44:01.2298050Z,EQ-2,87.86,45.50
2026-05-09T03:44:11.2298050Z,EQ-2,89.58,45.43
2026-05-09T03:44:21.2298050Z,EQ-4,98.10,40.37
2026-05-09T03:44:31.2298050Z,EQ-3,93.41,47.03
2026-05-09T03:44:41.2298050Z,EQ-2,88.66,41.23
2026-05-09T03:44:51.2298050Z,EQ-1,97.30,41.41
2026-05-09T03:45:01.2298050Z,EQ-4,87.66,49.44
2026-05-09T03:45:11.2298050Z,EQ-4,99.61,45.72
2026-05-09T03:45:21.2298050Z,EQ-1,87.76,45.07
2026-05-09T03:45:31.2298050Z,EQ-1,88.64,40.68
2026-05-09T03:45:41.2298050Z,EQ-4,87.01,47.07
2026-05-09T03:45:51.2298050Z,EQ-3,96.53,48.63
2026-05-09T03:46:01.2298050Z,EQ-4,93.18,41.50
2026-05-09T03:46:11.2298050Z,EQ-3,91.21,40.26
2026-05-09T03:46:21.2298050Z,EQ-3,98.03,44.10
2026-05-09T03:46:31.2298050Z,EQ-3,93.99,45.51
2026-05-09T03:46:41.2298050Z,EQ-2,90.96,43.95
2026-05-09T03:46:51.2298050Z,EQ-1,87.75,47.35
2026-05-09T03:47:01.2298050Z,EQ-1,90.71,45.18
2026-05-09T03:47:11.2298050Z,EQ-1,87.58,42.65
2026-05-09T03:47:21.2298050Z,EQ-4,88.70,40.21
2026-05-09T03:47:31.2298050Z,EQ-1,98.98,45.53
2026-05-09T03:47:41.2298050Z,EQ-1,85.51,46.96
2026-05-09T03:47:51.2298050Z,EQ-1,90.73,43.98
2026-05-09T03:48:01.2298050Z,EQ-3,96.18,41.75
2026-05-09T03:48:11.2298050Z,EQ-1,87.01,42.81
2026-05-09T03:48:21.2298050Z,EQ-1,87.79,49.28
2026-05-09T03:48:31.2298050Z,EQ-1,96.61,43.29
2026-05-09T03:48:41.2298050Z,EQ-4,93.87,41.99
2026-05-09T03:48:51.2298050Z,EQ-3,88.24,44.95
2026-05-09T03:49:01.2298050Z,EQ-1,87.50,43.45
2026-05-09T03:49:11.2298050Z,EQ-3,96.94,49.18
2026-05-09T03:49:21.2298050Z,EQ-4,96.41,49.78
2026-05-09T03:49:31.2298050Z,EQ-1,92.37,48.61
2026-05-09T03:49:41.2298050Z,EQ-3,98.94,49.28
2026-05-09T03:49:51.2298050Z,EQ-2,99.33,41.18
2026-05-09T03:50:01.2298050Z,EQ-2,96.67,45.14
2026-05-09T03:50:11.2298050Z,EQ-2,87.59,49.02
2026-05-09T03:50:21.2298050Z,EQ-4,93.95,49.22
2026-05-09T03:50:31.2298050Z,EQ-4,96.71,49.45
2026-05-09T03:50:41.2298050Z,EQ-1,93.53,48.33
2026-05-09T03:50:51.2298050Z,EQ-1,94.88,43.53
2026-05-09T03:51:01.2298050Z,EQ-1,88.64,45.32
2026-05-09T03:51:11.2298050Z,EQ-3,96.64,41.16
2026-05-09T03:51:21.2298050Z,EQ-4,87.53,42.67
2026-05-09T03:51:31.2298050Z,EQ-2,95.05,46.12
2026-05-09T03:51:41.2298050Z,EQ-1,96.83,40.56
2026-05-09T03:51:51.2298050Z,EQ-2,93.34,44.98
2026-05-09T03:52:01.2298050Z,EQ-1,99.21,42.06
2026-05-09T03:52:11.2298050Z,EQ-1,87.13,43.37
2026-05-09T03:52:21.2298050Z,EQ-1,88.47,44.43
2026-05-09T03:52:31.2298050Z,EQ-4,92.61,45.47
2026-05-09T03:52:41.2298050Z,EQ-3,92.12,42.27
2026-05-09T03:52:51.2298050Z,EQ-4,85.88,47.40
2026-05-09T03:53:01.2298050Z,EQ-3,92.12,45.90
2026-05-09T03:53:11.2298050Z,EQ-3,96.61,47.91
2026-05-09T03:53:21.2298050Z,EQ-4,94.73,40.85
2026-05-09T03:53:31.2298050Z,EQ-3,89.39,49.38
2026-05-09T03:53:41.2298050Z,EQ-4,99.25,48.37
2026-05-09T03:53:51.2298050Z,EQ-1,94.89,46.41
2026-05-09T03:54:01.2298050Z,EQ-1,92.21,45.59
2026-05-09T03:54:11.2298050Z,EQ-3,85.21,44.12
2026-05-09T03:54:21.2298050Z,EQ-3,87.10,49.97
2026-05-09T03:54:31.2298050Z,EQ-4,93.10,47.89
2026-05-09T03:54:41.2298050Z,EQ-3,93.39,43.51
2026-05-09T03:54:51.2298050Z,EQ-3,94.30,42.84
2026-05-09T03:55:01.2298050Z,EQ-4,87.56,47.44
2026-05-09T03:55:11.2298050Z,EQ-1,87.63,43.16
2026-05-09T03:55:21.2298050Z,EQ-1,99.45,41.69
2026-05-09T03:55:31.2298050Z,EQ-3,98.74,47.24
2026-05-09T03:55:41.2298050Z,EQ-3,92.91,40.29
2026-05-09T03:55:51.2298050Z,EQ-3,92.44,45.50
2026-05-09T03:56:01.2298050Z,EQ-2,94.86,43.72
2026-05-09T03:56:11.2298050Z,EQ-3,95.04,42.82
2026-05-09T03:56:21.2298050Z,EQ-4,91.02,47.57
2026-05-09T03:56:31.2298050Z,EQ-3,88.59,42.88
2026-05-09T03:56:41.2298050Z,EQ-2,96.86,41.93
2026-05-09T03:56:51.2298050Z,EQ-2,88.62,49.85
2026-05-09T03:57:01.2298050Z,EQ-4,99.49,44.20
2026-05-09T03:57:11.2298050Z,EQ-3,91.43,48.60
2026-05-09T03:57:21.2298050Z,EQ-1,88.36,46.78
2026-05-09T03:57:31.2298050Z,EQ-4,94.92,44.30
2026-05-09T03:57:41.2298050Z,EQ-4,85.65,41.41
2026-05-09T03:57:51.2298050Z,EQ-4,86.19,44.61
2026-05-09T03:58:01.2298050Z,EQ-2,93.10,48.61
2026-05-09T03:58:11.2298050Z,EQ-4,89.32,40.33
2026-05-09T03:58:21.2298050Z,EQ-4,89.50,46.69
2026-05-09T03:58:31.2298050Z,EQ-4,89.42,41.86
2026-05-09T03:58:41.2298050Z,EQ-2,96.70,44.53
2026-05-09T03:58:51.2298050Z,EQ-1,98.76,42.30
2026-05-09T03:59:01.2298050Z,EQ-2,90.92,49.68
2026-05-09T03:59:11.2298050Z,EQ-2,85.94,42.92
2026-05-09T03:59:21.2298050Z,EQ-4,93.42,46.60
2026-05-09T03:59:31.2298050Z,EQ-4,95.68,44.10
2026-05-09T03:59:41.2298050Z,EQ-3,90.63,44.00
2026-05-09T03:59:51.2298050Z,EQ-2,97.00,46.30
2026-05-09T04:00:01.2298050Z,EQ-4,90.12,48.61
2026-05-09T04:00:11.2298050Z,EQ-2,96.00,45.41
2026-05-09T04:00:21.2298050Z,EQ-1,96.77,48.57
2026-05-09T04:00:31.2298050Z,EQ-3,86.97,47.90
2026-05-09T04:00:41.2298050Z,EQ-4,94.98,48.70
2026-05-09T04:00:51.2298050Z,EQ-4,99.34,47.15
2026-05-09T04:01:01.2298050Z,EQ-3,95.58,47.99
2026-05-09T04:01:11.2298050Z,EQ-3,86.23,40.73
2026-05-09T04:01:21.2298050Z,EQ-3,94.47,48.29
2026-05-09T04:01:31.2298050Z,EQ-4,95.61,44.69
2026-05-09T04:01:41.2298050Z,EQ-4,98.17,48.47
2026-05-09T04:01:51.2298050Z,EQ-1,91.17,43.92
2026-05-09T04:02:01.2298050Z,EQ-1,93.99,41.80
2026-05-09T04:02:11.2298050Z,EQ-3,98.31,42.78
2026-05-09T04:02:21.2298050Z,EQ-3,92.02,44.40
2026-05-09T04:02:31.2298050Z,EQ-3,91.32,40.08
2026-05-09T04:02:41.2298050Z,EQ-3,93.84,46.37
2026-05-09T04:02:51.2298050Z,EQ-1,94.25,46.23
2026-05-09T04:03:01.2298050Z,EQ-3,91.71,43.03
2026-05-09T04:03:11.2298050Z,EQ-3,89.74,40.41
2026-05-09T04:03:21.2298050Z,EQ-2,92.01,49.84
2026-05-09T04:03:31.2298050Z,EQ-2,90.06,47.96
2026-05-09T04:03:41.2298050Z,EQ-4,99.33,44.48
2026-05-09T04:03:51.2298050Z,EQ-2,94.31,40.86
2026-05-09T04:04:01.2298050Z,EQ-3,90.60,43.17
2026-05-09T04:04:11.2298050Z,EQ-2,99.25,49.80
2026-05-09T04:04:21.2298050Z,EQ-4,91.39,43.03
2026-05-09T04:04:31.2298050Z,EQ-3,88.70,41.19
2026-05-09T04:04:41.2298050Z,EQ-4,98.29,40.41
2026-05-09T04:04:51.2298050Z,EQ-3,88.12,48.41
2026-05-09T04:05:01.2298050Z,EQ-4,88.27,41.59
2026-05-09T04:05:11.2298050Z,EQ-1,97.04,49.77
2026-05-09T04:05:21.2298050Z,EQ-3,98.30,45.49
2026-05-09T04:05:31.2298050Z,EQ-4,92.78,47.22
2026-05-09T04:05:41.2298050Z,EQ-4,97.46,46.27
2026-05-09T04:05:51.2298050Z,EQ-1,94.07,48.45
2026-05-09T04:06:01.2298050Z,EQ-2,86.84,46.04
2026-05-09T04:06:11.2298050Z,EQ-1,93.63,45.47
2026-05-09T04:06:21.2298050Z,EQ-2,90.86,43.21
2026-05-09T04:06:31.2298050Z,EQ-3,96.17,42.86
2026-05-09T04:06:41.2298050Z,EQ-4,93.49,49.50
2026-05-09T04:06:51.2298050Z,EQ-2,95.05,47.98
2026-05-09T04:07:01.2298050Z,EQ-3,98.37,48.12
2026-05-09T04:07:11.2298050Z,EQ-1,94.13,45.17
2026-05-09T04:07:21.2298050Z,EQ-1,86.07,48.84
2026-05-09T04:07:31.2298050Z,EQ-4,86.24,45.07
2026-05-09T04:07:41.2298050Z,EQ-3,89.19,40.35
2026-05-09T04:07:51.2298050Z,EQ-3,93.60,48.67
2026-05-09T04:08:01.2298050Z,EQ-2,85.18,47.22
2026-05-09T04:08:11.2298050Z,EQ-3,87.68,45.66
2026-05-09T04:08:21.2298050Z,EQ-1,85.17,46.87
2026-05-09T04:08:31.2298050Z,EQ-1,98.30,46.65
2026-05-09T04:08:41.2298050Z,EQ-4,89.12,48.10
2026-05-09T04:08:51.2298050Z,EQ-4,87.90,49.60
2026-05-09T04:09:01.2298050Z,EQ-1,91.35,41.10
2026-05-09T04:09:11.2298050Z,EQ-1,85.15,44.70
2026-05-09T04:09:21.2298050Z,EQ-2,86.90,42.48
2026-05-09T04:09:31.2298050Z,EQ-1,92.37,48.04
2026-05-09T04:09:41.2298050Z,EQ-3,86.99,46.73
2026-05-09T04:09:51.2298050Z,EQ-2,88.50,49.03
2026-05-09T04:10:01.2298050Z,EQ-3,98.56,40.57
2026-05-09T04:10:11.2298050Z,EQ-1,90.26,46.78
2026-05-09T04:10:21.2298050Z,EQ-4,94.30,49.90
2026-05-09T04:10:31.2298050Z,EQ-3,96.46,42.72
2026-05-09T04:10:41.2298050Z,EQ-2,92.39,49.40
2026-05-09T04:10:51.2298050Z,EQ-1,87.83,47.49
2026-05-09T04:11:01.2298050Z,EQ-2,87.80,44.05
2026-05-09T04:11:11.2298050Z,EQ-3,90.42,41.76
2026-05-09T04:11:21.2298050Z,EQ-1,85.79,46.70
2026-05-09T04:11:31.2298050Z,EQ-1,99.00,43.23
2026-05-09T04:11:41.2298050Z,EQ-1,98.54,49.69
2026-05-09T04:11:51.2298050Z,EQ-2,86.38,44.56
2026-05-09T04:12:01.2298050Z,EQ-3,97.62,41.15
2026-05-09T04:12:11.2298050Z,EQ-4,86.21,47.46
2026-05-09T04:12:21.2298050Z,EQ-2,97.51,48.06
2026-05-09T04:12:31.2298050Z,EQ-3,99.79,48.15
2026-05-09T04:12:41.2298050Z,EQ-1,86.54,41.57
2026-05-09T04:12:51.2298050Z,EQ-2,98.67,41.74
2026-05-09T04:13:01.2298050Z,EQ-2,90.05,45.69
2026-05-09T04:13:11.2298050Z,EQ-1,98.75,47.27
2026-05-09T04:13:21.2298050Z,EQ-3,89.61,43.08
2026-05-09T04:13:31.2298050Z,EQ-2,89.07,42.77
2026-05-09T04:13:41.2298050Z,EQ-2,96.85,40.38
2026-05-09T04:13:51.2298050Z,EQ-4,93.84,43.98
2026-05-09T04:14:01.2298050Z,EQ-1,92.84,45.13
2026-05-09T04:14:11.2298050Z,EQ-4,97.12,46.79
2026-05-09T04:14:21.2298050Z,EQ-3,85.91,49.56
2026-05-09T04:14:31.2298050Z,EQ-2,99.79,45.63
2026-05-09T04:14:41.2298050Z,EQ-3,91.02,44.18
2026-05-09T04:14:51.2298050Z,EQ-4,99.81,46.07
2026-05-09T04:15:01.2298050Z,EQ-2,92.48,48.23
2026-05-09T04:15:11.2298050Z,EQ-1,96.96,46.90
2026-05-09T04:15:21.2298050Z,EQ-4,99.36,45.43
2026-05-09T04:15:31.2298050Z,EQ-1,85.30,43.23
2026-05-09T04:15:41.2298050Z,EQ-2,87.17,44.11
2026-05-09T04:15:51.2298050Z,EQ-2,90.63,44.65
2026-05-09T04:16:01.2298050Z,EQ-3,94.83,46.95
2026-05-09T04:16:11.2298050Z,EQ-2,95.44,49.88
2026-05-09T04:16:21.2298050Z,EQ-4,89.76,41.22
2026-05-09T04:16:31.2298050Z,EQ-2,98.30,41.03
2026-05-09T04:16:41.2298050Z,EQ-1,95.02,48.75
2026-05-09T04:16:51.2298050Z,EQ-2,90.87,43.29
2026-05-09T04:17:01.2298050Z,EQ-2,93.51,40.97
2026-05-09T04:17:11.2298050Z,EQ-1,99.07,43.15
2026-05-09T04:17:21.2298050Z,EQ-4,93.78,44.87
2026-05-09T04:17:31.2298050Z,EQ-1,98.69,49.95
2026-05-09T04:17:41.2298050Z,EQ-2,98.49,44.11
2026-05-09T04:17:51.2298050Z,EQ-4,90.71,44.80
2026-05-09T04:18:01.2298050Z,EQ-2,88.32,47.92
2026-05-09T04:18:11.2298050Z,EQ-4,89.34,40.44
2026-05-09T04:18:21.2298050Z,EQ-4,86.40,46.78
2026-05-09T04:18:31.2298050Z,EQ-3,86.31,40.48
2026-05-09T04:18:41.2298050Z,EQ-4,95.08,47.69
2026-05-09T04:18:51.2298050Z,EQ-2,85.97,48.62
2026-05-09T04:19:01.2298050Z,EQ-1,92.02,44.34
2026-05-09T04:19:11.2298050Z,EQ-2,88.12,45.47
2026-05-09T04:19:21.2298050Z,EQ-3,96.71,48.71
2026-05-09T04:19:31.2298050Z,EQ-1,91.48,40.66
2026-05-09T04:19:41.2298050Z,EQ-2,95.38,49.20
2026-05-09T04:19:51.2298050Z,EQ-3,92.76,48.44
2026-05-09T04:20:01.2298050Z,EQ-1,94.35,45.18
2026-05-09T04:20:11.2298050Z,EQ-4,95.14,48.32
2026-05-09T04:20:21.2298050Z,EQ-1,90.59,46.20
2026-05-09T04:20:31.2298050Z,EQ-4,88.70,40.19
2026-05-09T04:20:41.2298050Z,EQ-1,86.04,47.32
2026-05-09T04:20:51.2298050Z,EQ-4,87.08,42.65
2026-05-09T04:21:01.2298050Z,EQ-2,90.16,47.85
2026-05-09T04:21:11.2298050Z,EQ-2,94.20,43.45
2026-05-09T04:21:21.2298050Z,EQ-2,87.76,46.84
2026-05-09T04:21:31.2298050Z,EQ-2,90.85,40.61
2026-05-09T04:21:41.2298050Z,EQ-4,89.97,48.71
2026-05-09T04:21:51.2298050Z,EQ-3,91.96,49.36
2026-05-09T04:22:01.2298050Z,EQ-4,87.77,41.11
2026-05-09T04:22:11.2298050Z,EQ-3,92.49,49.16
2026-05-09T04:22:21.2298050Z,EQ-4,86.07,46.44
2026-05-09T04:22:31.2298050Z,EQ-4,90.18,44.10
2026-05-09T04:22:41.2298050Z,EQ-4,89.32,48.08
2026-05-09T04:22:51.2298050Z,EQ-2,86.82,40.77
2026-05-09T04:23:01.2298050Z,EQ-1,98.48,46.11
2026-05-09T04:23:11.2298050Z,EQ-1,94.02,46.19
2026-05-09T04:23:21.2298050Z,EQ-4,91.31,45.14
2026-05-09T04:23:31.2298050Z,EQ-2,97.96,47.27
2026-05-09T04:23:41.2298050Z,EQ-4,90.24,45.31
2026-05-09T04:23:51.2298050Z,EQ-2,94.36,47.53
2026-05-09T04:24:01.2298050Z,EQ-1,91.01,49.72
2026-05-09T04:24:11.2298050Z,EQ-1,91.77,44.92
2026-05-09T04:24:21.2298050Z,EQ-2,93.96,40.32
2026-05-09T04:24:31.2298050Z,EQ-2,96.81,49.32
2026-05-09T04:24:41.2298050Z,EQ-3,87.87,44.20
2026-05-09T04:24:51.2298050Z,EQ-4,95.72,45.70
2026-05-09T04:25:01.2298050Z,EQ-4,93.78,48.63
2026-05-09T04:25:11.2298050Z,EQ-1,94.10,40.12
2026-05-09T04:25:21.2298050Z,EQ-3,93.06,41.45
2026-05-09T04:25:31.2298050Z,EQ-3,85.75,46.97
2026-05-09T04:25:41.2298050Z,EQ-1,86.70,44.85
2026-05-09T04:25:51.2298050Z,EQ-3,85.55,49.58
2026-05-09T04:26:01.2298050Z,EQ-4,85.11,44.70
2026-05-09T04:26:11.2298050Z,EQ-2,89.12,40.44
2026-05-09T04:26:21.2298050Z,EQ-2,87.21,49.45
2026-05-09T04:26:31.2298050Z,EQ-2,99.37,49.49
2026-05-09T04:26:41.2298050Z,EQ-2,88.79,42.68
2026-05-09T04:26:51.2298050Z,EQ-1,88.49,46.51
2026-05-09T04:27:01.2298050Z,EQ-1,89.05,49.68
2026-05-09T04:27:11.2298050Z,EQ-3,98.51,45.32
2026-05-09T04:27:21.2298050Z,EQ-2,98.70,42.94
2026-05-09T04:27:31.2298050Z,EQ-4,99.97,48.14
2026-05-09T04:27:41.2298050Z,EQ-4,96.90,40.40
2026-05-09T04:27:51.2298050Z,EQ-2,85.20,40.38
2026-05-09T04:28:01.2298050Z,EQ-1,87.70,42.43
2026-05-09T04:28:11.2298050Z,EQ-4,92.94,48.16
2026-05-09T04:28:21.2298050Z,EQ-4,96.64,42.24
2026-05-09T04:28:31.2298050Z,EQ-4,85.36,41.50
2026-05-09T04:28:41.2298050Z,EQ-4,88.72,47.15
2026-05-09T04:28:51.2298050Z,EQ-1,98.50,42.50
2026-05-09T04:29:01.2298050Z,EQ-4,85.07,48.79
2026-05-09T04:29:11.2298050Z,EQ-3,95.50,42.81
2026-05-09T04:29:21.2298050Z,EQ-4,95.33,43.85
2026-05-09T04:29:31.2298050Z,EQ-2,94.76,42.09
2026-05-09T04:29:41.2298050Z,EQ-3,93.20,46.21
2026-05-09T04:29:51.2298050Z,EQ-2,89.50,42.19
2026-05-09T04:30:01.2298050Z,EQ-2,98.67,40.13
2026-05-09T04:30:11.2298050Z,EQ-3,97.54,43.41
2026-05-09T04:30:21.2298050Z,EQ-2,95.92,44.08
2026-05-09T04:30:31.2298050Z,EQ-4,88.92,42.49
2026-05-09T04:30:41.2298050Z,EQ-3,89.87,41.50
2026-05-09T04:30:51.2298050Z,EQ-4,92.29,49.83
2026-05-09T04:31:01.2298050Z,EQ-2,94.90,47.05
2026-05-09T04:31:11.2298050Z,EQ-2,87.04,48.12
2026-05-09T04:31:21.2298050Z,EQ-2,95.10,48.28
2026-05-09T04:31:31.2298050Z,EQ-4,94.54,43.37
2026-05-09T04:31:41.2298050Z,EQ-2,98.04,49.30
2026-05-09T04:31:51.2298050Z,EQ-2,95.88,45.06
2026-05-09T04:32:01.2298050Z,EQ-2,98.22,46.44
2026-05-09T04:32:11.2298050Z,EQ-1,89.41,41.23
2026-05-09T04:32:21.2298050Z,EQ-4,91.39,43.75
2026-05-09T04:32:31.2298050Z,EQ-4,96.13,42.85
2026-05-09T04:32:41.2298050Z,EQ-1,98.69,42.36
2026-05-09T04:32:51.2298050Z,EQ-4,94.95,43.37
2026-05-09T04:33:01.2298050Z,EQ-1,87.65,42.84
2026-05-09T04:33:11.2298050Z,EQ-3,91.28,48.05
2026-05-09T04:33:21.2298050Z,EQ-1,89.11,40.67
2026-05-09T04:33:31.2298050Z,EQ-3,93.98,45.79
2026-05-09T04:33:41.2298050Z,EQ-2,85.11,47.23
2026-05-09T04:33:51.2298050Z,EQ-4,94.77,41.11
2026-05-09T04:34:01.2298050Z,EQ-4,94.84,47.15
2026-05-09T04:34:11.2298050Z,EQ-1,92.95,45.91
2026-05-09T04:34:21.2298050Z,EQ-3,85.28,48.59
2026-05-09T04:34:31.2298050Z,EQ-3,96.41,42.12
2026-05-09T04:34:41.2298050Z,EQ-3,97.76,47.91
2026-05-09T04:34:51.2298050Z,EQ-1,88.77,44.19
2026-05-09T04:35:01.2298050Z,EQ-4,91.15,43.35
2026-05-09T04:35:11.2298050Z,EQ-3,99.54,46.64
2026-05-09T04:35:21.2298050Z,EQ-3,99.50,44.67
2026-05-09T04:35:31.2298050Z,EQ-1,90.58,40.12
2026-05-09T04:35:41.2298050Z,EQ-4,97.27,44.96
2026-05-09T04:35:51.2298050Z,EQ-2,91.31,44.37
2026-05-09T04:36:01.2298050Z,EQ-1,89.31,40.20
2026-05-09T04:36:11.2298050Z,EQ-4,92.30,44.80
2026-05-09T04:36:21.2298050Z,EQ-3,88.95,46.68
2026-05-09T04:36:31.2298050Z,EQ-3,98.82,40.04
2026-05-09T04:36:41.2298050Z,EQ-3,95.29,43.60
2026-05-09T04:36:51.2298050Z,EQ-3,98.89,47.45
2026-05-09T04:37:01.2298050Z,EQ-4,98.59,47.76
2026-05-09T04:37:11.2298050Z,EQ-1,92.13,46.60
2026-05-09T04:37:21.2298050Z,EQ-4,96.97,49.11
2026-05-09T04:37:31.2298050Z,EQ-1,97.64,40.58
2026-05-09T04:37:41.2298050Z,EQ-4,96.90,48.64
2026-05-09T04:37:51.2298050Z,EQ-4,88.08,49.62
2026-05-09T04:38:01.2298050Z,EQ-3,96.08,42.84
2026-05-09T04:38:11.2298050Z,EQ-3,94.85,46.80
2026-05-09T04:38:21.2298050Z,EQ-4,85.98,46.60
2026-05-09T04:38:31.2298050Z,EQ-1,97.10,47.19
2026-05-09T04:38:41.2298050Z,EQ-3,97.93,48.93
2026-05-09T04:38:51.2298050Z,EQ-2,94.52,40.31
2026-05-09T04:39:01.2298050Z,EQ-4,88.89,43.98
2026-05-09T04:39:11.2298050Z,EQ-4,97.74,44.77
2026-05-09T04:39:21.2298050Z,EQ-3,97.87,40.26
2026-05-09T04:39:31.2298050Z,EQ-1,97.57,46.14
2026-05-09T04:39:41.2298050Z,EQ-1,92.18,45.56
2026-05-09T04:39:51.2298050Z,EQ-3,90.18,49.68
2026-05-09T04:40:01.2298050Z,EQ-3,94.38,42.59
2026-05-09T04:40:11.2298050Z,EQ-4,95.03,40.73
2026-05-09T04:40:21.2298050Z,EQ-2,92.40,47.90
2026-05-09T04:40:31.2298050Z,EQ-4,89.02,49.29
2026-05-09T04:40:41.2298050Z,EQ-4,88.63,49.75
2026-05-09T04:40:51.2298050Z,EQ-1,96.20,48.33
2026-05-09T04:41:01.2298050Z,EQ-2,97.14,49.81
2026-05-09T04:41:11.2298050Z,EQ-2,91.84,46.55
2026-05-09T04:41:21.2298050Z,EQ-4,98.61,40.28
2026-05-09T04:41:31.2298050Z,EQ-3,90.57,45.94
2026-05-09T04:41:41.2298050Z,EQ-3,96.78,43.72
2026-05-09T04:41:51.2298050Z,EQ-4,98.95,41.05
2026-05-09T04:42:01.2298050Z,EQ-2,86.01,44.91
2026-05-09T04:42:11.2298050Z,EQ-3,97.26,46.92
2026-05-09T04:42:21.2298050Z,EQ-4,95.60,44.89
2026-05-09T04:42:31.2298050Z,EQ-4,85.38,45.97
2026-05-09T04:42:41.2298050Z,EQ-1,86.98,48.25
2026-05-09T04:42:51.2298050Z,EQ-1,91.42,41.49
2026-05-09T04:43:01.2298050Z,EQ-1,88.57,42.73
2026-05-09T04:43:11.2298050Z,EQ-3,90.05,49.14
2026-05-09T04:43:21.2298050Z,EQ-2,98.26,49.73
2026-05-09T04:43:31.2298050Z,EQ-3,97.96,44.92
2026-05-09T04:43:41.2298050Z,EQ-2,93.66,48.69
2026-05-09T04:43:51.2298050Z,EQ-4,92.73,40.91
2026-05-09T04:44:01.2298050Z,EQ-4,97.96,41.79
2026-05-09T04:44:11.2298050Z,EQ-1,88.22,44.98
2026-05-09T04:44:21.2298050Z,EQ-3,86.80,48.19
2026-05-09T04:44:31.2298050Z,EQ-3,99.48,41.80
2026-05-09T04:44:41.2298050Z,EQ-3,99.15,40.44
2026-05-09T04:44:51.2298050Z,EQ-4,86.36,42.07
2026-05-09T04:45:01.2298050Z,EQ-1,94.23,45.67
2026-05-09T04:45:11.2298050Z,EQ-4,99.12,43.45
2026-05-09T04:45:21.2298050Z,EQ-2,86.27,44.73
2026-05-09T04:45:31.2298050Z,EQ-2,92.75,42.92
2026-05-09T04:45:41.2298050Z,EQ-2,96.78,43.18
2026-05-09T04:45:51.2298050Z,EQ-1,99.84,43.01
2026-05-09T04:46:01.2298050Z,EQ-3,95.93,42.85
2026-05-09T04:46:11.2298050Z,EQ-2,90.84,41.26
2026-05-09T04:46:21.2298050Z,EQ-2,91.79,44.91
2026-05-09T04:46:31.2298050Z,EQ-4,93.59,40.49
2026-05-09T04:46:41.2298050Z,EQ-1,86.93,43.94
2026-05-09T04:46:51.2298050Z,EQ-2,94.13,41.37
2026-05-09T04:47:01.2298050Z,EQ-1,92.10,42.60
2026-05-09T04:47:11.2298050Z,EQ-2,97.85,41.36
2026-05-09T04:47:21.2298050Z,EQ-3,87.42,43.70
2026-05-09T04:47:31.2298050Z,EQ-3,88.99,44.63
2026-05-09T04:47:41.2298050Z,EQ-4,99.22,47.53
2026-05-09T04:47:51.2298050Z,EQ-1,93.87,40.32
2026-05-09T04:48:01.2298050Z,EQ-2,85.25,48.76
2026-05-09T04:48:11.2298050Z,EQ-1,86.22,40.11
2026-05-09T04:48:21.2298050Z,EQ-3,99.25,47.60
2026-05-09T04:48:31.2298050Z,EQ-3,92.53,40.30
2026-05-09T04:48:41.2298050Z,EQ-2,92.85,42.58
2026-05-09T04:48:51.2298050Z,EQ-4,92.21,48.87
2026-05-09T04:49:01.2298050Z,EQ-3,88.10,46.11
2026-05-09T04:49:11.2298050Z,EQ-1,98.96,48.41
2026-05-09T04:49:21.2298050Z,EQ-3,96.36,42.44
2026-05-09T04:49:31.2298050Z,EQ-4,96.40,42.51
2026-05-09T04:49:41.2298050Z,EQ-4,95.11,47.44
2026-05-09T04:49:51.2298050Z,EQ-3,91.17,44.48
2026-05-09T04:50:01.2298050Z,EQ-4,94.92,41.46
2026-05-09T04:50:11.2298050Z,EQ-1,94.71,44.90
2026-05-09T04:50:21.2298050Z,EQ-1,93.59,44.01
2026-05-09T04:50:31.2298050Z,EQ-3,86.34,44.37
2026-05-09T04:50:41.2298050Z,EQ-1,89.59,44.61
2026-05-09T04:50:51.2298050Z,EQ-4,93.61,43.92
2026-05-09T04:51:01.2298050Z,EQ-3,99.07,45.00
2026-05-09T04:51:11.2298050Z,EQ-3,95.15,46.38
2026-05-09T04:51:21.2298050Z,EQ-2,98.67,43.49
2026-05-09T04:51:31.2298050Z,EQ-1,86.23,44.24
2026-05-09T04:51:41.2298050Z,EQ-2,97.81,48.94
2026-05-09T04:51:51.2298050Z,EQ-1,85.18,44.16
2026-05-09T04:52:01.2298050Z,EQ-2,91.11,42.39
2026-05-09T04:52:11.2298050Z,EQ-4,89.32,45.69
2026-05-09T04:52:21.2298050Z,EQ-4,95.68,41.35
2026-05-09T04:52:31.2298050Z,EQ-4,90.19,44.01
2026-05-09T04:52:41.2298050Z,EQ-2,94.67,42.34
2026-05-09T04:52:51.2298050Z,EQ-4,88.85,40.50
2026-05-09T04:53:01.2298050Z,EQ-4,89.72,46.53
2026-05-09T04:53:11.2298050Z,EQ-4,95.48,46.51
2026-05-09T04:53:21.2298050Z,EQ-1,93.93,41.50
2026-05-09T04:53:31.2298050Z,EQ-3,93.77,47.65
2026-05-09T04:53:41.2298050Z,EQ-2,88.15,49.73
2026-05-09T04:53:51.2298050Z,EQ-4,95.39,46.01
2026-05-09T04:54:01.2298050Z,EQ-2,89.79,47.56
2026-05-09T04:54:11.2298050Z,EQ-4,93.94,47.67
2026-05-09T04:54:21.2298050Z,EQ-3,93.95,48.00
2026-05-09T04:54:31.2298050Z,EQ-2,95.07,44.71
2026-05-09T04:54:41.2298050Z,EQ-3,87.91,40.29
2026-05-09T04:54:51.2298050Z,EQ-2,86.29,44.92
2026-05-09T04:55:01.2298050Z,EQ-2,93.22,42.54
2026-05-09T04:55:11.2298050Z,EQ-1,99.92,45.72
2026-05-09T04:55:21.2298050Z,EQ-1,97.68,42.20
2026-05-09T04:55:31.2298050Z,EQ-3,89.04,43.17
2026-05-09T04:55:41.2298050Z,EQ-3,90.57,46.48
2026-05-09T04:55:51.2298050Z,EQ-3,99.92,49.97
2026-05-09T04:56:01.2298050Z,EQ-3,95.21,45.16
2026-05-09T04:56:11.2298050Z,EQ-3,99.54,43.02
2026-05-09T04:56:21.2298050Z,EQ-1,93.94,48.32
2026-05-09T04:56:31.2298050Z,EQ-2,95.46,46.06
2026-05-09T04:56:41.2298050Z,EQ-3,94.61,46.95
2026-05-09T04:56:51.2298050Z,EQ-1,96.42,46.90
2026-05-09T04:57:01.2298050Z,EQ-4,90.36,41.10
2026-05-09T04:57:11.2298050Z,EQ-1,92.29,49.51
2026-05-09T04:57:21.2298050Z,EQ-2,98.45,40.51
2026-05-09T04:57:31.2298050Z,EQ-3,97.72,40.02
2026-05-09T04:57:41.2298050Z,EQ-2,95.44,47.09
2026-05-09T04:57:51.2298050Z,EQ-4,97.75,44.44
2026-05-09T04:58:01.2298050Z,EQ-4,95.80,42.62
2026-05-09T04:58:11.2298050Z,EQ-1,92.51,40.12
2026-05-09T04:58:21.2298050Z,EQ-4,85.08,40.85
2026-05-09T04:58:31.2298050Z,EQ-4,94.40,45.36
2026-05-09T04:58:41.2298050Z,EQ-2,99.85,40.93
2026-05-09T04:58:51.2298050Z,EQ-4,91.86,40.69
2026-05-09T04:59:01.2298050Z,EQ-1,89.11,47.21
2026-05-09T04:59:11.2298050Z,EQ-1,85.00,45.13
2026-05-09T04:59:21.2298050Z,EQ-1,93.57,42.33
2026-05-09T04:59:31.2298050Z,EQ-3,86.00,48.51
2026-05-09T04:59:41.2298050Z,EQ-1,95.93,45.13
2026-05-09T04:59:51.2298050Z,EQ-4,93.49,47.90
2026-05-09T05:00:01.2298050Z,EQ-1,90.58,43.45
2026-05-09T05:00:11.2298050Z,EQ-3,94.99,40.81
2026-05-09T05:00:21.2298050Z,EQ-4,94.86,48.77
2026-05-09T05:00:31.2298050Z,EQ-3,85.54,47.55
2026-05-09T05:00:41.2298050Z,EQ-1,91.88,48.60
2026-05-09T05:00:51.2298050Z,EQ-2,92.87,43.99
2026-05-09T05:01:01.2298050Z,EQ-4,97.70,41.13
2026-05-09T05:01:11.2298050Z,EQ-1,87.27,45.69
2026-05-09T05:01:21.2298050Z,EQ-4,91.90,41.17
2026-05-09T05:01:31.2298050Z,EQ-1,87.47,46.08
2026-05-09T05:01:41.2298050Z,EQ-4,95.24,42.33
2026-05-09T05:01:51.2298050Z,EQ-2,94.57,44.36
2026-05-09T05:02:01.2298050Z,EQ-4,90.72,49.00
2026-05-09T05:02:11.2298050Z,EQ-4,91.23,42.96
2026-05-09T05:02:21.2298050Z,EQ-2,91.25,46.10
2026-05-09T05:02:31.2298050Z,EQ-1,94.31,47.40
2026-05-09T05:02:41.2298050Z,EQ-2,92.30,45.52
2026-05-09T05:02:51.2298050Z,EQ-4,99.54,41.10
2026-05-09T05:03:01.2298050Z,EQ-4,87.16,44.26
2026-05-09T05:03:11.2298050Z,EQ-1,90.45,40.07
2026-05-09T05:03:21.2298050Z,EQ-1,92.86,40.98
2026-05-09T05:03:31.2298050Z,EQ-2,86.53,40.96
2026-05-09T05:03:41.2298050Z,EQ-3,95.18,45.86
2026-05-09T05:03:51.2298050Z,EQ-2,96.51,45.55
2026-05-09T05:04:01.2298050Z,EQ-1,89.13,41.13
2026-05-09T05:04:11.2298050Z,EQ-2,90.18,46.96
2026-05-09T05:04:21.2298050Z,EQ-1,98.98,46.44
2026-05-09T05:04:31.2298050Z,EQ-4,85.20,46.54
2026-05-09T05:04:41.2298050Z,EQ-2,85.36,49.14
2026-05-09T05:04:51.2298050Z,EQ-4,88.08,44.48
2026-05-09T05:05:01.2298050Z,EQ-1,91.32,43.82
2026-05-09T05:05:11.2298050Z,EQ-2,95.50,46.02
2026-05-09T05:05:21.2298050Z,EQ-2,95.52,49.08
2026-05-09T05:05:31.2298050Z,EQ-1,87.33,49.99
2026-05-09T05:05:41.2298050Z,EQ-2,97.17,45.71
2026-05-09T05:05:51.2298050Z,EQ-4,88.29,44.53
2026-05-09T05:06:01.2298050Z,EQ-4,86.47,48.26
2026-05-09T05:06:11.2298050Z,EQ-1,97.15,49.54
2026-05-09T05:06:21.2298050Z,EQ-2,99.42,42.07
2026-05-09T05:06:31.2298050Z,EQ-2,91.64,48.64
2026-05-09T05:06:41.2298050Z,EQ-1,88.49,41.97
2026-05-09T05:06:51.2298050Z,EQ-3,96.20,42.54
2026-05-09T05:07:01.2298050Z,EQ-1,96.06,40.43
2026-05-09T05:07:11.2298050Z,EQ-4,90.25,43.90
2026-05-09T05:07:21.2298050Z,EQ-3,92.72,42.39
2026-05-09T05:07:31.2298050Z,EQ-3,93.14,43.53
2026-05-09T05:07:41.2298050Z,EQ-1,92.61,46.03
2026-05-09T05:07:51.2298050Z,EQ-4,86.53,49.70
2026-05-09T05:08:01.2298050Z,EQ-3,89.43,40.12
2026-05-09T05:08:11.2298050Z,EQ-3,97.59,44.25
2026-05-09T05:08:21.2298050Z,EQ-2,87.60,45.96
2026-05-09T05:08:31.2298050Z,EQ-3,98.67,42.96
2026-05-09T05:08:41.2298050Z,EQ-1,95.00,44.91
2026-05-09T05:08:51.2298050Z,EQ-3,98.04,48.34
2026-05-09T05:09:01.2298050Z,EQ-4,91.70,41.12
2026-05-09T05:09:11.2298050Z,EQ-1,91.24,48.47
2026-05-09T05:09:21.2298050Z,EQ-1,86.55,41.65
2026-05-09T05:09:31.2298050Z,EQ-1,89.81,41.48
2026-05-09T05:09:41.2298050Z,EQ-1,98.91,43.48
2026-05-09T05:09:51.2298050Z,EQ-4,89.39,46.20
2026-05-09T05:10:01.2298050Z,EQ-2,89.36,42.00
2026-05-09T05:10:11.2298050Z,EQ-4,85.89,41.73
2026-05-09T05:10:21.2298050Z,EQ-4,98.32,49.87
2026-05-09T05:10:31.2298050Z,EQ-4,91.15,48.44
2026-05-09T05:10:41.2298050Z,EQ-2,91.30,44.06
2026-05-09T05:10:51.2298050Z,EQ-1,93.18,46.88
2026-05-09T05:11:01.2298050Z,EQ-2,97.30,47.58
2026-05-09T05:11:11.2298050Z,EQ-3,88.93,48.87
2026-05-09T05:11:21.2298050Z,EQ-2,96.43,45.30
2026-05-09T05:11:31.2298050Z,EQ-4,85.82,48.42
2026-05-09T05:11:41.2298050Z,EQ-2,90.32,47.43
2026-05-09T05:11:51.2298050Z,EQ-1,95.74,42.41
2026-05-09T05:12:01.2298050Z,EQ-1,97.37,49.12
2026-05-09T05:12:11.2298050Z,EQ-3,91.45,47.21
2026-05-09T05:12:21.2298050Z,EQ-3,99.82,45.60
2026-05-09T05:12:31.2298050Z,EQ-2,98.07,42.57
2026-05-09T05:12:41.2298050Z,EQ-2,95.29,49.77
2026-05-09T05:12:51.2298050Z,EQ-2,98.98,48.27
2026-05-09T05:13:01.2298050Z,EQ-4,98.27,49.43
2026-05-09T05:13:11.2298050Z,EQ-4,89.22,41.67
2026-05-09T05:13:21.2298050Z,EQ-1,95.85,48.84
2026-05-09T05:13:31.2298050Z,EQ-2,96.95,49.66
2026-05-09T05:13:41.2298050Z,EQ-4,95.15,49.91
2026-05-09T05:13:51.2298050Z,EQ-4,88.16,48.03
2026-05-09T05:14:01.2298050Z,EQ-4,99.94,40.93
2026-05-09T05:14:11.2298050Z,EQ-3,99.77,48.41
2026-05-09T05:14:21.2298050Z,EQ-1,88.68,49.37
2026-05-09T05:14:31.2298050Z,EQ-1,94.00,44.84
2026-05-09T05:14:41.2298050Z,EQ-1,91.98,45.09
2026-05-09T05:14:51.2298050Z,EQ-3,88.95,47.35
2026-05-09T05:15:01.2298050Z,EQ-3,93.50,45.91
2026-05-09T05:15:11.2298050Z,EQ-4,94.70,44.70
2026-05-09T05:15:21.2298050Z,EQ-3,93.02,46.15
2026-05-09T05:15:31.2298050Z,EQ-3,93.84,45.44
2026-05-09T05:15:41.2298050Z,EQ-1,97.45,43.93
2026-05-09T05:15:51.2298050Z,EQ-1,93.42,40.27
2026-05-09T05:16:01.2298050Z,EQ-3,99.20,40.35
2026-05-09T05:16:11.2298050Z,EQ-3,99.50,43.26
2026-05-09T05:16:21.2298050Z,EQ-1,87.24,40.05
2026-05-09T05:16:31.2298050Z,EQ-3,98.13,42.25
2026-05-09T05:16:41.2298050Z,EQ-3,95.97,40.76
2026-05-09T05:16:51.2298050Z,EQ-4,86.04,42.14
2026-05-09T05:17:01.2298050Z,EQ-4,90.13,49.06
2026-05-09T05:17:11.2298050Z,EQ-1,99.15,48.49
2026-05-09T05:17:21.2298050Z,EQ-2,89.31,45.23
2026-05-09T05:17:31.2298050Z,EQ-3,98.50,47.36
2026-05-09T05:17:41.2298050Z,EQ-4,86.98,43.51
2026-05-09T05:17:51.2298050Z,EQ-3,96.82,48.87
2026-05-09T05:18:01.2298050Z,EQ-4,90.62,47.81
2026-05-09T05:18:11.2298050Z,EQ-2,94.88,49.93
2026-05-09T05:18:21.2298050Z,EQ-2,87.70,47.38
2026-05-09T05:18:31.2298050Z,EQ-3,87.56,49.15
2026-05-09T05:18:41.2298050Z,EQ-1,89.77,47.41
2026-05-09T05:18:51.2298050Z,EQ-3,85.23,46.46
2026-05-09T05:19:01.2298050Z,EQ-1,97.69,44.38
2026-05-09T05:19:11.2298050Z,EQ-4,91.71,47.91
2026-05-09T05:19:21.2298050Z,EQ-4,95.70,42.80
2026-05-09T05:19:31.2298050Z,EQ-4,99.08,46.09
2026-05-09T05:19:41.2298050Z,EQ-3,91.51,41.34
2026-05-09T05:19:51.2298050Z,EQ-2,89.50,46.57
2026-05-09T05:20:01.2298050Z,EQ-2,88.33,43.35
2026-05-09T05:20:11.2298050Z,EQ-2,97.73,49.38
2026-05-09T05:20:21.2298050Z,EQ-2,88.67,41.42
2026-05-09T05:20:31.2298050Z,EQ-1,85.28,48.65
2026-05-09T05:20:41.2298050Z,EQ-4,95.40,41.76
2026-05-09T05:20:51.2298050Z,EQ-4,86.95,41.58
2026-05-09T05:21:01.2298050Z,EQ-4,87.73,46.73
2026-05-09T05:21:11.2298050Z,EQ-3,93.20,47.26
2026-05-09T05:21:21.2298050Z,EQ-2,99.52,47.23
2026-05-09T05:21:31.2298050Z,EQ-4,87.07,43.49
2026-05-09T05:21:41.2298050Z,EQ-3,89.15,44.47
2026-05-09T05:21:51.2298050Z,EQ-4,87.51,42.97
2026-05-09T05:22:01.2298050Z,EQ-2,97.32,45.27
2026-05-09T05:22:11.2298050Z,EQ-4,97.25,40.33
2026-05-09T05:22:21.2298050Z,EQ-2,94.28,49.49
2026-05-09T05:22:31.2298050Z,EQ-3,99.85,45.36
2026-05-09T05:22:41.2298050Z,EQ-1,86.50,47.29
2026-05-09T05:22:51.2298050Z,EQ-3,93.96,46.06
2026-05-09T05:23:01.2298050Z,EQ-1,86.31,48.24
2026-05-09T05:23:11.2298050Z,EQ-3,87.79,40.54
2026-05-09T05:23:21.2298050Z,EQ-1,96.74,43.55
2026-05-09T05:23:31.2298050Z,EQ-1,99.98,47.66
2026-05-09T05:23:41.2298050Z,EQ-1,98.63,46.57
2026-05-09T05:23:51.2298050Z,EQ-3,86.45,42.44
2026-05-09T05:24:01.2298050Z,EQ-3,98.70,46.12
2026-05-09T05:24:11.2298050Z,EQ-2,93.92,44.77
2026-05-09T05:24:21.2298050Z,EQ-3,96.63,49.01
2026-05-09T05:24:31.2298050Z,EQ-4,99.36,47.48
2026-05-09T05:24:41.2298050Z,EQ-4,89.60,44.99
2026-05-09T05:24:51.2298050Z,EQ-4,91.73,47.68
2026-05-09T05:25:01.2298050Z,EQ-3,98.45,46.88
2026-05-09T05:25:11.2298050Z,EQ-1,85.59,47.40
2026-05-09T05:25:21.2298050Z,EQ-4,96.85,44.56
2026-05-09T05:25:31.2298050Z,EQ-1,90.68,47.18
2026-05-09T05:25:41.2298050Z,EQ-3,93.06,43.92
2026-05-09T05:25:51.2298050Z,EQ-1,90.36,47.42
2026-05-09T05:26:01.2298050Z,EQ-4,92.55,43.43
2026-05-09T05:26:11.2298050Z,EQ-1,90.04,49.51
2026-05-09T05:26:21.2298050Z,EQ-4,89.96,41.68
2026-05-09T05:26:31.2298050Z,EQ-4,88.98,40.16
2026-05-09T05:26:41.2298050Z,EQ-4,97.12,49.82
2026-05-09T05:26:51.2298050Z,EQ-2,87.25,44.94
2026-05-09T05:27:01.2298050Z,EQ-1,99.03,49.50
2026-05-09T05:27:11.2298050Z,EQ-3,97.29,47.26
2026-05-09T05:27:21.2298050Z,EQ-2,89.28,48.94
2026-05-09T05:27:31.2298050Z,EQ-1,92.76,44.94
2026-05-09T05:27:41.2298050Z,EQ-2,99.29,40.83
2026-05-09T05:27:51.2298050Z,EQ-2,86.40,43.01
2026-05-09T05:28:01.2298050Z,EQ-4,86.24,44.36
2026-05-09T05:28:11.2298050Z,EQ-1,86.05,42.03
2026-05-09T05:28:21.2298050Z,EQ-3,85.64,48.12
2026-05-09T05:28:31.2298050Z,EQ-4,93.62,48.10
2026-05-09T05:28:41.2298050Z,EQ-2,97.98,49.44
2026-05-09T05:28:51.2298050Z,EQ-2,90.84,44.73
2026-05-09T05:29:01.2298050Z,EQ-2,87.73,49.18
2026-05-09T05:29:11.2298050Z,EQ-1,86.13,43.24
2026-05-09T05:29:21.2298050Z,EQ-2,97.07,49.78
2026-05-09T05:29:31.2298050Z,EQ-4,91.33,47.59
2026-05-09T05:29:41.2298050Z,EQ-1,87.55,45.50
2026-05-09T05:29:51.2298050Z,EQ-3,92.96,46.40
2026-05-09T05:30:01.2298050Z,EQ-2,99.30,41.36
2026-05-09T05:30:11.2298050Z,EQ-2,91.89,45.87
2026-05-09T05:30:21.2298050Z,EQ-4,86.23,47.80
2026-05-09T05:30:31.2298050Z,EQ-2,98.60,46.54
2026-05-09T05:30:41.2298050Z,EQ-4,95.32,43.63
2026-05-09T05:30:51.2298050Z,EQ-3,95.78,40.73
2026-05-09T05:31:01.2298050Z,EQ-3,96.21,45.64
2026-05-09T05:31:11.2298050Z,EQ-1,89.53,44.21
2026-05-09T05:31:21.2298050Z,EQ-4,99.50,49.20
2026-05-09T05:31:31.2298050Z,EQ-2,98.14,42.86
2026-05-09T05:31:41.2298050Z,EQ-2,88.18,49.69
2026-05-09T05:31:51.2298050Z,EQ-4,98.34,41.78
2026-05-09T05:32:01.2298050Z,EQ-2,92.67,47.54
2026-05-09T05:32:11.2298050Z,EQ-1,85.67,41.02
2026-05-09T05:32:21.2298050Z,EQ-2,92.66,47.21
2026-05-09T05:32:31.2298050Z,EQ-4,94.40,41.43
2026-05-09T05:32:41.2298050Z,EQ-3,93.96,49.53
2026-05-09T05:32:51.2298050Z,EQ-4,97.02,46.89
2026-05-09T05:33:01.2298050Z,EQ-2,98.12,42.54
2026-05-09T05:33:11.2298050Z,EQ-1,88.98,49.98
2026-05-09T05:33:21.2298050Z,EQ-1,86.98,47.82
2026-05-09T05:33:31.2298050Z,EQ-2,90.87,43.20
2026-05-09T05:33:41.2298050Z,EQ-3,96.76,49.33
2026-05-09T05:33:51.2298050Z,EQ-2,94.26,47.35
2026-05-09T05:34:01.2298050Z,EQ-1,96.89,45.88
2026-05-09T05:34:11.2298050Z,EQ-2,99.29,47.56
2026-05-09T05:34:21.2298050Z,EQ-1,90.97,43.44
2026-05-09T05:34:31.2298050Z,EQ-3,92.16,42.37
2026-05-09T05:34:41.2298050Z,EQ-1,95.89,43.89
2026-05-09T05:34:51.2298050Z,EQ-1,93.87,40.49
2026-05-09T05:35:01.2298050Z,EQ-3,88.68,46.68
2026-05-09T05:35:11.2298050Z,EQ-4,95.44,46.01
2026-05-09T05:35:21.2298050Z,EQ-1,96.22,41.24
2026-05-09T05:35:31.2298050Z,EQ-4,92.45,41.53
2026-05-09T05:35:41.2298050Z,EQ-1,93.61,43.58
2026-05-09T05:35:51.2298050Z,EQ-4,92.12,47.97
2026-05-09T05:36:01.2298050Z,EQ-1,99.59,42.22
2026-05-09T05:36:11.2298050Z,EQ-4,99.50,45.11
2026-05-09T05:36:21.2298050Z,EQ-3,88.19,47.05
2026-05-09T05:36:31.2298050Z,EQ-2,99.99,44.39
2026-05-09T05:36:41.2298050Z,EQ-4,94.51,46.03
2026-05-09T05:36:51.2298050Z,EQ-4,97.78,49.79
2026-05-09T05:37:01.2298050Z,EQ-3,96.89,40.06
2026-05-09T05:37:11.2298050Z,EQ-3,92.72,46.78
2026-05-09T05:37:21.2298050Z,EQ-1,98.39,47.83
2026-05-09T05:37:31.2298050Z,EQ-3,88.48,45.43
2026-05-09T05:37:41.2298050Z,EQ-4,85.29,48.79
2026-05-09T05:37:51.2298050Z,EQ-1,85.71,41.05
2026-05-09T05:38:01.2298050Z,EQ-3,92.88,40.48
2026-05-09T05:38:11.2298050Z,EQ-1,98.61,44.61
2026-05-09T05:38:21.2298050Z,EQ-2,96.89,45.42
2026-05-09T05:38:31.2298050Z,EQ-1,94.32,44.48
2026-05-09T05:38:41.2298050Z,EQ-1,98.26,48.74
2026-05-09T05:38:51.2298050Z,EQ-2,86.20,45.24
2026-05-09T05:39:01.2298050Z,EQ-3,94.94,49.66
2026-05-09T05:39:11.2298050Z,EQ-3,89.76,41.26
2026-05-09T05:39:21.2298050Z,EQ-1,96.14,42.55
2026-05-09T05:39:31.2298050Z,EQ-1,95.36,42.59
2026-05-09T05:39:41.2298050Z,EQ-1,99.51,48.89
2026-05-09T05:39:51.2298050Z,EQ-3,90.42,40.06
2026-05-09T05:40:01.2298050Z,EQ-2,90.59,45.62
2026-05-09T05:40:11.2298050Z,EQ-2,87.61,49.73
2026-05-09T05:40:21.2298050Z,EQ-3,85.09,48.90
2026-05-09T05:40:31.2298050Z,EQ-1,89.53,45.25
2026-05-09T05:40:41.2298050Z,EQ-2,86.86,46.74
2026-05-09T05:40:51.2298050Z,EQ-1,96.81,40.06
2026-05-09T05:41:01.2298050Z,EQ-3,85.34,44.08
2026-05-09T05:41:11.2298050Z,EQ-2,91.24,49.04
2026-05-09T05:41:21.2298050Z,EQ-4,97.50,49.89
2026-05-09T05:41:31.2298050Z,EQ-4,91.00,48.96
2026-05-09T05:41:41.2298050Z,EQ-1,85.15,49.59
2026-05-09T05:41:51.2298050Z,EQ-3,86.77,46.11
2026-05-09T05:42:01.2298050Z,EQ-3,94.21,41.44
2026-05-09T05:42:11.2298050Z,EQ-4,89.04,44.18
2026-05-09T05:42:21.2298050Z,EQ-4,88.83,48.62
2026-05-09T05:42:31.2298050Z,EQ-3,89.41,41.08
2026-05-09T05:42:41.2298050Z,EQ-2,86.45,47.35
2026-05-09T05:42:51.2298050Z,EQ-3,86.87,45.09
2026-05-09T05:43:01.2298050Z,EQ-2,89.26,48.32
2026-05-09T05:43:11.2298050Z,EQ-2,97.14,49.85
2026-05-09T05:43:21.2298050Z,EQ-1,97.52,49.44
2026-05-09T05:43:31.2298050Z,EQ-4,93.22,40.62
2026-05-09T05:43:41.2298050Z,EQ-4,90.09,44.01
2026-05-09T05:43:51.2298050Z,EQ-4,93.60,42.10
2026-05-09T05:44:01.2298050Z,EQ-2,88.02,41.23
2026-05-09T05:44:11.2298050Z,EQ-3,95.29,44.83
2026-05-09T05:44:21.2298050Z,EQ-4,94.26,43.59
2026-05-09T05:44:31.2298050Z,EQ-3,96.14,41.69
2026-05-09T05:44:41.2298050Z,EQ-4,94.38,45.51
2026-05-09T05:44:51.2298050Z,EQ-4,94.43,48.48
2026-05-09T05:45:01.2298050Z,EQ-2,97.56,49.16
2026-05-09T05:45:11.2298050Z,EQ-4,98.22,41.23
2026-05-09T05:45:21.2298050Z,EQ-3,89.90,44.16
2026-05-09T05:45:31.2298050Z,EQ-1,92.19,45.10
2026-05-09T05:45:41.2298050Z,EQ-3,93.63,47.93
2026-05-09T05:45:51.2298050Z,EQ-3,95.57,41.17
2026-05-09T05:46:01.2298050Z,EQ-1,93.90,42.78
2026-05-09T05:46:11.2298050Z,EQ-2,90.50,45.73
2026-05-09T05:46:21.2298050Z,EQ-4,98.28,42.87
2026-05-09T05:46:31.2298050Z,EQ-2,86.39,44.79
2026-05-09T05:46:41.2298050Z,EQ-1,85.48,49.80
2026-05-09T05:46:51.2298050Z,EQ-1,88.60,45.03
2026-05-09T05:47:01.2298050Z,EQ-2,88.68,49.82
2026-05-09T05:47:11.2298050Z,EQ-3,86.74,40.93
2026-05-09T05:47:21.2298050Z,EQ-2,86.46,46.62
2026-05-09T05:47:31.2298050Z,EQ-4,93.20,46.24
2026-05-09T05:47:41.2298050Z,EQ-3,95.56,44.40
2026-05-09T05:47:51.2298050Z,EQ-3,92.78,40.15
2026-05-09T05:48:01.2298050Z,EQ-2,95.31,44.70
2026-05-09T05:48:11.2298050Z,EQ-3,98.62,49.77
2026-05-09T05:48:21.2298050Z,EQ-1,89.11,45.51
2026-05-09T05:48:31.2298050Z,EQ-4,92.47,43.43
2026-05-09T05:48:41.2298050Z,EQ-3,88.93,45.92
2026-05-09T05:48:51.2298050Z,EQ-2,96.90,42.08
2026-05-09T05:49:01.2298050Z,EQ-1,86.79,41.73
2026-05-09T05:49:11.2298050Z,EQ-2,87.43,46.00
2026-05-09T05:49:21.2298050Z,EQ-1,94.42,41.56
2026-05-09T05:49:31.2298050Z,EQ-1,92.34,42.89
2026-05-09T05:49:41.2298050Z,EQ-3,85.47,44.70
2026-05-09T05:49:51.2298050Z,EQ-1,87.22,48.13
2026-05-09T05:50:01.2298050Z,EQ-4,98.00,43.67
2026-05-09T05:50:11.2298050Z,EQ-1,97.11,43.12
2026-05-09T05:50:21.2298050Z,EQ-1,98.13,44.52
2026-05-09T05:50:31.2298050Z,EQ-1,86.16,43.15
2026-05-09T05:50:41.2298050Z,EQ-1,92.00,44.43
2026-05-09T05:50:51.2298050Z,EQ-1,99.90,40.64
2026-05-09T05:51:01.2298050Z,EQ-4,92.08,44.51
2026-05-09T05:51:11.2298050Z,EQ-4,92.52,48.66
2026-05-09T05:51:21.2298050Z,EQ-2,91.72,49.80
2026-05-09T05:51:31.2298050Z,EQ-2,91.81,44.05
2026-05-09T05:51:41.2298050Z,EQ-1,86.89,42.10
2026-05-09T05:51:51.2298050Z,EQ-2,96.66,44.70
2026-05-09T05:52:01.2298050Z,EQ-2,91.46,45.27
2026-05-09T05:52:11.2298050Z,EQ-2,89.08,45.21
2026-05-09T05:52:21.2298050Z,EQ-1,85.33,45.88
2026-05-09T05:52:31.2298050Z,EQ-1,88.42,45.70
2026-05-09T05:52:41.2298050Z,EQ-2,99.30,44.54
2026-05-09T05:52:51.2298050Z,EQ-3,96.02,43.98
2026-05-09T05:53:01.2298050Z,EQ-4,97.86,48.69
2026-05-09T05:53:11.2298050Z,EQ-4,92.12,44.94
2026-05-09T05:53:21.2298050Z,EQ-4,86.59,47.42
2026-05-09T05:53:31.2298050Z,EQ-2,91.14,46.13
2026-05-09T05:53:41.2298050Z,EQ-3,90.90,45.10
2026-05-09T05:53:51.2298050Z,EQ-3,85.10,44.64
2026-05-09T05:54:01.2298050Z,EQ-2,89.12,49.41
2026-05-09T05:54:11.2298050Z,EQ-1,97.64,45.39
2026-05-09T05:54:21.2298050Z,EQ-4,93.50,46.13
2026-05-09T05:54:31.2298050Z,EQ-2,97.01,45.70
2026-05-09T05:54:41.2298050Z,EQ-4,87.50,46.20
2026-05-09T05:54:51.2298050Z,EQ-1,99.52,47.77
2026-05-09T05:55:01.2298050Z,EQ-2,92.92,45.31
2026-05-09T05:55:11.2298050Z,EQ-1,96.89,45.46
2026-05-09T05:55:21.2298050Z,EQ-2,96.61,44.40
2026-05-09T05:55:31.2298050Z,EQ-4,86.25,47.01
2026-05-09T05:55:41.2298050Z,EQ-2,94.66,46.43
2026-05-09T05:55:51.2298050Z,EQ-2,86.80,48.02
2026-05-09T05:56:01.2298050Z,EQ-1,86.89,46.86
2026-05-09T05:56:11.2298050Z,EQ-2,88.58,48.91
2026-05-09T05:56:21.2298050Z,EQ-1,98.48,40.30
2026-05-09T05:56:31.2298050Z,EQ-2,99.12,46.16
2026-05-09T05:56:41.2298050Z,EQ-3,85.31,43.87
2026-05-09T05:56:51.2298050Z,EQ-4,93.87,42.39
2026-05-09T05:57:01.2298050Z,EQ-4,93.21,45.18
2026-05-09T05:57:11.2298050Z,EQ-1,86.77,46.85
2026-05-09T05:57:21.2298050Z,EQ-4,93.48,46.88
2026-05-09T05:57:31.2298050Z,EQ-1,97.05,40.43
2026-05-09T05:57:41.2298050Z,EQ-3,92.37,48.20
2026-05-09T05:57:51.2298050Z,EQ-3,89.89,40.04
2026-05-09T05:58:01.2298050Z,EQ-2,85.54,47.65
2026-05-09T05:58:11.2298050Z,EQ-2,97.22,41.82
2026-05-09T05:58:21.2298050Z,EQ-4,91.54,44.22
2026-05-09T05:58:31.2298050Z,EQ-3,85.74,47.29
2026-05-09T05:58:41.2298050Z,EQ-4,97.76,49.03
2026-05-09T05:58:51.2298050Z,EQ-2,93.17,42.58
2026-05-09T05:59:01.2298050Z,EQ-2,92.79,44.00
2026-05-09T05:59:11.2298050Z,EQ-4,95.30,47.50
2026-05-09T05:59:21.2298050Z,EQ-3,99.99,42.08
2026-05-09T05:59:31.2298050Z,EQ-4,85.76,43.43
2026-05-09T05:59:41.2298050Z,EQ-2,92.87,41.75
2026-05-09T05:59:51.2298050Z,EQ-1,98.98,46.66
2026-05-09T06:00:01.2298050Z,EQ-2,99.73,44.14
2026-05-09T06:00:11.2298050Z,EQ-3,92.87,43.06
2026-05-09T06:00:21.2298050Z,EQ-4,92.12,41.59
2026-05-09T06:00:31.2298050Z,EQ-4,91.44,43.34
2026-05-09T06:00:41.2298050Z,EQ-4,95.14,45.56
2026-05-09T06:00:51.2298050Z,EQ-1,87.52,42.46
2026-05-09T06:01:01.2298050Z,EQ-1,90.15,40.31
2026-05-09T06:01:11.2298050Z,EQ-3,91.13,42.58
2026-05-09T06:01:21.2298050Z,EQ-1,85.06,42.90
2026-05-09T06:01:31.2298050Z,EQ-2,89.50,47.14
2026-05-09T06:01:41.2298050Z,EQ-1,97.34,43.90
2026-05-09T06:01:51.2298050Z,EQ-4,93.47,49.17
2026-05-09T06:02:01.2298050Z,EQ-3,94.20,47.07
2026-05-09T06:02:11.2298050Z,EQ-2,89.48,44.87
2026-05-09T06:02:21.2298050Z,EQ-4,88.80,46.81
2026-05-09T06:02:31.2298050Z,EQ-1,91.33,45.82
2026-05-09T06:02:41.2298050Z,EQ-2,97.00,41.45
2026-05-09T06:02:51.2298050Z,EQ-4,97.99,44.05
2026-05-09T06:03:01.2298050Z,EQ-4,86.35,45.59
2026-05-09T06:03:11.2298050Z,EQ-2,98.33,45.89
2026-05-09T06:03:21.2298050Z,EQ-3,98.59,43.67
2026-05-09T06:03:31.2298050Z,EQ-1,88.86,41.03
2026-05-09T06:03:41.2298050Z,EQ-2,99.07,40.55
2026-05-09T06:03:51.2298050Z,EQ-4,97.23,49.58
2026-05-09T06:04:01.2298050Z,EQ-1,91.19,41.06
2026-05-09T06:04:11.2298050Z,EQ-3,96.95,44.84
2026-05-09T06:04:21.2298050Z,EQ-3,85.30,41.79
2026-05-09T06:04:31.2298050Z,EQ-4,86.41,49.96
2026-05-09T06:04:41.2298050Z,EQ-2,85.03,40.38
2026-05-09T06:04:51.2298050Z,EQ-2,86.42,42.38
2026-05-09T06:05:01.2298050Z,EQ-4,96.30,46.37
2026-05-09T06:05:11.2298050Z,EQ-4,94.85,44.61
2026-05-09T06:05:21.2298050Z,EQ-1,86.50,47.94
2026-05-09T06:05:31.2298050Z,EQ-2,92.75,45.85
2026-05-09T06:05:41.2298050Z,EQ-3,93.31,43.46
2026-05-09T06:05:51.2298050Z,EQ-4,87.59,43.76
2026-05-09T06:06:01.2298050Z,EQ-3,93.45,40.64
2026-05-09T06:06:11.2298050Z,EQ-4,95.86,49.25
2026-05-09T06:06:21.2298050Z,EQ-2,99.51,47.75
2026-05-09T06:06:31.2298050Z,EQ-1,87.77,41.45
2026-05-09T06:06:41.2298050Z,EQ-1,87.90,43.66
2026-05-09T06:06:51.2298050Z,EQ-4,92.40,47.19
2026-05-09T06:07:01.2298050Z,EQ-1,90.86,46.23
2026-05-09T06:07:11.2298050Z,EQ-1,94.84,48.49
2026-05-09T06:07:21.2298050Z,EQ-1,99.35,44.50
2026-05-09T06:07:31.2298050Z,EQ-4,89.98,42.84
2026-05-09T06:07:41.2298050Z,EQ-1,87.43,40.58
2026-05-09T06:07:51.2298050Z,EQ-2,98.60,40.20
2026-05-09T06:08:01.2298050Z,EQ-4,92.38,40.41
2026-05-09T06:08:11.2298050Z,EQ-4,95.63,49.83
2026-05-09T06:08:21.2298050Z,EQ-1,99.65,44.84
2026-05-09T06:08:31.2298050Z,EQ-1,95.31,45.19
2026-05-09T06:08:41.2298050Z,EQ-4,92.43,49.91
2026-05-09T06:08:51.2298050Z,EQ-4,98.48,44.16
2026-05-09T06:09:01.2298050Z,EQ-1,98.58,48.33
2026-05-09T06:09:11.2298050Z,EQ-1,98.49,43.12
2026-05-09T06:09:21.2298050Z,EQ-3,90.98,40.05
2026-05-09T06:09:31.2298050Z,EQ-4,91.84,45.53
2026-05-09T06:09:41.2298050Z,EQ-4,96.83,41.60
2026-05-09T06:09:51.2298050Z,EQ-3,94.45,46.08
2026-05-09T06:10:01.2298050Z,EQ-1,99.25,44.93
2026-05-09T06:10:11.2298050Z,EQ-4,86.27,41.23
2026-05-09T06:10:21.2298050Z,EQ-3,85.59,40.01
2026-05-09T06:10:31.2298050Z,EQ-4,92.72,40.62
2026-05-09T06:10:41.2298050Z,EQ-4,94.59,42.74
2026-05-09T06:10:51.2298050Z,EQ-4,91.33,44.27
2026-05-09T06:11:01.2298050Z,EQ-3,91.86,48.86
2026-05-09T06:11:11.2298050Z,EQ-2,98.14,42.17
2026-05-09T06:11:21.2298050Z,EQ-2,93.02,41.66
2026-05-09T06:11:31.2298050Z,EQ-3,98.97,44.51
2026-05-09T06:11:41.2298050Z,EQ-2,89.77,45.98
2026-05-09T06:11:51.2298050Z,EQ-4,97.06,44.48
2026-05-09T06:12:01.2298050Z,EQ-1,92.70,42.97
2026-05-09T06:12:11.2298050Z,EQ-3,93.32,41.32
2026-05-09T06:12:21.2298050Z,EQ-3,99.39,41.13
2026-05-09T06:12:31.2298050Z,EQ-4,93.87,46.66
2026-05-09T06:12:41.2298050Z,EQ-4,91.75,42.34
2026-05-09T06:12:51.2298050Z,EQ-3,97.44,49.64
2026-05-09T06:13:01.2298050Z,EQ-4,89.82,40.51
2026-05-09T06:13:11.2298050Z,EQ-2,85.86,42.46
2026-05-09T06:13:21.2298050Z,EQ-2,87.37,45.68
2026-05-09T06:13:31.2298050Z,EQ-1,87.98,47.92
2026-05-09T06:13:41.2298050Z,EQ-3,91.32,44.33
2026-05-09T06:13:51.2298050Z,EQ-4,96.77,47.79
2026-05-09T06:14:01.2298050Z,EQ-4,87.57,46.28
2026-05-09T06:14:11.2298050Z,EQ-3,97.15,48.12
2026-05-09T06:14:21.2298050Z,EQ-4,92.35,43.94
2026-05-09T06:14:31.2298050Z,EQ-1,85.77,42.77
2026-05-09T06:14:41.2298050Z,EQ-3,85.90,44.56
2026-05-09T06:14:51.2298050Z,EQ-1,95.71,48.04
2026-05-09T06:15:01.2298050Z,EQ-3,91.77,42.32
2026-05-09T06:15:11.2298050Z,EQ-4,87.15,41.87
2026-05-09T06:15:21.2298050Z,EQ-2,97.27,41.47
2026-05-09T06:15:31.2298050Z,EQ-1,99.70,48.59
2026-05-09T06:15:41.2298050Z,EQ-4,94.32,45.29
2026-05-09T06:15:51.2298050Z,EQ-3,93.52,43.56
2026-05-09T06:16:01.2298050Z,EQ-2,87.70,43.68
2026-05-09T06:16:11.2298050Z,EQ-3,85.19,47.41
2026-05-09T06:16:21.2298050Z,EQ-3,97.87,48.18
2026-05-09T06:16:31.2298050Z,EQ-4,92.02,41.72
2026-05-09T06:16:41.2298050Z,EQ-1,98.27,48.24
2026-05-09T06:16:51.2298050Z,EQ-2,85.74,40.62
2026-05-09T06:17:01.2298050Z,EQ-3,92.41,45.03
2026-05-09T06:17:11.2298050Z,EQ-2,90.20,44.32
2026-05-09T06:17:21.2298050Z,EQ-2,97.45,46.09
2026-05-09T06:17:31.2298050Z,EQ-3,96.98,46.93
2026-05-09T06:17:41.2298050Z,EQ-4,89.66,45.45
2026-05-09T06:17:51.2298050Z,EQ-4,90.73,49.82
2026-05-09T06:18:01.2298050Z,EQ-3,95.91,44.21
2026-05-09T06:18:11.2298050Z,EQ-2,86.18,41.47
2026-05-09T06:18:21.2298050Z,EQ-2,94.82,41.11
2026-05-09T06:18:31.2298050Z,EQ-3,88.96,49.65
2026-05-09T06:18:41.2298050Z,EQ-1,88.12,40.09
2026-05-09T06:18:51.2298050Z,EQ-2,92.03,45.45
2026-05-09T06:19:01.2298050Z,EQ-4,94.71,43.54
2026-05-09T06:19:11.2298050Z,EQ-2,98.07,49.00
2026-05-09T06:19:21.2298050Z,EQ-1,92.50,46.50
2026-05-09T06:19:31.2298050Z,EQ-3,85.14,44.32
2026-05-09T06:19:41.2298050Z,EQ-4,94.39,46.42
2026-05-09T06:19:51.2298050Z,EQ-3,91.64,41.20
2026-05-09T06:20:01.2298050Z,EQ-3,87.32,41.10
2026-05-09T06:20:11.2298050Z,EQ-1,85.13,43.13
2026-05-09T06:20:21.2298050Z,EQ-2,95.16,47.44
2026-05-09T06:20:31.2298050Z,EQ-1,87.68,43.69
2026-05-09T06:20:41.2298050Z,EQ-2,97.52,40.16
2026-05-09T06:20:51.2298050Z,EQ-1,98.52,49.36
2026-05-09T06:21:01.2298050Z,EQ-1,97.26,43.01
2026-05-09T06:21:11.2298050Z,EQ-3,94.84,44.31
2026-05-09T06:21:21.2298050Z,EQ-1,91.35,40.43
2026-05-09T06:21:31.2298050Z,EQ-1,87.61,48.59
2026-05-09T06:21:41.2298050Z,EQ-4,99.35,47.00
2026-05-09T06:21:51.2298050Z,EQ-1,87.74,44.63
2026-05-09T06:22:01.2298050Z,EQ-3,92.31,49.60
2026-05-09T06:22:11.2298050Z,EQ-4,94.27,44.35
2026-05-09T06:22:21.2298050Z,EQ-2,87.01,49.01
2026-05-09T06:22:31.2298050Z,EQ-3,90.30,40.34
2026-05-09T06:22:41.2298050Z,EQ-1,99.33,45.07
2026-05-09T06:22:51.2298050Z,EQ-2,94.21,41.94
2026-05-09T06:23:01.2298050Z,EQ-1,85.30,49.86
2026-05-09T06:23:11.2298050Z,EQ-1,96.75,48.01
2026-05-09T06:23:21.2298050Z,EQ-2,93.73,48.69
2026-05-09T06:23:31.2298050Z,EQ-2,88.74,44.58
2026-05-09T06:23:41.2298050Z,EQ-3,99.75,41.13
2026-05-09T06:23:51.2298050Z,EQ-4,98.48,48.92
2026-05-09T06:24:01.2298050Z,EQ-3,85.10,40.58
2026-05-09T06:24:11.2298050Z,EQ-3,85.58,48.46
2026-05-09T06:24:21.2298050Z,EQ-3,98.37,45.54
2026-05-09T06:24:31.2298050Z,EQ-4,85.64,46.84
2026-05-09T06:24:41.2298050Z,EQ-1,98.56,49.52
2026-05-09T06:24:51.2298050Z,EQ-3,98.66,45.99
2026-05-09T06:25:01.2298050Z,EQ-3,94.13,43.03
2026-05-09T06:25:11.2298050Z,EQ-1,86.78,44.73
2026-05-09T06:25:21.2298050Z,EQ-4,97.81,41.83
2026-05-09T06:25:31.2298050Z,EQ-3,91.39,41.11
2026-05-09T06:25:41.2298050Z,EQ-2,96.05,45.91
2026-05-09T06:25:51.2298050Z,EQ-3,99.76,43.12
2026-05-09T06:26:01.2298050Z,EQ-2,91.81,41.99
2026-05-09T06:26:11.2298050Z,EQ-4,98.18,41.28
2026-05-09T06:26:21.2298050Z,EQ-1,93.31,47.50
2026-05-09T06:26:31.2298050Z,EQ-3,94.41,48.53
2026-05-09T06:26:41.2298050Z,EQ-4,98.57,43.06
2026-05-09T06:26:51.2298050Z,EQ-1,99.87,42.75
2026-05-09T06:27:01.2298050Z,EQ-4,89.62,49.11
2026-05-09T06:27:11.2298050Z,EQ-2,87.08,41.31
2026-05-09T06:27:21.2298050Z,EQ-3,92.80,47.65
2026-05-09T06:27:31.2298050Z,EQ-4,93.36,41.34
2026-05-09T06:27:41.2298050Z,EQ-1,95.30,48.41
2026-05-09T06:27:51.2298050Z,EQ-1,91.55,49.09
2026-05-09T06:28:01.2298050Z,EQ-4,93.42,46.29
2026-05-09T06:28:11.2298050Z,EQ-3,98.55,48.38
2026-05-09T06:28:21.2298050Z,EQ-4,95.47,48.31
2026-05-09T06:28:31.2298050Z,EQ-4,95.62,47.56
2026-05-09T06:28:41.2298050Z,EQ-3,91.90,42.72
2026-05-09T06:28:51.2298050Z,EQ-3,90.22,42.66
2026-05-09T06:29:01.2298050Z,EQ-3,88.51,46.39
2026-05-09T06:29:11.2298050Z,EQ-2,98.35,47.83
2026-05-09T06:29:21.2298050Z,EQ-2,94.81,46.66
2026-05-09T06:29:31.2298050Z,EQ-2,92.70,45.13
2026-05-09T06:29:41.2298050Z,EQ-3,87.86,47.97
2026-05-09T06:29:51.2298050Z,EQ-2,99.07,42.39
2026-05-09T06:30:01.2298050Z,EQ-1,98.89,43.27
2026-05-09T06:30:11.2298050Z,EQ-3,99.48,41.41
2026-05-09T06:30:21.2298050Z,EQ-2,88.93,45.51
2026-05-09T06:30:31.2298050Z,EQ-4,97.10,43.03
2026-05-09T06:30:41.2298050Z,EQ-1,85.52,43.90
2026-05-09T06:30:51.2298050Z,EQ-3,95.06,46.69
2026-05-09T06:31:01.2298050Z,EQ-4,92.46,49.58
2026-05-09T06:31:11.2298050Z,EQ-1,94.84,45.22
2026-05-09T06:31:21.2298050Z,EQ-3,95.87,43.83
2026-05-09T06:31:31.2298050Z,EQ-2,88.68,49.89
2026-05-09T06:31:41.2298050Z,EQ-1,93.63,44.02
2026-05-09T06:31:51.2298050Z,EQ-4,89.95,45.02
2026-05-09T06:32:01.2298050Z,EQ-3,87.15,43.13
2026-05-09T06:32:11.2298050Z,EQ-2,87.37,45.40
2026-05-09T06:32:21.2298050Z,EQ-4,91.55,41.70
2026-05-09T06:32:31.2298050Z,EQ-2,93.37,41.55
2026-05-09T06:32:41.2298050Z,EQ-4,87.69,48.72
2026-05-09T06:32:51.2298050Z,EQ-4,98.30,46.29
2026-05-09T06:33:01.2298050Z,EQ-2,90.92,40.37
2026-05-09T06:33:11.2298050Z,EQ-4,86.08,41.35
2026-05-09T06:33:21.2298050Z,EQ-3,85.91,46.95
2026-05-09T06:33:31.2298050Z,EQ-4,91.56,42.40
2026-05-09T06:33:41.2298050Z,EQ-3,86.05,42.79
2026-05-09T06:33:51.2298050Z,EQ-1,85.62,48.67
2026-05-09T06:34:01.2298050Z,EQ-2,90.45,46.54
2026-05-09T06:34:11.2298050Z,EQ-3,88.49,45.79
2026-05-09T06:34:21.2298050Z,EQ-3,92.08,43.15
2026-05-09T06:34:31.2298050Z,EQ-2,88.11,49.81
2026-05-09T06:34:41.2298050Z,EQ-2,99.37,42.43
2026-05-09T06:34:51.2298050Z,EQ-1,93.73,49.03
2026-05-09T06:35:01.2298050Z,EQ-3,99.01,40.95
2026-05-09T06:35:11.2298050Z,EQ-4,89.42,42.12
2026-05-09T06:35:21.2298050Z,EQ-4,92.65,44.80
2026-05-09T06:35:31.2298050Z,EQ-4,92.55,40.04
2026-05-09T06:35:41.2298050Z,EQ-4,90.64,42.44
2026-05-09T06:35:51.2298050Z,EQ-1,89.75,43.10
2026-05-09T06:36:01.2298050Z,EQ-3,89.98,41.42
2026-05-09T06:36:11.2298050Z,EQ-3,92.29,45.31
2026-05-09T06:36:21.2298050Z,EQ-1,99.96,44.06
2026-05-09T06:36:31.2298050Z,EQ-3,91.90,48.31
2026-05-09T06:36:41.2298050Z,EQ-1,85.04,49.12
2026-05-09T06:36:51.2298050Z,EQ-1,87.04,43.97
2026-05-09T06:37:01.2298050Z,EQ-4,90.70,46.91
2026-05-09T06:37:11.2298050Z,EQ-2,93.58,43.71
2026-05-09T06:37:21.2298050Z,EQ-1,95.60,41.43
2026-05-09T06:37:31.2298050Z,EQ-4,99.29,47.62
2026-05-09T06:37:41.2298050Z,EQ-3,94.41,42.47
2026-05-09T06:37:51.2298050Z,EQ-1,98.82,41.20
2026-05-09T06:38:01.2298050Z,EQ-2,85.82,41.83
2026-05-09T06:38:11.2298050Z,EQ-4,85.71,48.09
2026-05-09T06:38:21.2298050Z,EQ-2,93.00,44.60
2026-05-09T06:38:31.2298050Z,EQ-1,99.30,46.73
2026-05-09T06:38:41.2298050Z,EQ-4,98.11,40.79
2026-05-09T06:38:51.2298050Z,EQ-4,92.97,46.68
2026-05-09T06:39:01.2298050Z,EQ-1,85.12,45.54
2026-05-09T06:39:11.2298050Z,EQ-3,95.07,43.83
2026-05-09T06:39:21.2298050Z,EQ-3,97.21,43.85
2026-05-09T06:39:31.2298050Z,EQ-4,88.12,42.64
2026-05-09T06:39:41.2298050Z,EQ-2,98.42,45.50
2026-05-09T06:39:51.2298050Z,EQ-2,95.47,48.31
2026-05-09T06:40:01.2298050Z,EQ-3,86.24,48.51
2026-05-09T06:40:11.2298050Z,EQ-4,90.57,40.52
2026-05-09T06:40:21.2298050Z,EQ-3,99.65,46.73
2026-05-09T06:40:31.2298050Z,EQ-4,97.33,45.65
2026-05-09T06:40:41.2298050Z,EQ-2,96.30,40.64
2026-05-09T06:40:51.2298050Z,EQ-4,99.98,46.46
2026-05-09T06:41:01.2298050Z,EQ-2,98.95,42.35
2026-05-09T06:41:11.2298050Z,EQ-4,91.96,43.86
2026-05-09T06:41:21.2298050Z,EQ-2,93.30,48.78
2026-05-09T06:41:31.2298050Z,EQ-1,98.07,47.54
2026-05-09T06:41:41.2298050Z,EQ-3,86.45,48.48
2026-05-09T06:41:51.2298050Z,EQ-1,90.91,41.32
2026-05-09T06:42:01.2298050Z,EQ-1,98.25,47.93
2026-05-09T06:42:11.2298050Z,EQ-3,89.15,44.31
2026-05-09T06:42:21.2298050Z,EQ-2,99.79,44.37
2026-05-09T06:42:31.2298050Z,EQ-3,93.02,49.71
2026-05-09T06:42:41.2298050Z,EQ-1,96.25,42.98
2026-05-09T06:42:51.2298050Z,EQ-3,93.10,44.96
2026-05-09T06:43:01.2298050Z,EQ-4,91.08,47.65
2026-05-09T06:43:11.2298050Z,EQ-4,96.02,46.72
2026-05-09T06:43:21.2298050Z,EQ-1,98.58,49.38
2026-05-09T06:43:31.2298050Z,EQ-3,90.29,47.24
2026-05-09T06:43:41.2298050Z,EQ-1,99.48,42.55
2026-05-09T06:43:51.2298050Z,EQ-2,88.64,45.20
2026-05-09T06:44:01.2298050Z,EQ-2,90.42,48.07
2026-05-09T06:44:11.2298050Z,EQ-3,85.05,42.30
2026-05-09T06:44:21.2298050Z,EQ-1,91.14,45.53
2026-05-09T06:44:31.2298050Z,EQ-2,98.65,41.60
2026-05-09T06:44:41.2298050Z,EQ-2,93.83,41.63
2026-05-09T06:44:51.2298050Z,EQ-1,99.83,43.51
2026-05-09T06:45:01.2298050Z,EQ-3,88.53,46.95
2026-05-09T06:45:11.2298050Z,EQ-4,85.83,46.43
2026-05-09T06:45:21.2298050Z,EQ-2,98.80,46.66
2026-05-09T06:45:31.2298050Z,EQ-4,91.58,49.64
2026-05-09T06:45:41.2298050Z,EQ-2,86.61,42.44
2026-05-09T06:45:51.2298050Z,EQ-2,86.79,41.06
2026-05-09T06:46:01.2298050Z,EQ-2,93.51,43.95
2026-05-09T06:46:11.2298050Z,EQ-1,92.91,41.18
2026-05-09T06:46:21.2298050Z,EQ-4,88.94,40.69
2026-05-09T06:46:31.2298050Z,EQ-2,90.57,43.86
2026-05-09T06:46:41.2298050Z,EQ-3,86.83,42.59
2026-05-09T06:46:51.2298050Z,EQ-1,92.61,40.34
2026-05-09T06:47:01.2298050Z,EQ-3,89.42,49.82
2026-05-09T06:47:11.2298050Z,EQ-1,87.53,44.61
2026-05-09T06:47:21.2298050Z,EQ-1,86.49,49.60
2026-05-09T06:47:31.2298050Z,EQ-1,87.77,49.94
2026-05-09T06:47:41.2298050Z,EQ-3,88.41,44.05
2026-05-09T06:47:51.2298050Z,EQ-4,87.18,41.65
2026-05-09T06:48:01.2298050Z,EQ-3,94.66,42.95
2026-05-09T06:48:11.2298050Z,EQ-2,96.14,44.58
2026-05-09T06:48:21.2298050Z,EQ-4,97.18,45.65
2026-05-09T06:48:31.2298050Z,EQ-3,87.87,40.78
2026-05-09T06:48:41.2298050Z,EQ-3,94.50,44.17
2026-05-09T06:48:51.2298050Z,EQ-3,92.51,45.31
2026-05-09T06:49:01.2298050Z,EQ-1,89.90,43.88
2026-05-09T06:49:11.2298050Z,EQ-1,97.85,45.37
2026-05-09T06:49:21.2298050Z,EQ-2,89.25,48.02
2026-05-09T06:49:31.2298050Z,EQ-1,85.11,43.72
2026-05-09T06:49:41.2298050Z,EQ-3,87.49,48.32
2026-05-09T06:49:51.2298050Z,EQ-3,90.63,45.02
2026-05-09T06:50:01.2298050Z,EQ-4,96.73,43.04
2026-05-09T06:50:11.2298050Z,EQ-4,85.64,48.75
2026-05-09T06:50:21.2298050Z,EQ-4,86.76,48.40
2026-05-09T06:50:31.2298050Z,EQ-4,91.75,44.36
2026-05-09T06:50:41.2298050Z,EQ-4,96.91,49.18
2026-05-09T06:50:51.2298050Z,EQ-2,98.96,46.35
2026-05-09T06:51:01.2298050Z,EQ-1,89.43,42.42
2026-05-09T06:51:11.2298050Z,EQ-3,88.51,44.79
2026-05-09T06:51:21.2298050Z,EQ-1,92.45,46.62
2026-05-09T06:51:31.2298050Z,EQ-1,92.20,47.34
2026-05-09T06:51:41.2298050Z,EQ-3,98.36,40.78
2026-05-09T06:51:51.2298050Z,EQ-1,95.22,48.77
2026-05-09T06:52:01.2298050Z,EQ-2,87.18,49.44
2026-05-09T06:52:11.2298050Z,EQ-4,91.51,43.45
2026-05-09T06:52:21.2298050Z,EQ-1,92.65,49.83
2026-05-09T06:52:31.2298050Z,EQ-1,86.75,41.84
2026-05-09T06:52:41.2298050Z,EQ-2,89.82,42.18
2026-05-09T06:52:51.2298050Z,EQ-1,99.27,44.57
2026-05-09T06:53:01.2298050Z,EQ-3,98.02,43.77
2026-05-09T06:53:11.2298050Z,EQ-3,98.62,40.93
2026-05-09T06:53:21.2298050Z,EQ-1,98.89,47.30
2026-05-09T06:53:31.2298050Z,EQ-2,88.19,40.26
2026-05-09T06:53:41.2298050Z,EQ-3,90.05,46.80
2026-05-09T06:53:51.2298050Z,EQ-3,87.40,45.12
2026-05-09T06:54:01.2298050Z,EQ-2,97.09,40.25
2026-05-09T06:54:11.2298050Z,EQ-4,95.02,49.35
2026-05-09T06:54:21.2298050Z,EQ-2,85.08,43.46
2026-05-09T06:54:31.2298050Z,EQ-4,94.67,43.51
2026-05-09T06:54:41.2298050Z,EQ-4,90.47,46.09
2026-05-09T06:54:51.2298050Z,EQ-4,97.94,44.51
2026-05-09T06:55:01.2298050Z,EQ-2,89.11,45.41
2026-05-09T06:55:11.2298050Z,EQ-3,88.68,46.33
2026-05-09T06:55:21.2298050Z,EQ-4,88.03,45.50
2026-05-09T06:55:31.2298050Z,EQ-3,92.39,46.90
2026-05-09T06:55:41.2298050Z,EQ-2,99.65,44.57
2026-05-09T06:55:51.2298050Z,EQ-1,93.03,45.85
2026-05-09T06:56:01.2298050Z,EQ-2,85.18,47.19
2026-05-09T06:56:11.2298050Z,EQ-2,93.55,45.40
2026-05-09T06:56:21.2298050Z,EQ-2,88.27,48.28
2026-05-09T06:56:31.2298050Z,EQ-1,96.37,49.24
2026-05-09T06:56:41.2298050Z,EQ-3,91.91,42.01
2026-05-09T06:56:51.2298050Z,EQ-4,89.65,48.06
2026-05-09T06:57:01.2298050Z,EQ-1,98.38,44.73
2026-05-09T06:57:11.2298050Z,EQ-2,96.58,48.93
2026-05-09T06:57:21.2298050Z,EQ-1,91.30,41.41
2026-05-09T06:57:31.2298050Z,EQ-2,95.04,43.72
2026-05-09T06:57:41.2298050Z,EQ-4,90.80,45.90
2026-05-09T06:57:51.2298050Z,EQ-2,96.49,44.54
2026-05-09T06:58:01.2298050Z,EQ-2,86.19,44.15
2026-05-09T06:58:11.2298050Z,EQ-3,93.05,49.39
2026-05-09T06:58:21.2298050Z,EQ-2,92.42,47.98
2026-05-09T06:58:31.2298050Z,EQ-3,90.20,49.05
2026-05-09T06:58:41.2298050Z,EQ-4,92.42,44.92
2026-05-09T06:58:51.2298050Z,EQ-2,98.86,44.66
2026-05-09T06:59:01.2298050Z,EQ-2,87.46,40.71
2026-05-09T06:59:11.2298050Z,EQ-1,95.35,49.45
2026-05-09T06:59:21.2298050Z,EQ-4,99.99,42.53
2026-05-09T06:59:31.2298050Z,EQ-1,93.55,43.22
2026-05-09T06:59:41.2298050Z,EQ-4,91.40,46.39
2026-05-09T06:59:51.2298050Z,EQ-1,96.42,44.23
2026-05-09T07:00:01.2298050Z,EQ-2,97.10,45.34
2026-05-09T07:00:11.2298050Z,EQ-3,85.48,42.99
2026-05-09T07:00:21.2298050Z,EQ-3,94.93,49.59
2026-05-09T07:00:31.2298050Z,EQ-2,86.08,40.59
2026-05-09T07:00:41.2298050Z,EQ-4,86.74,45.40
2026-05-09T07:00:51.2298050Z,EQ-1,91.11,43.04
2026-05-09T07:01:01.2298050Z,EQ-4,86.18,44.32
2026-05-09T07:01:11.2298050Z,EQ-1,98.15,49.71
2026-05-09T07:01:21.2298050Z,EQ-1,92.09,46.87
2026-05-09T07:01:31.2298050Z,EQ-2,85.00,41.01
2026-05-09T07:01:41.2298050Z,EQ-2,94.59,40.38
2026-05-09T07:01:51.2298050Z,EQ-1,99.84,49.68
2026-05-09T07:02:01.2298050Z,EQ-3,98.27,42.40
2026-05-09T07:02:11.2298050Z,EQ-3,85.47,45.31
2026-05-09T07:02:21.2298050Z,EQ-3,96.04,40.77
2026-05-09T07:02:31.2298050Z,EQ-3,97.88,42.82
2026-05-09T07:02:41.2298050Z,EQ-2,85.31,49.68
2026-05-09T07:02:51.2298050Z,EQ-4,91.07,43.69
2026-05-09T07:03:01.2298050Z,EQ-1,91.76,42.70
2026-05-09T07:03:11.2298050Z,EQ-4,86.44,41.73
2026-05-09T07:03:21.2298050Z,EQ-3,89.37,45.31
2026-05-09T07:03:31.2298050Z,EQ-3,95.11,45.14
2026-05-09T07:03:41.2298050Z,EQ-3,94.54,40.98
2026-05-09T07:03:51.2298050Z,EQ-1,95.77,46.67
2026-05-09T07:04:01.2298050Z,EQ-4,96.31,49.38
2026-05-09T07:04:11.2298050Z,EQ-1,85.28,49.17
2026-05-09T07:04:21.2298050Z,EQ-3,94.77,44.00
2026-05-09T07:04:31.2298050Z,EQ-4,98.94,40.66
2026-05-09T07:04:41.2298050Z,EQ-3,92.05,45.86
2026-05-09T07:04:51.2298050Z,EQ-1,99.15,41.22
2026-05-09T07:05:01.2298050Z,EQ-2,98.85,46.41
2026-05-09T07:05:11.2298050Z,EQ-2,85.74,45.08
2026-05-09T07:05:21.2298050Z,EQ-2,94.41,48.60
2026-05-09T07:05:31.2298050Z,EQ-4,94.52,45.55
2026-05-09T07:05:41.2298050Z,EQ-1,90.20,42.03
2026-05-09T07:05:51.2298050Z,EQ-1,90.35,46.34
2026-05-09T07:06:01.2298050Z,EQ-4,97.41,41.19
2026-05-09T07:06:11.2298050Z,EQ-1,86.15,42.49
2026-05-09T07:06:21.2298050Z,EQ-1,96.49,46.16
2026-05-09T07:06:31.2298050Z,EQ-1,91.36,43.31
2026-05-09T07:06:41.2298050Z,EQ-4,97.54,45.37
2026-05-09T07:06:51.2298050Z,EQ-2,94.79,49.74
2026-05-09T07:07:01.2298050Z,EQ-3,96.34,40.89
2026-05-09T07:07:11.2298050Z,EQ-1,87.69,49.99
2026-05-09T07:07:21.2298050Z,EQ-3,96.04,41.57
2026-05-09T07:07:31.2298050Z,EQ-2,89.72,47.77
2026-05-09T07:07:41.2298050Z,EQ-4,87.84,49.00
2026-05-09T07:07:51.2298050Z,EQ-2,93.14,44.08
2026-05-09T07:08:01.2298050Z,EQ-3,91.65,44.55
2026-05-09T07:08:11.2298050Z,EQ-3,98.05,49.80
2026-05-09T07:08:21.2298050Z,EQ-2,98.18,45.54
2026-05-09T07:08:31.2298050Z,EQ-2,88.97,41.14
2026-05-09T07:08:41.2298050Z,EQ-1,86.32,47.90
2026-05-09T07:08:51.2298050Z,EQ-1,90.18,42.42
2026-05-09T07:09:01.2298050Z,EQ-3,90.46,41.85
2026-05-09T07:09:11.2298050Z,EQ-1,95.82,47.02
2026-05-09T07:09:21.2298050Z,EQ-1,98.41,42.40
2026-05-09T07:09:31.2298050Z,EQ-2,85.07,46.66
2026-05-09T07:09:41.2298050Z,EQ-4,89.66,40.42
2026-05-09T07:09:51.2298050Z,EQ-1,92.26,47.14
2026-05-09T07:10:01.2298050Z,EQ-3,97.37,42.96
2026-05-09T07:10:11.2298050Z,EQ-3,97.84,40.65
2026-05-09T07:10:21.2298050Z,EQ-2,89.37,49.16
2026-05-09T07:10:31.2298050Z,EQ-1,86.30,49.10
2026-05-09T07:10:41.2298050Z,EQ-4,93.45,45.99
2026-05-09T07:10:51.2298050Z,EQ-2,99.21,43.74
2026-05-09T07:11:01.2298050Z,EQ-4,87.60,43.30
2026-05-09T07:11:11.2298050Z,EQ-4,89.43,41.67
2026-05-09T07:11:21.2298050Z,EQ-4,96.56,45.37
2026-05-09T07:11:31.2298050Z,EQ-2,87.84,41.84
2026-05-09T07:11:41.2298050Z,EQ-3,85.91,48.01
2026-05-09T07:11:51.2298050Z,EQ-3,85.67,49.06
2026-05-09T07:12:01.2298050Z,EQ-4,99.60,43.87
2026-05-09T07:12:11.2298050Z,EQ-4,90.96,42.93
2026-05-09T07:12:21.2298050Z,EQ-4,95.28,40.81
2026-05-09T07:12:31.2298050Z,EQ-3,90.24,48.24
2026-05-09T07:12:41.2298050Z,EQ-4,97.84,47.10
2026-05-09T07:12:51.2298050Z,EQ-3,91.30,48.87
2026-05-09T07:13:01.2298050Z,EQ-1,95.23,46.68
2026-05-09T07:13:11.2298050Z,EQ-3,95.23,42.67
2026-05-09T07:13:21.2298050Z,EQ-2,99.77,49.18
2026-05-09T07:13:31.2298050Z,EQ-3,88.57,43.44
2026-05-09T07:13:41.2298050Z,EQ-4,97.34,44.29
2026-05-09T07:13:51.2298050Z,EQ-1,90.50,45.01
2026-05-09T07:14:01.2298050Z,EQ-4,97.52,47.19
2026-05-09T07:14:11.2298050Z,EQ-2,92.08,43.41
2026-05-09T07:14:21.2298050Z,EQ-3,91.33,40.15
2026-05-09T07:14:31.2298050Z,EQ-2,87.10,44.28
2026-05-09T07:14:41.2298050Z,EQ-3,96.14,41.23
2026-05-09T07:14:51.2298050Z,EQ-2,91.73,46.93
2026-05-09T07:15:01.2298050Z,EQ-3,97.82,49.57
2026-05-09T07:15:11.2298050Z,EQ-4,99.93,43.15
2026-05-09T07:15:21.2298050Z,EQ-1,85.72,44.73
2026-05-09T07:15:31.2298050Z,EQ-3,92.80,42.72
2026-05-09T07:15:41.2298050Z,EQ-1,97.61,46.65
2026-05-09T07:15:51.2298050Z,EQ-3,99.86,45.73
2026-05-09T07:16:01.2298050Z,EQ-1,94.10,49.46
2026-05-09T07:16:11.2298050Z,EQ-2,96.94,42.68
2026-05-09T07:16:21.2298050Z,EQ-2,88.99,45.23
2026-05-09T07:16:31.2298050Z,EQ-3,85.31,44.39
2026-05-09T07:16:41.2298050Z,EQ-3,98.73,45.01
2026-05-09T07:16:51.2298050Z,EQ-3,91.68,47.97
2026-05-09T07:17:01.2298050Z,EQ-4,94.12,47.43
2026-05-09T07:17:11.2298050Z,EQ-2,92.33,42.01
2026-05-09T07:17:21.2298050Z,EQ-4,88.87,47.12
2026-05-09T07:17:31.2298050Z,EQ-2,89.87,41.49
2026-05-09T07:17:41.2298050Z,EQ-2,92.70,49.01
2026-05-09T07:17:51.2298050Z,EQ-1,87.02,49.82
2026-05-09T07:18:01.2298050Z,EQ-2,88.60,48.23
2026-05-09T07:18:11.2298050Z,EQ-1,86.35,41.89
2026-05-09T07:18:21.2298050Z,EQ-4,85.95,41.78
2026-05-09T07:18:31.2298050Z,EQ-2,86.38,48.00
2026-05-09T07:18:41.2298050Z,EQ-4,86.09,48.44
2026-05-09T07:18:51.2298050Z,EQ-4,89.07,49.99
2026-05-09T07:19:01.2298050Z,EQ-1,85.68,40.00
2026-05-09T07:19:11.2298050Z,EQ-1,92.57,47.86
2026-05-09T07:19:21.2298050Z,EQ-2,95.37,40.38
2026-05-09T07:19:31.2298050Z,EQ-4,89.31,47.68
2026-05-09T07:19:41.2298050Z,EQ-3,98.22,43.13
2026-05-09T07:19:51.2298050Z,EQ-3,97.10,49.29
2026-05-09T07:20:01.2298050Z,EQ-2,91.45,40.45
2026-05-09T07:20:11.2298050Z,EQ-1,86.10,40.43
2026-05-09T07:20:21.2298050Z,EQ-3,99.99,49.40
2026-05-09T07:20:31.2298050Z,EQ-1,98.75,48.63
2026-05-09T07:20:41.2298050Z,EQ-1,91.15,48.97
2026-05-09T07:20:51.2298050Z,EQ-3,93.68,45.19
2026-05-09T07:21:01.2298050Z,EQ-1,94.56,41.80
2026-05-09T07:21:11.2298050Z,EQ-2,95.99,45.65
2026-05-09T07:21:21.2298050Z,EQ-2,97.28,41.94
2026-05-09T07:21:31.2298050Z,EQ-2,91.72,41.55
2026-05-09T07:21:41.2298050Z,EQ-2,99.85,41.35
2026-05-09T07:21:51.2298050Z,EQ-4,98.74,45.22
2026-05-09T07:22:01.2298050Z,EQ-4,98.88,46.04
2026-05-09T07:22:11.2298050Z,EQ-2,88.22,47.65
2026-05-09T07:22:21.2298050Z,EQ-4,90.48,46.04
2026-05-09T07:22:31.2298050Z,EQ-4,90.53,42.45
2026-05-09T07:22:41.2298050Z,EQ-4,95.68,41.54
2026-05-09T07:22:51.2298050Z,EQ-4,95.17,40.25
2026-05-09T07:23:01.2298050Z,EQ-3,87.16,42.46
2026-05-09T07:23:11.2298050Z,EQ-4,93.57,47.79
2026-05-09T07:23:21.2298050Z,EQ-3,85.29,48.12
2026-05-09T07:23:31.2298050Z,EQ-4,87.81,49.47
2026-05-09T07:23:41.2298050Z,EQ-1,98.74,45.97
2026-05-09T07:23:51.2298050Z,EQ-3,90.09,40.40
2026-05-09T07:24:01.2298050Z,EQ-4,97.85,41.59
2026-05-09T07:24:11.2298050Z,EQ-3,88.33,44.97
2026-05-09T07:24:21.2298050Z,EQ-2,94.80,45.04
2026-05-09T07:24:31.2298050Z,EQ-4,92.71,48.70
2026-05-09T07:24:41.2298050Z,EQ-1,92.33,47.50
2026-05-09T07:24:51.2298050Z,EQ-3,92.55,45.38
2026-05-09T07:25:01.2298050Z,EQ-3,90.66,42.33
2026-05-09T07:25:11.2298050Z,EQ-4,91.46,40.67
2026-05-09T07:25:21.2298050Z,EQ-3,96.61,48.17
2026-05-09T07:25:31.2298050Z,EQ-1,93.25,47.48
2026-05-09T07:25:41.2298050Z,EQ-3,90.45,46.58
2026-05-09T07:25:51.2298050Z,EQ-2,91.74,46.52
2026-05-09T07:26:01.2298050Z,EQ-2,97.72,47.89
2026-05-09T07:26:11.2298050Z,EQ-1,95.08,44.49
2026-05-09T07:26:21.2298050Z,EQ-2,86.26,41.46
2026-05-09T07:26:31.2298050Z,EQ-2,97.84,47.52
2026-05-09T07:26:41.2298050Z,EQ-3,87.82,45.89
2026-05-09T07:26:51.2298050Z,EQ-1,94.67,43.90
2026-05-09T07:27:01.2298050Z,EQ-4,95.85,47.79
2026-05-09T07:27:11.2298050Z,EQ-4,95.93,42.80
2026-05-09T07:27:21.2298050Z,EQ-1,89.74,43.29
2026-05-09T07:27:31.2298050Z,EQ-4,90.02,49.93
2026-05-09T07:27:41.2298050Z,EQ-2,95.29,41.33
2026-05-09T07:27:51.2298050Z,EQ-1,85.64,40.34
2026-05-09T07:28:01.2298050Z,EQ-3,90.31,46.54
2026-05-09T07:28:11.2298050Z,EQ-3,85.91,42.02
2026-05-09T07:28:21.2298050Z,EQ-1,95.29,41.02
2026-05-09T07:28:31.2298050Z,EQ-4,90.38,45.75
2026-05-09T07:28:41.2298050Z,EQ-3,92.76,42.06
2026-05-09T07:28:51.2298050Z,EQ-4,88.65,48.92
2026-05-09T07:29:01.2298050Z,EQ-1,93.39,42.16
2026-05-09T07:29:11.2298050Z,EQ-3,95.15,41.78
2026-05-09T07:29:21.2298050Z,EQ-4,91.94,45.22
2026-05-09T07:29:31.2298050Z,EQ-1,94.32,48.07
2026-05-09T07:29:41.2298050Z,EQ-3,99.16,42.04
2026-05-09T07:29:51.2298050Z,EQ-4,92.24,42.12
2026-05-09T07:30:01.2298050Z,EQ-3,87.41,41.50
2026-05-09T07:30:11.2298050Z,EQ-4,89.73,48.41
2026-05-09T07:30:21.2298050Z,EQ-1,99.18,44.77
2026-05-09T07:30:31.2298050Z,EQ-4,99.04,43.85
2026-05-09T07:30:41.2298050Z,EQ-4,94.13,46.00
2026-05-09T07:30:51.2298050Z,EQ-1,99.66,40.27
2026-05-09T07:31:01.2298050Z,EQ-1,86.76,46.10
2026-05-09T07:31:11.2298050Z,EQ-4,87.90,45.75
2026-05-09T07:31:21.2298050Z,EQ-3,98.43,44.63
2026-05-09T07:31:31.2298050Z,EQ-4,99.91,43.66
2026-05-09T07:31:41.2298050Z,EQ-2,92.70,45.57
2026-05-09T07:31:51.2298050Z,EQ-2,94.29,41.42
2026-05-09T07:32:01.2298050Z,EQ-3,97.03,49.02
2026-05-09T07:32:11.2298050Z,EQ-1,92.46,47.40
2026-05-09T07:32:21.2298050Z,EQ-2,92.12,42.82
2026-05-09T07:32:31.2298050Z,EQ-3,89.98,41.05
2026-05-09T07:32:41.2298050Z,EQ-1,91.64,47.42
2026-05-09T07:32:51.2298050Z,EQ-4,97.06,45.93
2026-05-09T07:33:01.2298050Z,EQ-1,99.93,40.00
2026-05-09T07:33:11.2298050Z,EQ-4,99.47,45.68
2026-05-09T07:33:21.2298050Z,EQ-1,99.15,45.12
2026-05-09T07:33:31.2298050Z,EQ-1,91.32,45.90
2026-05-09T07:33:41.2298050Z,EQ-2,92.46,49.41
2026-05-09T07:33:51.2298050Z,EQ-3,91.56,43.21
2026-05-09T07:34:01.2298050Z,EQ-3,85.74,43.86
2026-05-09T07:34:11.2298050Z,EQ-2,99.97,45.07
2026-05-09T07:34:21.2298050Z,EQ-3,94.62,41.72
2026-05-09T07:34:31.2298050Z,EQ-4,86.11,48.65
2026-05-09T07:34:41.2298050Z,EQ-2,95.63,47.29
2026-05-09T07:34:51.2298050Z,EQ-2,93.70,40.47
2026-05-09T07:35:01.2298050Z,EQ-1,86.45,47.05
2026-05-09T07:35:11.2298050Z,EQ-1,91.33,46.57
2026-05-09T07:35:21.2298050Z,EQ-2,91.32,42.67
2026-05-09T07:35:31.2298050Z,EQ-4,97.00,41.75
2026-05-09T07:35:41.2298050Z,EQ-1,99.78,47.08
2026-05-09T07:35:51.2298050Z,EQ-1,93.54,41.19
2026-05-09T07:36:01.2298050Z,EQ-4,93.99,48.66
2026-05-09T07:36:11.2298050Z,EQ-3,87.96,48.27
2026-05-09T07:36:21.2298050Z,EQ-3,95.32,45.63
2026-05-09T07:36:31.2298050Z,EQ-4,95.83,41.07
2026-05-09T07:36:41.2298050Z,EQ-4,96.10,47.80
2026-05-09T07:36:51.2298050Z,EQ-1,98.86,45.82
2026-05-09T07:37:01.2298050Z,EQ-2,91.70,40.14
2026-05-09T07:37:11.2298050Z,EQ-4,92.47,45.86
2026-05-09T07:37:21.2298050Z,EQ-1,93.09,41.85
2026-05-09T07:37:31.2298050Z,EQ-2,96.32,41.42
2026-05-09T07:37:41.2298050Z,EQ-1,91.41,43.07
2026-05-09T07:37:51.2298050Z,EQ-3,93.30,46.27
2026-05-09T07:38:01.2298050Z,EQ-4,98.62,44.38
2026-05-09T07:38:11.2298050Z,EQ-3,85.64,48.55
2026-05-09T07:38:21.2298050Z,EQ-2,96.97,49.47
2026-05-09T07:38:31.2298050Z,EQ-1,99.78,46.89
2026-05-09T07:38:41.2298050Z,EQ-2,99.89,49.57
2026-05-09T07:38:51.2298050Z,EQ-2,98.80,41.45
2026-05-09T07:39:01.2298050Z,EQ-2,85.65,49.26
2026-05-09T07:39:11.2298050Z,EQ-2,88.66,46.57
2026-05-09T07:39:21.2298050Z,EQ-3,94.36,44.85
2026-05-09T07:39:31.2298050Z,EQ-4,87.01,44.00
2026-05-09T07:39:41.2298050Z,EQ-2,93.32,49.94
2026-05-09T07:39:51.2298050Z,EQ-2,85.95,46.27
2026-05-09T07:40:01.2298050Z,EQ-2,96.28,47.79
2026-05-09T07:40:11.2298050Z,EQ-4,88.91,47.76
2026-05-09T07:40:21.2298050Z,EQ-1,85.99,46.59
2026-05-09T07:40:31.2298050Z,EQ-4,97.90,44.03
2026-05-09T07:40:41.2298050Z,EQ-4,93.77,45.34
2026-05-09T07:40:51.2298050Z,EQ-3,85.77,48.37
2026-05-09T07:41:01.2298050Z,EQ-1,89.81,49.76
2026-05-09T07:41:11.2298050Z,EQ-1,94.97,43.29
2026-05-09T07:41:21.2298050Z,EQ-3,96.26,41.40
2026-05-09T07:41:31.2298050Z,EQ-4,88.71,47.36
2026-05-09T07:41:41.2298050Z,EQ-3,98.79,40.31
2026-05-09T07:41:51.2298050Z,EQ-2,97.38,47.55
2026-05-09T07:42:01.2298050Z,EQ-2,98.63,45.54
2026-05-09T07:42:11.2298050Z,EQ-3,91.50,42.45
2026-05-09T07:42:21.2298050Z,EQ-2,90.47,41.07
2026-05-09T07:42:31.2298050Z,EQ-3,91.13,44.58
2026-05-09T07:42:41.2298050Z,EQ-4,90.62,45.57
2026-05-09T07:42:51.2298050Z,EQ-4,95.80,46.35
2026-05-09T07:43:01.2298050Z,EQ-3,98.62,40.55
2026-05-09T07:43:11.2298050Z,EQ-3,97.36,46.79
2026-05-09T07:43:21.2298050Z,EQ-3,90.40,41.60
2026-05-09T07:43:31.2298050Z,EQ-2,97.44,49.17
2026-05-09T07:43:41.2298050Z,EQ-1,93.31,40.04
2026-05-09T07:43:51.2298050Z,EQ-3,95.25,46.13
2026-05-09T07:44:01.2298050Z,EQ-3,89.03,48.78
2026-05-09T07:44:11.2298050Z,EQ-2,87.35,47.15
2026-05-09T07:44:21.2298050Z,EQ-1,87.19,41.21
2026-05-09T07:44:31.2298050Z,EQ-3,93.56,42.83
2026-05-09T07:44:41.2298050Z,EQ-2,87.04,42.63
2026-05-09T07:44:51.2298050Z,EQ-3,89.06,49.71
2026-05-09T07:45:01.2298050Z,EQ-3,96.33,44.65
2026-05-09T07:45:11.2298050Z,EQ-2,96.63,42.22
2026-05-09T07:45:21.2298050Z,EQ-3,98.75,49.49
2026-05-09T07:45:31.2298050Z,EQ-4,87.21,49.34
2026-05-09T07:45:41.2298050Z,EQ-2,86.41,44.50
2026-05-09T07:45:51.2298050Z,EQ-2,90.18,45.77
2026-05-09T07:46:01.2298050Z,EQ-3,93.35,45.50
2026-05-09T07:46:11.2298050Z,EQ-4,97.82,45.98
2026-05-09T07:46:21.2298050Z,EQ-3,94.26,49.69
2026-05-09T07:46:31.2298050Z,EQ-3,96.75,41.93
2026-05-09T07:46:41.2298050Z,EQ-1,90.32,45.87
2026-05-09T07:46:51.2298050Z,EQ-2,98.73,46.47
2026-05-09T07:47:01.2298050Z,EQ-2,98.11,46.93
2026-05-09T07:47:11.2298050Z,EQ-4,97.43,46.18
2026-05-09T07:47:21.2298050Z,EQ-1,85.92,42.13
2026-05-09T07:47:31.2298050Z,EQ-4,95.20,43.78
2026-05-09T07:47:41.2298050Z,EQ-1,90.19,44.46
2026-05-09T07:47:51.2298050Z,EQ-1,89.00,43.29
2026-05-09T07:48:01.2298050Z,EQ-1,88.18,49.07
2026-05-09T07:48:11.2298050Z,EQ-1,92.43,41.14
2026-05-09T07:48:21.2298050Z,EQ-2,86.01,47.40
2026-05-09T07:48:31.2298050Z,EQ-1,87.85,40.16
2026-05-09T07:48:41.2298050Z,EQ-3,86.21,49.77
2026-05-09T07:48:51.2298050Z,EQ-2,94.09,47.18
2026-05-09T07:49:01.2298050Z,EQ-1,87.10,46.52
2026-05-09T07:49:11.2298050Z,EQ-4,86.15,46.93
2026-05-09T07:49:21.2298050Z,EQ-1,90.03,48.28
2026-05-09T07:49:31.2298050Z,EQ-2,89.24,48.27
2026-05-09T07:49:41.2298050Z,EQ-1,97.06,43.51
2026-05-09T07:49:51.2298050Z,EQ-3,93.74,43.76
2026-05-09T07:50:01.2298050Z,EQ-4,91.93,45.44
2026-05-09T07:50:11.2298050Z,EQ-1,86.40,45.49
2026-05-09T07:50:21.2298050Z,EQ-1,92.64,44.33
2026-05-09T07:50:31.2298050Z,EQ-2,98.47,49.98
2026-05-09T07:50:41.2298050Z,EQ-4,98.41,43.10
2026-05-09T07:50:51.2298050Z,EQ-2,98.67,49.02
2026-05-09T07:51:01.2298050Z,EQ-3,86.30,40.68
2026-05-09T07:51:11.2298050Z,EQ-1,86.96,41.03
2026-05-09T07:51:21.2298050Z,EQ-4,85.95,45.98
2026-05-09T07:51:31.2298050Z,EQ-2,95.24,47.10
2026-05-09T07:51:41.2298050Z,EQ-4,97.48,48.49
2026-05-09T07:51:51.2298050Z,EQ-1,87.19,43.52
2026-05-09T07:52:01.2298050Z,EQ-1,92.50,42.57
2026-05-09T07:52:11.2298050Z,EQ-3,86.57,47.96
2026-05-09T07:52:21.2298050Z,EQ-4,96.05,43.30
2026-05-09T07:52:31.2298050Z,EQ-1,93.37,44.99
2026-05-09T07:52:41.2298050Z,EQ-2,86.94,43.55
2026-05-09T07:52:51.2298050Z,EQ-3,95.21,41.79
2026-05-09T07:53:01.2298050Z,EQ-3,89.20,41.06
2026-05-09T07:53:11.2298050Z,EQ-3,85.24,42.74
2026-05-09T07:53:21.2298050Z,EQ-1,96.84,47.82
2026-05-09T07:53:31.2298050Z,EQ-4,87.54,42.93
2026-05-09T07:53:41.2298050Z,EQ-2,93.77,45.30
2026-05-09T07:53:51.2298050Z,EQ-1,99.54,41.69
2026-05-09T07:54:01.2298050Z,EQ-3,85.13,49.38
2026-05-09T07:54:11.2298050Z,EQ-2,94.55,46.22
2026-05-09T07:54:21.2298050Z,EQ-1,96.54,48.62
2026-05-09T07:54:31.2298050Z,EQ-3,98.47,40.62
2026-05-09T07:54:41.2298050Z,EQ-2,92.22,44.00
2026-05-09T07:54:51.2298050Z,EQ-3,85.91,44.76
2026-05-09T07:55:01.2298050Z,EQ-4,88.74,47.92
2026-05-09T07:55:11.2298050Z,EQ-4,90.84,45.90
2026-05-09T07:55:21.2298050Z,EQ-3,93.23,49.71
2026-05-09T07:55:31.2298050Z,EQ-4,92.07,47.66
2026-05-09T07:55:41.2298050Z,EQ-1,93.20,40.45
2026-05-09T07:55:51.2298050Z,EQ-3,85.33,44.25
2026-05-09T07:56:01.2298050Z,EQ-3,87.63,42.59
2026-05-09T07:56:11.2298050Z,EQ-2,89.35,41.17
2026-05-09T07:56:21.2298050Z,EQ-2,98.77,49.67
2026-05-09T07:56:31.2298050Z,EQ-1,92.84,46.18
2026-05-09T07:56:41.2298050Z,EQ-1,94.01,40.03
2026-05-09T07:56:51.2298050Z,EQ-2,99.70,49.77
2026-05-09T07:57:01.2298050Z,EQ-1,93.15,40.97
2026-05-09T07:57:11.2298050Z,EQ-2,94.95,48.55
2026-05-09T07:57:21.2298050Z,EQ-2,95.30,49.41
2026-05-09T07:57:31.2298050Z,EQ-1,97.41,41.97
2026-05-09T07:57:41.2298050Z,EQ-4,86.99,42.94
2026-05-09T07:57:51.2298050Z,EQ-2,86.55,41.52
2026-05-09T07:58:01.2298050Z,EQ-4,92.31,40.86
2026-05-09T07:58:11.2298050Z,EQ-1,91.69,43.77
2026-05-09T07:58:21.2298050Z,EQ-2,99.29,42.38
2026-05-09T07:58:31.2298050Z,EQ-2,85.82,41.25
2026-05-09T07:58:41.2298050Z,EQ-1,86.25,40.43
2026-05-09T07:58:51.2298050Z,EQ-4,85.35,47.95
2026-05-09T07:59:01.2298050Z,EQ-3,95.21,43.93
2026-05-09T07:59:11.2298050Z,EQ-4,86.01,49.55
2026-05-09T07:59:21.2298050Z,EQ-2,99.41,41.08
2026-05-09T07:59:31.2298050Z,EQ-1,87.32,49.41
2026-05-09T07:59:41.2298050Z,EQ-1,93.26,43.86
2026-05-09T07:59:51.2298050Z,EQ-2,93.76,43.70
2026-05-09T08:00:01.2298050Z,EQ-3,92.84,48.63
2026-05-09T08:00:11.2298050Z,EQ-3,85.32,42.79
2026-05-09T08:00:21.2298050Z,EQ-1,93.84,47.36
2026-05-09T08:00:31.2298050Z,EQ-2,98.22,46.90
2026-05-09T08:00:41.2298050Z,EQ-4,93.86,48.43
2026-05-09T08:00:51.2298050Z,EQ-4,97.30,42.18
2026-05-09T08:01:01.2298050Z,EQ-2,86.34,42.07
2026-05-09T08:01:11.2298050Z,EQ-3,91.09,49.51
2026-05-09T08:01:21.2298050Z,EQ-1,92.21,48.03
2026-05-09T08:01:31.2298050Z,EQ-2,97.25,49.83
2026-05-09T08:01:41.2298050Z,EQ-1,88.35,48.75
2026-05-09T08:01:51.2298050Z,EQ-3,93.20,49.91
2026-05-09T08:02:01.2298050Z,EQ-4,85.98,41.21
2026-05-09T08:02:11.2298050Z,EQ-2,90.86,45.28
2026-05-09T08:02:21.2298050Z,EQ-2,93.68,42.23
2026-05-09T08:02:31.2298050Z,EQ-4,96.98,45.25
2026-05-09T08:02:41.2298050Z,EQ-1,85.10,49.08
2026-05-09T08:02:51.2298050Z,EQ-2,85.62,48.07
2026-05-09T08:03:01.2298050Z,EQ-2,98.37,40.46
2026-05-09T08:03:11.2298050Z,EQ-2,99.93,49.54
2026-05-09T08:03:21.2298050Z,EQ-2,86.98,43.78
2026-05-09T08:03:31.2298050Z,EQ-3,99.13,41.70
2026-05-09T08:03:41.2298050Z,EQ-2,99.69,44.04
2026-05-09T08:03:51.2298050Z,EQ-4,89.28,46.77
2026-05-09T08:04:01.2298050Z,EQ-1,93.90,47.79
2026-05-09T08:04:11.2298050Z,EQ-3,89.95,48.56
2026-05-09T08:04:21.2298050Z,EQ-4,89.13,40.13
2026-05-09T08:04:31.2298050Z,EQ-3,85.45,47.80
2026-05-09T08:04:41.2298050Z,EQ-1,95.64,47.07
2026-05-09T08:04:51.2298050Z,EQ-1,89.47,40.19
2026-05-09T08:05:01.2298050Z,EQ-1,90.48,47.82
2026-05-09T08:05:11.2298050Z,EQ-3,89.52,47.96
2026-05-09T08:05:21.2298050Z,EQ-2,88.64,43.66
2026-05-09T08:05:31.2298050Z,EQ-4,95.75,41.31
2026-05-09T08:05:41.2298050Z,EQ-3,95.31,46.82
2026-05-09T08:05:51.2298050Z,EQ-1,96.60,46.75
2026-05-09T08:06:01.2298050Z,EQ-4,85.58,43.40
2026-05-09T08:06:11.2298050Z,EQ-2,98.17,47.37
2026-05-09T08:06:21.2298050Z,EQ-2,94.27,48.67
2026-05-09T08:06:31.2298050Z,EQ-2,99.85,45.80
2026-05-09T08:06:41.2298050Z,EQ-4,92.22,45.63
2026-05-09T08:06:51.2298050Z,EQ-2,98.11,45.69
2026-05-09T08:07:01.2298050Z,EQ-2,87.66,49.90
2026-05-09T08:07:11.2298050Z,EQ-1,97.35,48.65
2026-05-09T08:07:21.2298050Z,EQ-4,98.61,48.04
2026-05-09T08:07:31.2298050Z,EQ-2,98.59,48.63
2026-05-09T08:07:41.2298050Z,EQ-3,88.30,43.19
2026-05-09T08:07:51.2298050Z,EQ-1,85.98,42.14
2026-05-09T08:08:01.2298050Z,EQ-3,90.50,42.39
2026-05-09T08:08:11.2298050Z,EQ-2,91.62,41.37
2026-05-09T08:08:21.2298050Z,EQ-1,96.70,49.50
2026-05-09T08:08:31.2298050Z,EQ-3,97.67,45.15
2026-05-09T08:08:41.2298050Z,EQ-1,89.70,42.79
2026-05-09T08:08:51.2298050Z,EQ-1,92.58,49.47
2026-05-09T08:09:01.2298050Z,EQ-3,87.67,44.62
2026-05-09T08:09:11.2298050Z,EQ-4,97.61,48.22
2026-05-09T08:09:21.2298050Z,EQ-4,95.46,48.65
2026-05-09T08:09:31.2298050Z,EQ-3,97.54,42.58
2026-05-09T08:09:41.2298050Z,EQ-4,91.55,47.10
2026-05-09T08:09:51.2298050Z,EQ-4,97.69,43.22
2026-05-09T08:10:01.2298050Z,EQ-3,99.25,44.14
2026-05-09T08:10:11.2298050Z,EQ-1,88.02,49.25
2026-05-09T08:10:21.2298050Z,EQ-1,86.05,41.59
2026-05-09T08:10:31.2298050Z,EQ-4,85.15,40.99
2026-05-09T08:10:41.2298050Z,EQ-3,89.48,41.66
2026-05-09T08:10:51.2298050Z,EQ-4,98.06,43.65
2026-05-09T08:11:01.2298050Z,EQ-3,87.67,43.70
2026-05-09T08:11:11.2298050Z,EQ-4,97.74,44.38
2026-05-09T08:11:21.2298050Z,EQ-4,86.29,49.22
2026-05-09T08:11:31.2298050Z,EQ-3,90.41,44.21
2026-05-09T08:11:41.2298050Z,EQ-3,93.24,44.47
2026-05-09T08:11:51.2298050Z,EQ-3,91.73,46.23
2026-05-09T08:12:01.2298050Z,EQ-3,89.13,46.76
2026-05-09T08:12:11.2298050Z,EQ-2,90.47,48.08
2026-05-09T08:12:21.2298050Z,EQ-1,92.22,48.14
2026-05-09T08:12:31.2298050Z,EQ-3,92.14,43.14
2026-05-09T08:12:41.2298050Z,EQ-2,91.21,43.92
2026-05-09T08:12:51.2298050Z,EQ-1,99.74,41.83
2026-05-09T08:13:01.2298050Z,EQ-2,91.02,44.98
2026-05-09T08:13:11.2298050Z,EQ-3,98.53,45.01
2026-05-09T08:13:21.2298050Z,EQ-2,94.35,45.76
2026-05-09T08:13:31.2298050Z,EQ-2,99.34,46.82
2026-05-09T08:13:41.2298050Z,EQ-3,93.85,49.33
2026-05-09T08:13:51.2298050Z,EQ-2,89.77,45.91
2026-05-09T08:14:01.2298050Z,EQ-4,96.84,43.49
2026-05-09T08:14:11.2298050Z,EQ-2,87.47,43.47
2026-05-09T08:14:21.2298050Z,EQ-2,95.58,46.42
2026-05-09T08:14:31.2298050Z,EQ-3,85.06,49.23
2026-05-09T08:14:41.2298050Z,EQ-3,91.80,40.71
2026-05-09T08:14:51.2298050Z,EQ-3,89.12,48.70
2026-05-09T08:15:01.2298050Z,EQ-4,94.18,40.21
2026-05-09T08:15:11.2298050Z,EQ-4,87.66,46.39
2026-05-09T08:15:21.2298050Z,EQ-3,88.80,45.41
2026-05-09T08:15:31.2298050Z,EQ-4,99.41,47.77
2026-05-09T08:15:41.2298050Z,EQ-3,96.42,44.04
2026-05-09T08:15:51.2298050Z,EQ-3,88.92,46.21
2026-05-09T08:16:01.2298050Z,EQ-3,96.63,44.34
2026-05-09T08:16:11.2298050Z,EQ-4,98.37,41.94
2026-05-09T08:16:21.2298050Z,EQ-1,99.36,47.29
2026-05-09T08:16:31.2298050Z,EQ-3,90.92,41.88
2026-05-09T08:16:41.2298050Z,EQ-1,90.26,44.47
2026-05-09T08:16:51.2298050Z,EQ-4,88.95,40.39
2026-05-09T08:17:01.2298050Z,EQ-2,87.13,47.29
2026-05-09T08:17:11.2298050Z,EQ-1,85.64,42.34
2026-05-09T08:17:21.2298050Z,EQ-2,89.20,48.27
2026-05-09T08:17:31.2298050Z,EQ-1,95.33,42.42
2026-05-09T08:17:41.2298050Z,EQ-4,98.22,40.75
2026-05-09T08:17:51.2298050Z,EQ-1,85.04,44.69
2026-05-09T08:18:01.2298050Z,EQ-2,86.51,40.21
2026-05-09T08:18:11.2298050Z,EQ-3,90.31,40.65
2026-05-09T08:18:21.2298050Z,EQ-3,99.97,49.96
2026-05-09T08:18:31.2298050Z,EQ-1,99.92,45.95
2026-05-09T08:18:41.2298050Z,EQ-2,97.43,48.72
2026-05-09T08:18:51.2298050Z,EQ-4,98.65,44.81
2026-05-09T08:19:01.2298050Z,EQ-3,85.81,43.50
2026-05-09T08:19:11.2298050Z,EQ-1,87.59,43.76
2026-05-09T08:19:21.2298050Z,EQ-4,90.77,45.49
2026-05-09T08:19:31.2298050Z,EQ-2,95.82,45.39
2026-05-09T08:19:41.2298050Z,EQ-1,86.06,46.68
2026-05-09T08:19:51.2298050Z,EQ-4,98.19,41.65
2026-05-09T08:20:01.2298050Z,EQ-2,95.91,47.05
2026-05-09T08:20:11.2298050Z,EQ-3,90.12,45.05
2026-05-09T08:20:21.2298050Z,EQ-4,89.89,40.81
2026-05-09T08:20:31.2298050Z,EQ-1,97.31,47.52
2026-05-09T08:20:41.2298050Z,EQ-2,87.39,48.93
2026-05-09T08:20:51.2298050Z,EQ-1,88.91,41.47
2026-05-09T08:21:01.2298050Z,EQ-1,93.69,41.65
2026-05-09T08:21:11.2298050Z,EQ-1,91.58,46.39
2026-05-09T08:21:21.2298050Z,EQ-4,85.59,46.97
2026-05-09T08:21:31.2298050Z,EQ-4,92.80,40.47
2026-05-09T08:21:41.2298050Z,EQ-1,90.02,40.15
2026-05-09T08:21:51.2298050Z,EQ-4,90.68,47.28
2026-05-09T08:22:01.2298050Z,EQ-4,98.46,46.11
2026-05-09T08:22:11.2298050Z,EQ-3,86.55,42.12
2026-05-09T08:22:21.2298050Z,EQ-3,96.41,47.36
2026-05-09T08:22:31.2298050Z,EQ-4,92.98,49.63
2026-05-09T08:22:41.2298050Z,EQ-3,90.59,41.49
2026-05-09T08:22:51.2298050Z,EQ-1,88.22,48.29
2026-05-09T08:23:01.2298050Z,EQ-1,85.25,41.83
2026-05-09T08:23:11.2298050Z,EQ-1,91.53,40.69
2026-05-09T08:23:21.2298050Z,EQ-2,95.04,49.99
2026-05-09T08:23:31.2298050Z,EQ-4,90.18,47.90
2026-05-09T08:23:41.2298050Z,EQ-3,92.59,42.23
2026-05-09T08:23:51.2298050Z,EQ-3,98.68,49.38
2026-05-09T08:24:01.2298050Z,EQ-3,93.77,45.02
2026-05-09T08:24:11.2298050Z,EQ-1,91.66,47.18
2026-05-09T08:24:21.2298050Z,EQ-2,86.75,49.72
2026-05-09T08:24:31.2298050Z,EQ-1,96.15,44.06
2026-05-09T08:24:41.2298050Z,EQ-1,92.38,46.21
2026-05-09T08:24:51.2298050Z,EQ-3,93.85,49.02
2026-05-09T08:25:01.2298050Z,EQ-2,96.17,40.31
2026-05-09T08:25:11.2298050Z,EQ-4,98.39,40.45
2026-05-09T08:25:21.2298050Z,EQ-2,87.56,40.82
2026-05-09T08:25:31.2298050Z,EQ-2,99.48,42.05
2026-05-09T08:25:41.2298050Z,EQ-1,99.16,49.63
2026-05-09T08:25:51.2298050Z,EQ-3,89.94,42.88
2026-05-09T08:26:01.2298050Z,EQ-1,97.93,40.83
2026-05-09T08:26:11.2298050Z,EQ-2,91.78,42.31
2026-05-09T08:26:21.2298050Z,EQ-1,97.60,47.48
2026-05-09T08:26:31.2298050Z,EQ-3,89.10,42.65
2026-05-09T08:26:41.2298050Z,EQ-4,88.56,43.71
2026-05-09T08:26:51.2298050Z,EQ-2,88.23,42.47
2026-05-09T08:27:01.2298050Z,EQ-1,91.12,45.49
2026-05-09T08:27:11.2298050Z,EQ-1,85.45,46.57
2026-05-09T08:27:21.2298050Z,EQ-4,92.63,44.56
2026-05-09T08:27:31.2298050Z,EQ-1,93.95,45.67
2026-05-09T08:27:41.2298050Z,EQ-2,92.49,40.14
2026-05-09T08:27:51.2298050Z,EQ-2,93.22,43.05
2026-05-09T08:28:01.2298050Z,EQ-4,91.21,44.77
2026-05-09T08:28:11.2298050Z,EQ-3,95.44,45.14
2026-05-09T08:28:21.2298050Z,EQ-1,95.85,47.27
2026-05-09T08:28:31.2298050Z,EQ-1,89.55,42.54
2026-05-09T08:28:41.2298050Z,EQ-3,87.26,40.30
2026-05-09T08:28:51.2298050Z,EQ-2,97.08,41.33
2026-05-09T08:29:01.2298050Z,EQ-3,85.86,44.14
2026-05-09T08:29:11.2298050Z,EQ-4,90.42,48.17
2026-05-09T08:29:21.2298050Z,EQ-3,90.15,45.06
2026-05-09T08:29:31.2298050Z,EQ-3,94.42,49.94
2026-05-09T08:29:41.2298050Z,EQ-3,90.34,45.36
2026-05-09T08:29:51.2298050Z,EQ-1,87.42,45.44
2026-05-09T08:30:01.2298050Z,EQ-4,86.87,49.92
2026-05-09T08:30:11.2298050Z,EQ-3,89.42,48.35
2026-05-09T08:30:21.2298050Z,EQ-2,91.97,48.06
2026-05-09T08:30:31.2298050Z,EQ-2,87.74,40.56
2026-05-09T08:30:41.2298050Z,EQ-3,97.78,47.85
2026-05-09T08:30:51.2298050Z,EQ-2,95.60,42.26
2026-05-09T08:31:01.2298050Z,EQ-1,93.99,48.72
2026-05-09T08:31:11.2298050Z,EQ-4,87.57,42.78
2026-05-09T08:31:21.2298050Z,EQ-2,85.16,49.31
2026-05-09T08:31:31.2298050Z,EQ-1,95.38,49.39
2026-05-09T08:31:41.2298050Z,EQ-2,90.13,44.59
2026-05-09T08:31:51.2298050Z,EQ-4,95.54,47.56
2026-05-09T08:32:01.2298050Z,EQ-4,95.01,44.25
2026-05-09T08:32:11.2298050Z,EQ-2,96.92,47.53
2026-05-09T08:32:21.2298050Z,EQ-1,91.85,45.16
2026-05-09T08:32:31.2298050Z,EQ-2,91.60,46.40
2026-05-09T08:32:41.2298050Z,EQ-1,94.52,41.75
2026-05-09T08:32:51.2298050Z,EQ-2,92.41,46.88
2026-05-09T08:33:01.2298050Z,EQ-3,92.94,48.25
2026-05-09T08:33:11.2298050Z,EQ-1,90.19,45.48
2026-05-09T08:33:21.2298050Z,EQ-2,99.05,49.42
2026-05-09T08:33:31.2298050Z,EQ-1,87.02,41.77
2026-05-09T08:33:41.2298050Z,EQ-3,97.83,47.10
2026-05-09T08:33:51.2298050Z,EQ-1,90.38,40.69
2026-05-09T08:34:01.2298050Z,EQ-3,92.20,43.12
2026-05-09T08:34:11.2298050Z,EQ-2,96.82,40.25
2026-05-09T08:34:21.2298050Z,EQ-2,89.95,48.31
2026-05-09T08:34:31.2298050Z,EQ-2,92.74,43.57
2026-05-09T08:34:41.2298050Z,EQ-1,93.14,44.19
2026-05-09T08:34:51.2298050Z,EQ-2,90.89,44.30
2026-05-09T08:35:01.2298050Z,EQ-1,93.06,40.01
2026-05-09T08:35:11.2298050Z,EQ-2,98.83,46.83
2026-05-09T08:35:21.2298050Z,EQ-2,98.59,41.40
2026-05-09T08:35:31.2298050Z,EQ-4,94.07,44.56
2026-05-09T08:35:41.2298050Z,EQ-4,88.28,45.85
2026-05-09T08:35:51.2298050Z,EQ-1,96.20,48.19
2026-05-09T08:36:01.2298050Z,EQ-1,98.06,47.25
2026-05-09T08:36:11.2298050Z,EQ-2,85.41,43.98
2026-05-09T08:36:21.2298050Z,EQ-1,92.63,44.36
2026-05-09T08:36:31.2298050Z,EQ-1,85.67,48.83
2026-05-09T08:36:41.2298050Z,EQ-2,92.38,45.04
2026-05-09T08:36:51.2298050Z,EQ-1,88.39,45.21
2026-05-09T08:37:01.2298050Z,EQ-3,90.28,47.29
2026-05-09T08:37:11.2298050Z,EQ-2,95.70,41.08
2026-05-09T08:37:21.2298050Z,EQ-2,90.10,46.73
2026-05-09T08:37:31.2298050Z,EQ-3,85.24,46.31
2026-05-09T08:37:41.2298050Z,EQ-4,85.16,49.42
2026-05-09T08:37:51.2298050Z,EQ-3,98.66,48.89
2026-05-09T08:38:01.2298050Z,EQ-2,87.25,40.22
2026-05-09T08:38:11.2298050Z,EQ-2,99.13,48.20
2026-05-09T08:38:21.2298050Z,EQ-1,96.76,40.87
2026-05-09T08:38:31.2298050Z,EQ-2,92.85,44.47
2026-05-09T08:38:41.2298050Z,EQ-4,95.01,48.24
2026-05-09T08:38:51.2298050Z,EQ-2,92.71,48.24
2026-05-09T08:39:01.2298050Z,EQ-4,95.35,45.42
2026-05-09T08:39:11.2298050Z,EQ-4,93.89,49.54
2026-05-09T08:39:21.2298050Z,EQ-3,98.72,41.15
2026-05-09T08:39:31.2298050Z,EQ-4,87.45,49.47
2026-05-09T08:39:41.2298050Z,EQ-2,98.22,46.40
2026-05-09T08:39:51.2298050Z,EQ-4,87.16,41.57
2026-05-09T08:40:01.2298050Z,EQ-1,96.20,47.25
2026-05-09T08:40:11.2298050Z,EQ-2,88.73,49.27
2026-05-09T08:40:21.2298050Z,EQ-4,89.93,49.47
2026-05-09T08:40:31.2298050Z,EQ-4,86.12,45.82
2026-05-09T08:40:41.2298050Z,EQ-4,88.36,43.48
2026-05-09T08:40:51.2298050Z,EQ-3,96.91,41.25
2026-05-09T08:41:01.2298050Z,EQ-3,92.98,41.44
2026-05-09T08:41:11.2298050Z,EQ-1,94.26,47.03
2026-05-09T08:41:21.2298050Z,EQ-4,94.78,43.60
2026-05-09T08:41:31.2298050Z,EQ-1,96.89,48.05
2026-05-09T08:41:41.2298050Z,EQ-1,96.35,42.24
2026-05-09T08:41:51.2298050Z,EQ-2,85.68,49.27
2026-05-09T08:42:01.2298050Z,EQ-4,92.62,40.36
2026-05-09T08:42:11.2298050Z,EQ-2,96.53,48.51
2026-05-09T08:42:21.2298050Z,EQ-1,95.03,47.75
2026-05-09T08:42:31.2298050Z,EQ-1,89.79,49.94
2026-05-09T08:42:41.2298050Z,EQ-3,99.89,47.47
2026-05-09T08:42:51.2298050Z,EQ-2,99.56,43.23
2026-05-09T08:43:01.2298050Z,EQ-4,92.22,42.75
2026-05-09T08:43:11.2298050Z,EQ-3,85.26,49.84
2026-05-09T08:43:21.2298050Z,EQ-4,86.34,45.01
2026-05-09T08:43:31.2298050Z,EQ-3,97.60,44.47
2026-05-09T08:43:41.2298050Z,EQ-1,87.92,48.37
2026-05-09T08:43:51.2298050Z,EQ-1,85.45,47.42
2026-05-09T08:44:01.2298050Z,EQ-2,97.88,46.28
2026-05-09T08:44:11.2298050Z,EQ-2,93.06,44.03
2026-05-09T08:44:21.2298050Z,EQ-3,87.18,46.60
2026-05-09T08:44:31.2298050Z,EQ-4,96.14,42.97
2026-05-09T08:44:41.2298050Z,EQ-4,94.06,42.12
2026-05-09T08:44:51.2298050Z,EQ-2,88.93,44.11
2026-05-09T08:45:01.2298050Z,EQ-4,93.65,48.89
2026-05-09T08:45:11.2298050Z,EQ-3,91.48,47.26
2026-05-09T08:45:21.2298050Z,EQ-2,88.17,40.20
2026-05-09T08:45:31.2298050Z,EQ-1,96.97,44.78
2026-05-09T08:45:41.2298050Z,EQ-2,99.40,45.88
2026-05-09T08:45:51.2298050Z,EQ-4,98.82,40.83
2026-05-09T08:46:01.2298050Z,EQ-3,87.57,41.84
2026-05-09T08:46:11.2298050Z,EQ-3,95.69,48.68
2026-05-09T08:46:21.2298050Z,EQ-4,85.01,44.87
2026-05-09T08:46:31.2298050Z,EQ-4,96.95,44.77
2026-05-09T08:46:41.2298050Z,EQ-3,89.67,49.13
2026-05-09T08:46:51.2298050Z,EQ-4,98.61,44.42
2026-05-09T08:47:01.2298050Z,EQ-1,90.79,45.78
2026-05-09T08:47:11.2298050Z,EQ-3,92.26,48.63
2026-05-09T08:47:21.2298050Z,EQ-4,86.17,43.79
2026-05-09T08:47:31.2298050Z,EQ-3,95.91,42.41
2026-05-09T08:47:41.2298050Z,EQ-4,85.39,45.53
2026-05-09T08:47:51.2298050Z,EQ-3,88.73,44.51
2026-05-09T08:48:01.2298050Z,EQ-4,93.56,48.43
2026-05-09T08:48:11.2298050Z,EQ-1,93.15,41.53
2026-05-09T08:48:21.2298050Z,EQ-3,93.47,42.73
2026-05-09T08:48:31.2298050Z,EQ-2,92.53,48.02
2026-05-09T08:48:41.2298050Z,EQ-2,92.16,47.00
2026-05-09T08:48:51.2298050Z,EQ-1,94.20,42.46
2026-05-09T08:49:01.2298050Z,EQ-4,90.44,42.66
2026-05-09T08:49:11.2298050Z,EQ-1,95.74,42.05
2026-05-09T08:49:21.2298050Z,EQ-2,97.99,42.69
2026-05-09T08:49:31.2298050Z,EQ-1,90.41,46.94
2026-05-09T08:49:41.2298050Z,EQ-2,90.45,48.96
2026-05-09T08:49:51.2298050Z,EQ-2,99.21,48.63
2026-05-09T08:50:01.2298050Z,EQ-1,95.35,41.76
2026-05-09T08:50:11.2298050Z,EQ-1,87.08,46.78
2026-05-09T08:50:21.2298050Z,EQ-1,85.40,40.19
2026-05-09T08:50:31.2298050Z,EQ-1,90.69,47.17
2026-05-09T08:50:41.2298050Z,EQ-1,92.14,40.07
2026-05-09T08:50:51.2298050Z,EQ-4,92.29,45.75
2026-05-09T08:51:01.2298050Z,EQ-2,96.41,49.70
2026-05-09T08:51:11.2298050Z,EQ-2,99.14,40.17
2026-05-09T08:51:21.2298050Z,EQ-1,86.17,47.53
2026-05-09T08:51:31.2298050Z,EQ-4,86.06,48.13
2026-05-09T08:51:41.2298050Z,EQ-3,98.88,45.42
2026-05-09T08:51:51.2298050Z,EQ-1,85.55,49.48
2026-05-09T08:52:01.2298050Z,EQ-1,85.61,47.96
2026-05-09T08:52:11.2298050Z,EQ-3,90.12,43.89
2026-05-09T08:52:21.2298050Z,EQ-1,91.86,43.98
2026-05-09T08:52:31.2298050Z,EQ-2,87.48,48.96
2026-05-09T08:52:41.2298050Z,EQ-2,95.36,41.89
2026-05-09T08:52:51.2298050Z,EQ-3,88.67,49.88
2026-05-09T08:53:01.2298050Z,EQ-2,93.67,41.48
2026-05-09T08:53:11.2298050Z,EQ-1,95.23,40.99
2026-05-09T08:53:21.2298050Z,EQ-4,93.93,43.43
2026-05-09T08:53:31.2298050Z,EQ-2,94.42,45.17
2026-05-09T08:53:41.2298050Z,EQ-2,98.81,48.16
2026-05-09T08:53:51.2298050Z,EQ-2,87.50,45.16
2026-05-09T08:54:01.2298050Z,EQ-2,85.64,45.16
2026-05-09T08:54:11.2298050Z,EQ-3,93.50,44.74
2026-05-09T08:54:21.2298050Z,EQ-4,99.30,40.08
2026-05-09T08:54:31.2298050Z,EQ-3,94.62,42.38
2026-05-09T08:54:41.2298050Z,EQ-2,90.66,42.06
2026-05-09T08:54:51.2298050Z,EQ-1,96.54,42.07
2026-05-09T08:55:01.2298050Z,EQ-4,93.92,49.68
2026-05-09T08:55:11.2298050Z,EQ-1,96.86,41.17
2026-05-09T08:55:21.2298050Z,EQ-3,99.81,40.00
2026-05-09T08:55:31.2298050Z,EQ-3,93.47,43.95
2026-05-09T08:55:41.2298050Z,EQ-2,92.16,45.35
2026-05-09T08:55:51.2298050Z,EQ-1,91.61,42.84
2026-05-09T08:56:01.2298050Z,EQ-1,97.18,43.94
2026-05-09T08:56:11.2298050Z,EQ-1,94.18,49.49
2026-05-09T08:56:21.2298050Z,EQ-2,92.43,40.34
2026-05-09T08:56:31.2298050Z,EQ-4,88.37,44.37
2026-05-09T08:56:41.2298050Z,EQ-2,90.36,41.20
2026-05-09T08:56:51.2298050Z,EQ-3,90.95,40.54
2026-05-09T08:57:01.2298050Z,EQ-2,87.35,41.66
2026-05-09T08:57:11.2298050Z,EQ-3,98.25,44.11
2026-05-09T08:57:21.2298050Z,EQ-1,96.82,48.22
2026-05-09T08:57:31.2298050Z,EQ-2,99.05,46.15
2026-05-09T08:57:41.2298050Z,EQ-3,85.70,44.16
2026-05-09T08:57:51.2298050Z,EQ-4,93.14,40.33
2026-05-09T08:58:01.2298050Z,EQ-2,95.61,47.89
2026-05-09T08:58:11.2298050Z,EQ-4,89.62,42.23
2026-05-09T08:58:21.2298050Z,EQ-1,88.40,46.21
2026-05-09T08:58:31.2298050Z,EQ-1,91.24,49.51
2026-05-09T08:58:41.2298050Z,EQ-4,87.14,48.20
2026-05-09T08:58:51.2298050Z,EQ-2,89.58,44.53
2026-05-09T08:59:01.2298050Z,EQ-2,94.99,48.08
2026-05-09T08:59:11.2298050Z,EQ-1,97.15,41.26
2026-05-09T08:59:21.2298050Z,EQ-3,95.97,45.22
2026-05-09T08:59:31.2298050Z,EQ-1,94.69,44.34
2026-05-09T08:59:41.2298050Z,EQ-2,85.17,47.37
2026-05-09T08:59:51.2298050Z,EQ-1,88.02,49.85
2026-05-09T09:00:01.2298050Z,EQ-1,86.84,43.69
2026-05-09T09:00:11.2298050Z,EQ-1,96.82,46.89
2026-05-09T09:00:21.2298050Z,EQ-4,89.32,47.41
2026-05-09T09:00:31.2298050Z,EQ-2,96.66,47.30
2026-05-09T09:00:41.2298050Z,EQ-1,93.96,40.36
2026-05-09T09:00:51.2298050Z,EQ-3,87.79,45.11
2026-05-09T09:01:01.2298050Z,EQ-2,98.98,42.21
2026-05-09T09:01:11.2298050Z,EQ-1,96.96,47.07
2026-05-09T09:01:21.2298050Z,EQ-1,90.50,45.10
2026-05-09T09:01:31.2298050Z,EQ-2,95.02,40.76
2026-05-09T09:01:41.2298050Z,EQ-4,98.10,47.51
2026-05-09T09:01:51.2298050Z,EQ-1,87.67,44.22
2026-05-09T09:02:01.2298050Z,EQ-4,86.16,44.88
2026-05-09T09:02:11.2298050Z,EQ-2,89.68,42.91
2026-05-09T09:02:21.2298050Z,EQ-1,85.74,49.14
2026-05-09T09:02:31.2298050Z,EQ-3,93.03,48.73
2026-05-09T09:02:41.2298050Z,EQ-1,96.29,42.97
2026-05-09T09:02:51.2298050Z,EQ-3,95.64,43.74
2026-05-09T09:03:01.2298050Z,EQ-4,92.26,49.73
2026-05-09T09:03:11.2298050Z,EQ-4,88.70,44.02
2026-05-09T09:03:21.2298050Z,EQ-4,92.69,42.98
2026-05-09T09:03:31.2298050Z,EQ-2,90.59,46.07
2026-05-09T09:03:41.2298050Z,EQ-4,95.41,48.64
2026-05-09T09:03:51.2298050Z,EQ-2,98.91,45.04
2026-05-09T09:04:01.2298050Z,EQ-4,91.48,40.71
2026-05-09T09:04:11.2298050Z,EQ-2,88.18,43.75
2026-05-09T09:04:21.2298050Z,EQ-1,94.25,48.38
2026-05-09T09:04:31.2298050Z,EQ-1,96.13,46.43
2026-05-09T09:04:41.2298050Z,EQ-2,96.84,49.34
2026-05-09T09:04:51.2298050Z,EQ-2,94.91,49.56
2026-05-09T09:05:01.2298050Z,EQ-4,97.95,49.37
2026-05-09T09:05:11.2298050Z,EQ-1,89.31,49.92
2026-05-09T09:05:21.2298050Z,EQ-3,85.05,42.95
2026-05-09T09:05:31.2298050Z,EQ-4,89.73,49.98
2026-05-09T09:05:41.2298050Z,EQ-3,89.27,43.29
2026-05-09T09:05:51.2298050Z,EQ-3,93.30,48.81
2026-05-09T09:06:01.2298050Z,EQ-2,98.12,47.29
2026-05-09T09:06:11.2298050Z,EQ-1,86.86,40.21
2026-05-09T09:06:21.2298050Z,EQ-2,90.23,44.82
2026-05-09T09:06:31.2298050Z,EQ-3,85.26,48.53
2026-05-09T09:06:41.2298050Z,EQ-4,98.21,49.27
2026-05-09T09:06:51.2298050Z,EQ-3,93.27,43.79
2026-05-09T09:07:01.2298050Z,EQ-4,89.55,41.47
2026-05-09T09:07:11.2298050Z,EQ-1,93.97,43.73
2026-05-09T09:07:21.2298050Z,EQ-2,99.57,40.41
2026-05-09T09:07:31.2298050Z,EQ-3,87.84,42.02
2026-05-09T09:07:41.2298050Z,EQ-4,86.52,42.29
2026-05-09T09:07:51.2298050Z,EQ-2,86.26,43.88
2026-05-09T09:08:01.2298050Z,EQ-1,89.12,48.31
2026-05-09T09:08:11.2298050Z,EQ-3,86.35,47.57
2026-05-09T09:08:21.2298050Z,EQ-2,89.90,47.77
2026-05-09T09:08:31.2298050Z,EQ-3,98.13,42.86
2026-05-09T09:08:41.2298050Z,EQ-3,91.44,45.37
2026-05-09T09:08:51.2298050Z,EQ-3,85.66,45.60
2026-05-09T09:09:01.2298050Z,EQ-2,96.62,44.10
2026-05-09T09:09:11.2298050Z,EQ-3,86.53,44.09
2026-05-09T09:09:21.2298050Z,EQ-3,92.59,40.48
2026-05-09T09:09:31.2298050Z,EQ-3,94.83,47.72
2026-05-09T09:09:41.2298050Z,EQ-4,95.16,49.38
2026-05-09T09:09:51.2298050Z,EQ-2,98.10,44.55
2026-05-09T09:10:01.2298050Z,EQ-4,99.40,43.12
2026-05-09T09:10:11.2298050Z,EQ-4,85.73,44.57
2026-05-09T09:10:21.2298050Z,EQ-3,93.03,45.01
2026-05-09T09:10:31.2298050Z,EQ-1,95.73,41.45
2026-05-09T09:10:41.2298050Z,EQ-1,87.73,42.85
2026-05-09T09:10:51.2298050Z,EQ-1,91.23,43.98
2026-05-09T09:11:01.2298050Z,EQ-4,95.09,46.42
2026-05-09T09:11:11.2298050Z,EQ-2,95.22,49.31
2026-05-09T09:11:21.2298050Z,EQ-3,90.74,49.16
2026-05-09T09:11:31.2298050Z,EQ-3,89.30,46.80
2026-05-09T09:11:41.2298050Z,EQ-4,93.34,45.90
2026-05-09T09:11:51.2298050Z,EQ-1,91.30,42.61
2026-05-09T09:12:01.2298050Z,EQ-4,92.33,43.59
2026-05-09T09:12:11.2298050Z,EQ-4,92.97,42.78
2026-05-09T09:12:21.2298050Z,EQ-2,95.12,40.92
2026-05-09T09:12:31.2298050Z,EQ-4,99.05,47.94
2026-05-09T09:12:41.2298050Z,EQ-3,86.99,41.76
2026-05-09T09:12:51.2298050Z,EQ-3,98.49,45.75
2026-05-09T09:13:01.2298050Z,EQ-3,92.62,41.74
2026-05-09T09:13:11.2298050Z,EQ-2,99.42,47.90
2026-05-09T09:13:21.2298050Z,EQ-1,91.62,43.80
2026-05-09T09:13:31.2298050Z,EQ-4,93.55,48.31
2026-05-09T09:13:41.2298050Z,EQ-4,86.46,47.46
2026-05-09T09:13:51.2298050Z,EQ-3,95.57,47.67
2026-05-09T09:14:01.2298050Z,EQ-3,93.10,46.45
2026-05-09T09:14:11.2298050Z,EQ-3,99.65,42.35
2026-05-09T09:14:21.2298050Z,EQ-3,85.96,41.12
2026-05-09T09:14:31.2298050Z,EQ-2,97.40,40.48
2026-05-09T09:14:41.2298050Z,EQ-4,87.44,49.52
2026-05-09T09:14:51.2298050Z,EQ-3,96.45,41.43
2026-05-09T09:15:01.2298050Z,EQ-2,91.79,44.42
2026-05-09T09:15:11.2298050Z,EQ-1,96.52,41.08
2026-05-09T09:15:21.2298050Z,EQ-3,97.11,44.22
2026-05-09T09:15:31.2298050Z,EQ-3,93.21,43.44
2026-05-09T09:15:41.2298050Z,EQ-4,91.72,47.71
2026-05-09T09:15:51.2298050Z,EQ-3,85.94,43.91
2026-05-09T09:16:01.2298050Z,EQ-4,92.21,49.81
2026-05-09T09:16:11.2298050Z,EQ-2,87.24,45.03
2026-05-09T09:16:21.2298050Z,EQ-4,94.40,44.60
2026-05-09T09:16:31.2298050Z,EQ-4,88.37,43.90
2026-05-09T09:16:41.2298050Z,EQ-1,90.19,45.20
2026-05-09T09:16:51.2298050Z,EQ-4,96.19,41.54
2026-05-09T09:17:01.2298050Z,EQ-4,88.51,44.74
2026-05-09T09:17:11.2298050Z,EQ-1,94.83,42.09
2026-05-09T09:17:21.2298050Z,EQ-3,99.99,46.16
2026-05-09T09:17:31.2298050Z,EQ-4,87.84,44.17
2026-05-09T09:17:41.2298050Z,EQ-2,91.69,43.93
2026-05-09T09:17:51.2298050Z,EQ-1,99.90,48.23
2026-05-09T09:18:01.2298050Z,EQ-3,96.59,40.31
2026-05-09T09:18:11.2298050Z,EQ-1,88.98,45.87
2026-05-09T09:18:21.2298050Z,EQ-1,99.23,48.67
2026-05-09T09:18:31.2298050Z,EQ-2,91.31,49.41
2026-05-09T09:18:41.2298050Z,EQ-4,93.97,42.60
2026-05-09T09:18:51.2298050Z,EQ-2,95.57,41.60
2026-05-09T09:19:01.2298050Z,EQ-1,99.16,46.03
2026-05-09T09:19:11.2298050Z,EQ-4,96.23,43.63
2026-05-09T09:19:21.2298050Z,EQ-4,98.79,48.64
2026-05-09T09:19:31.2298050Z,EQ-2,86.50,45.19
2026-05-09T09:19:41.2298050Z,EQ-4,91.87,46.57
2026-05-09T09:19:51.2298050Z,EQ-2,96.34,47.92
2026-05-09T09:20:01.2298050Z,EQ-2,94.53,42.25
2026-05-09T09:20:11.2298050Z,EQ-3,90.26,49.56
2026-05-09T09:20:21.2298050Z,EQ-1,87.81,48.18
2026-05-09T09:20:31.2298050Z,EQ-4,88.35,47.12
2026-05-09T09:20:41.2298050Z,EQ-3,97.23,47.60
2026-05-09T09:20:51.2298050Z,EQ-1,94.33,47.49
2026-05-09T09:21:01.2298050Z,EQ-2,97.76,43.18
2026-05-09T09:21:11.2298050Z,EQ-2,91.20,46.51
2026-05-09T09:21:21.2298050Z,EQ-2,90.36,48.46
2026-05-09T09:21:31.2298050Z,EQ-3,86.67,47.67
2026-05-09T09:21:41.2298050Z,EQ-2,90.91,44.81
2026-05-09T09:21:51.2298050Z,EQ-2,91.53,41.23
2026-05-09T09:22:01.2298050Z,EQ-4,98.83,41.84
2026-05-09T09:22:11.2298050Z,EQ-3,99.79,44.01
2026-05-09T09:22:21.2298050Z,EQ-3,92.75,48.55
2026-05-09T09:22:31.2298050Z,EQ-2,86.29,43.03
2026-05-09T09:22:41.2298050Z,EQ-1,86.37,45.02
2026-05-09T09:22:51.2298050Z,EQ-2,90.94,44.53
2026-05-09T09:23:01.2298050Z,EQ-4,87.92,46.57
2026-05-09T09:23:11.2298050Z,EQ-3,85.17,43.78
2026-05-09T09:23:21.2298050Z,EQ-2,93.77,42.20
2026-05-09T09:23:31.2298050Z,EQ-2,88.32,44.19
2026-05-09T09:23:41.2298050Z,EQ-3,95.88,47.47
2026-05-09T09:23:51.2298050Z,EQ-1,97.65,44.33
2026-05-09T09:24:01.2298050Z,EQ-3,97.90,48.09
2026-05-09T09:24:11.2298050Z,EQ-1,90.36,41.85
2026-05-09T09:24:21.2298050Z,EQ-1,92.54,48.43
2026-05-09T09:24:31.2298050Z,EQ-3,93.81,44.63
2026-05-09T09:24:41.2298050Z,EQ-2,86.29,41.05
2026-05-09T09:24:51.2298050Z,EQ-2,95.78,47.74
2026-05-09T09:25:01.2298050Z,EQ-2,95.22,46.23
2026-05-09T09:25:11.2298050Z,EQ-3,96.74,40.04
2026-05-09T09:25:21.2298050Z,EQ-1,87.22,43.60
2026-05-09T09:25:31.2298050Z,EQ-1,87.46,47.62
2026-05-09T09:25:41.2298050Z,EQ-2,95.94,49.11
2026-05-09T09:25:51.2298050Z,EQ-4,97.59,46.48
2026-05-09T09:26:01.2298050Z,EQ-4,87.63,45.59
2026-05-09T09:26:11.2298050Z,EQ-2,86.29,40.85
2026-05-09T09:26:21.2298050Z,EQ-4,89.67,42.98
2026-05-09T09:26:31.2298050Z,EQ-2,93.71,48.65
2026-05-09T09:26:41.2298050Z,EQ-4,87.73,45.87
2026-05-09T09:26:51.2298050Z,EQ-3,86.37,41.41
2026-05-09T09:27:01.2298050Z,EQ-3,91.47,42.39
2026-05-09T09:27:11.2298050Z,EQ-1,91.54,45.61
2026-05-09T09:27:21.2298050Z,EQ-4,91.20,43.46
2026-05-09T09:27:31.2298050Z,EQ-2,92.95,46.14
2026-05-09T09:27:41.2298050Z,EQ-2,98.31,43.69
2026-05-09T09:27:51.2298050Z,EQ-3,99.30,40.52
2026-05-09T09:28:01.2298050Z,EQ-1,94.71,47.14
2026-05-09T09:28:11.2298050Z,EQ-3,99.10,48.90
2026-05-09T09:28:21.2298050Z,EQ-1,88.61,42.87
2026-05-09T09:28:31.2298050Z,EQ-3,99.74,43.68
2026-05-09T09:28:41.2298050Z,EQ-2,90.58,45.59
2026-05-09T09:28:51.2298050Z,EQ-3,89.16,49.70
2026-05-09T09:29:01.2298050Z,EQ-1,96.83,48.44
2026-05-09T09:29:11.2298050Z,EQ-4,98.98,48.28
2026-05-09T09:29:21.2298050Z,EQ-2,97.61,45.17
2026-05-09T09:29:31.2298050Z,EQ-3,88.67,46.58
2026-05-09T09:29:41.2298050Z,EQ-2,89.47,46.96
2026-05-09T09:29:51.2298050Z,EQ-3,96.12,42.47
2026-05-09T09:30:01.2298050Z,EQ-1,98.45,41.72
2026-05-09T09:30:11.2298050Z,EQ-2,94.27,40.27
2026-05-09T09:30:21.2298050Z,EQ-1,91.73,47.38
2026-05-09T09:30:31.2298050Z,EQ-3,88.08,41.65
2026-05-09T09:30:41.2298050Z,EQ-2,98.78,43.85
2026-05-09T09:30:51.2298050Z,EQ-2,98.23,41.69
2026-05-09T09:31:01.2298050Z,EQ-1,91.99,48.46
2026-05-09T09:31:11.2298050Z,EQ-3,92.58,49.99
2026-05-09T09:31:21.2298050Z,EQ-3,99.93,41.75
2026-05-09T09:31:31.2298050Z,EQ-2,91.91,40.78
2026-05-09T09:31:41.2298050Z,EQ-3,92.54,49.39
2026-05-09T09:31:51.2298050Z,EQ-4,95.82,47.01
2026-05-09T09:32:01.2298050Z,EQ-4,87.86,43.07
2026-05-09T09:32:11.2298050Z,EQ-4,88.51,41.45
2026-05-09T09:32:21.2298050Z,EQ-3,97.48,49.61
2026-05-09T09:32:31.2298050Z,EQ-2,91.05,40.99
2026-05-09T09:32:41.2298050Z,EQ-2,87.09,41.04
2026-05-09T09:32:51.2298050Z,EQ-4,86.61,43.35
2026-05-09T09:33:01.2298050Z,EQ-4,90.51,43.54
2026-05-09T09:33:11.2298050Z,EQ-2,94.86,49.43
2026-05-09T09:33:21.2298050Z,EQ-1,92.95,42.70
2026-05-09T09:33:31.2298050Z,EQ-3,97.88,41.51
2026-05-09T09:33:41.2298050Z,EQ-3,90.33,46.24
2026-05-09T09:33:51.2298050Z,EQ-1,97.53,47.17
2026-05-09T09:34:01.2298050Z,EQ-2,89.54,40.29
2026-05-09T09:34:11.2298050Z,EQ-4,85.78,40.65
2026-05-09T09:34:21.2298050Z,EQ-4,95.07,45.37
2026-05-09T09:34:31.2298050Z,EQ-2,85.80,45.14
2026-05-09T09:34:41.2298050Z,EQ-3,90.80,40.38
2026-05-09T09:34:51.2298050Z,EQ-1,89.50,42.28
2026-05-09T09:35:01.2298050Z,EQ-1,95.64,43.97
2026-05-09T09:35:11.2298050Z,EQ-4,88.60,47.12
2026-05-09T09:35:21.2298050Z,EQ-1,93.76,44.13
2026-05-09T09:35:31.2298050Z,EQ-1,88.93,46.43
2026-05-09T09:35:41.2298050Z,EQ-4,98.75,41.19
2026-05-09T09:35:51.2298050Z,EQ-1,97.40,48.49
2026-05-09T09:36:01.2298050Z,EQ-1,94.93,47.96
2026-05-09T09:36:11.2298050Z,EQ-2,93.84,40.61
2026-05-09T09:36:21.2298050Z,EQ-1,94.36,48.40
2026-05-09T09:36:31.2298050Z,EQ-4,91.43,42.85
2026-05-09T09:36:41.2298050Z,EQ-4,89.71,46.46
2026-05-09T09:36:51.2298050Z,EQ-4,98.83,49.42
2026-05-09T09:37:01.2298050Z,EQ-2,90.31,43.75
2026-05-09T09:37:11.2298050Z,EQ-3,85.68,40.12
2026-05-09T09:37:21.2298050Z,EQ-2,90.99,48.66
2026-05-09T09:37:31.2298050Z,EQ-4,90.02,41.14
2026-05-09T09:37:41.2298050Z,EQ-4,95.13,44.37
2026-05-09T09:37:51.2298050Z,EQ-1,96.45,49.04
2026-05-09T09:38:01.2298050Z,EQ-4,95.63,44.04
2026-05-09T09:38:11.2298050Z,EQ-4,86.52,44.71
2026-05-09T09:38:21.2298050Z,EQ-2,94.17,43.75
2026-05-09T09:38:31.2298050Z,EQ-3,85.56,40.71
2026-05-09T09:38:41.2298050Z,EQ-4,92.30,47.86
2026-05-09T09:38:51.2298050Z,EQ-3,94.71,44.32
2026-05-09T09:39:01.2298050Z,EQ-1,86.56,46.97
2026-05-09T09:39:11.2298050Z,EQ-2,94.94,43.78
2026-05-09T09:39:21.2298050Z,EQ-1,87.37,48.88
2026-05-09T09:39:31.2298050Z,EQ-1,96.20,45.50
2026-05-09T09:39:41.2298050Z,EQ-1,92.24,49.95
2026-05-09T09:39:51.2298050Z,EQ-3,85.50,49.07
2026-05-09T09:40:01.2298050Z,EQ-2,92.23,47.27
2026-05-09T09:40:11.2298050Z,EQ-4,89.46,48.55
2026-05-09T09:40:21.2298050Z,EQ-4,87.24,49.85
2026-05-09T09:40:31.2298050Z,EQ-1,85.78,49.81
2026-05-09T09:40:41.2298050Z,EQ-1,91.38,43.46
2026-05-09T09:40:51.2298050Z,EQ-4,92.92,40.28
2026-05-09T09:41:01.2298050Z,EQ-4,93.78,43.18
2026-05-09T09:41:11.2298050Z,EQ-2,92.67,42.02
2026-05-09T09:41:21.2298050Z,EQ-3,93.14,42.84
2026-05-09T09:41:31.2298050Z,EQ-4,99.01,49.06
2026-05-09T09:41:41.2298050Z,EQ-2,89.50,47.14
2026-05-09T09:41:51.2298050Z,EQ-4,91.27,44.27
2026-05-09T09:42:01.2298050Z,EQ-4,87.97,47.27
2026-05-09T09:42:11.2298050Z,EQ-2,91.26,48.37
2026-05-09T09:42:21.2298050Z,EQ-3,99.95,40.90
2026-05-09T09:42:31.2298050Z,EQ-4,95.91,46.99
2026-05-09T09:42:41.2298050Z,EQ-2,97.43,43.64
2026-05-09T09:42:51.2298050Z,EQ-3,91.83,48.57
2026-05-09T09:43:01.2298050Z,EQ-4,89.53,40.50
2026-05-09T09:43:11.2298050Z,EQ-3,93.51,43.53
2026-05-09T09:43:21.2298050Z,EQ-4,94.53,46.71
2026-05-09T09:43:31.2298050Z,EQ-4,91.01,42.21
2026-05-09T09:43:41.2298050Z,EQ-2,91.56,40.64
2026-05-09T09:43:51.2298050Z,EQ-4,86.06,47.97
2026-05-09T09:44:01.2298050Z,EQ-3,85.79,48.97
2026-05-09T09:44:11.2298050Z,EQ-2,86.67,40.38
2026-05-09T09:44:21.2298050Z,EQ-3,89.41,42.35
2026-05-09T09:44:31.2298050Z,EQ-2,96.22,40.44
2026-05-09T09:44:41.2298050Z,EQ-4,90.76,49.80
2026-05-09T09:44:51.2298050Z,EQ-3,91.16,42.64
2026-05-09T09:45:01.2298050Z,EQ-4,87.86,45.33
2026-05-09T09:45:11.2298050Z,EQ-2,88.84,40.40
2026-05-09T09:45:21.2298050Z,EQ-3,85.03,46.92
2026-05-09T09:45:31.2298050Z,EQ-4,99.74,42.31
2026-05-09T09:45:41.2298050Z,EQ-3,92.83,49.29
2026-05-09T09:45:51.2298050Z,EQ-1,98.12,41.96
2026-05-09T09:46:01.2298050Z,EQ-2,86.62,41.16
2026-05-09T09:46:11.2298050Z,EQ-3,98.18,45.63
2026-05-09T09:46:21.2298050Z,EQ-1,93.55,47.07
2026-05-09T09:46:31.2298050Z,EQ-1,90.04,49.45
2026-05-09T09:46:41.2298050Z,EQ-2,90.80,47.62
2026-05-09T09:46:51.2298050Z,EQ-4,94.65,49.44
2026-05-09T09:47:01.2298050Z,EQ-2,88.53,47.55
2026-05-09T09:47:11.2298050Z,EQ-2,90.51,42.79
2026-05-09T09:47:21.2298050Z,EQ-4,86.61,48.70
2026-05-09T09:47:31.2298050Z,EQ-1,92.98,45.94
2026-05-09T09:47:41.2298050Z,EQ-2,87.04,48.38
2026-05-09T09:47:51.2298050Z,EQ-3,92.20,44.31
2026-05-09T09:48:01.2298050Z,EQ-2,89.36,47.49
2026-05-09T09:48:11.2298050Z,EQ-1,98.87,42.27
2026-05-09T09:48:21.2298050Z,EQ-1,87.24,40.06
2026-05-09T09:48:31.2298050Z,EQ-1,89.76,49.91
2026-05-09T09:48:41.2298050Z,EQ-1,97.00,47.85
2026-05-09T09:48:51.2298050Z,EQ-2,93.79,40.33
2026-05-09T09:49:01.2298050Z,EQ-1,91.06,40.56
2026-05-09T09:49:11.2298050Z,EQ-2,96.28,44.17
2026-05-09T09:49:21.2298050Z,EQ-4,94.61,45.87
2026-05-09T09:49:31.2298050Z,EQ-2,86.52,43.57
2026-05-09T09:49:41.2298050Z,EQ-1,91.70,43.24
2026-05-09T09:49:51.2298050Z,EQ-3,99.14,49.02
2026-05-09T09:50:01.2298050Z,EQ-4,96.69,44.90
2026-05-09T09:50:11.2298050Z,EQ-4,94.28,45.89
2026-05-09T09:50:21.2298050Z,EQ-2,99.38,45.22
2026-05-09T09:50:31.2298050Z,EQ-4,88.43,41.75
2026-05-09T09:50:41.2298050Z,EQ-2,99.11,40.68
2026-05-09T09:50:51.2298050Z,EQ-4,96.31,48.60
2026-05-09T09:51:01.2298050Z,EQ-4,94.40,47.38
2026-05-09T09:51:11.2298050Z,EQ-3,91.17,48.04
2026-05-09T09:51:21.2298050Z,EQ-4,85.81,49.65
2026-05-09T09:51:31.2298050Z,EQ-1,92.54,43.83
2026-05-09T09:51:41.2298050Z,EQ-4,89.83,48.84
2026-05-09T09:51:51.2298050Z,EQ-2,90.24,48.87
2026-05-09T09:52:01.2298050Z,EQ-3,90.72,48.38
2026-05-09T09:52:11.2298050Z,EQ-4,87.13,40.35
2026-05-09T09:52:21.2298050Z,EQ-2,97.86,45.66
2026-05-09T09:52:31.2298050Z,EQ-1,90.81,42.42
2026-05-09T09:52:41.2298050Z,EQ-1,88.80,44.20
2026-05-09T09:52:51.2298050Z,EQ-3,85.31,43.58
2026-05-09T09:53:01.2298050Z,EQ-2,86.36,49.68
2026-05-09T09:53:11.2298050Z,EQ-4,97.67,48.28
2026-05-09T09:53:21.2298050Z,EQ-1,87.40,40.74
2026-05-09T09:53:31.2298050Z,EQ-4,97.73,42.22
2026-05-09T09:53:41.2298050Z,EQ-3,89.51,47.49
2026-05-09T09:53:51.2298050Z,EQ-1,89.59,49.25
2026-05-09T09:54:01.2298050Z,EQ-3,85.11,49.06
2026-05-09T09:54:11.2298050Z,EQ-3,96.91,42.78
2026-05-09T09:54:21.2298050Z,EQ-2,85.06,46.60
2026-05-09T09:54:31.2298050Z,EQ-3,86.01,44.27
2026-05-09T09:54:41.2298050Z,EQ-4,90.75,46.92
2026-05-09T09:54:51.2298050Z,EQ-1,90.15,45.66
2026-05-09T09:55:01.2298050Z,EQ-4,90.47,43.91
2026-05-09T09:55:11.2298050Z,EQ-2,87.46,41.45
2026-05-09T09:55:21.2298050Z,EQ-4,96.46,44.76
2026-05-09T09:55:31.2298050Z,EQ-2,89.10,45.37
2026-05-09T09:55:41.2298050Z,EQ-3,94.76,43.64
2026-05-09T09:55:51.2298050Z,EQ-3,96.70,41.22
2026-05-09T09:56:01.2298050Z,EQ-1,97.02,47.41
2026-05-09T09:56:11.2298050Z,EQ-3,90.67,43.51
2026-05-09T09:56:21.2298050Z,EQ-2,85.09,45.63
2026-05-09T09:56:31.2298050Z,EQ-2,94.13,40.37
2026-05-09T09:56:41.2298050Z,EQ-2,90.79,46.88
2026-05-09T09:56:51.2298050Z,EQ-2,94.44,47.56
2026-05-09T09:57:01.2298050Z,EQ-2,89.20,48.35
2026-05-09T09:57:11.2298050Z,EQ-2,85.45,40.64
2026-05-09T09:57:21.2298050Z,EQ-2,86.88,48.11
2026-05-09T09:57:31.2298050Z,EQ-2,99.40,46.66
2026-05-09T09:57:41.2298050Z,EQ-3,95.29,46.96
2026-05-09T09:57:51.2298050Z,EQ-4,96.03,46.54
2026-05-09T09:58:01.2298050Z,EQ-4,90.43,43.62
2026-05-09T09:58:11.2298050Z,EQ-4,86.64,40.12
2026-05-09T09:58:21.2298050Z,EQ-1,87.89,46.52
2026-05-09T09:58:31.2298050Z,EQ-3,97.49,46.45
2026-05-09T09:58:41.2298050Z,EQ-3,88.77,40.29
2026-05-09T09:58:51.2298050Z,EQ-3,97.52,41.72
2026-05-09T09:59:01.2298050Z,EQ-4,87.02,45.60
2026-05-09T09:59:11.2298050Z,EQ-1,97.47,45.09
2026-05-09T09:59:21.2298050Z,EQ-3,94.06,41.39
2026-05-09T09:59:31.2298050Z,EQ-1,91.68,41.13
2026-05-09T09:59:41.2298050Z,EQ-1,94.20,41.68
2026-05-09T09:59:51.2298050Z,EQ-4,88.15,40.98
2026-05-09T10:00:01.2298050Z,EQ-1,96.26,44.85
2026-05-09T10:00:11.2298050Z,EQ-3,93.54,44.56
2026-05-09T10:00:21.2298050Z,EQ-2,93.21,43.33
2026-05-09T10:00:31.2298050Z,EQ-2,99.52,44.76
2026-05-09T10:00:41.2298050Z,EQ-2,95.33,45.86
2026-05-09T10:00:51.2298050Z,EQ-4,90.51,49.23
2026-05-09T10:01:01.2298050Z,EQ-4,93.03,43.64
2026-05-09T10:01:11.2298050Z,EQ-4,97.43,48.49
2026-05-09T10:01:21.2298050Z,EQ-3,90.99,46.43
2026-05-09T10:01:31.2298050Z,EQ-1,99.57,41.35
2026-05-09T10:01:41.2298050Z,EQ-1,88.01,40.03
2026-05-09T10:01:51.2298050Z,EQ-3,97.72,49.73
2026-05-09T10:02:01.2298050Z,EQ-1,89.53,47.81
2026-05-09T10:02:11.2298050Z,EQ-2,94.12,42.26
2026-05-09T10:02:21.2298050Z,EQ-4,91.46,49.27
2026-05-09T10:02:31.2298050Z,EQ-3,85.87,45.87
2026-05-09T10:02:41.2298050Z,EQ-2,93.23,48.57
2026-05-09T10:02:51.2298050Z,EQ-4,98.78,49.85
2026-05-09T10:03:01.2298050Z,EQ-4,90.88,43.63
2026-05-09T10:03:11.2298050Z,EQ-1,96.27,42.19
2026-05-09T10:03:21.2298050Z,EQ-4,95.40,45.94
2026-05-09T10:03:31.2298050Z,EQ-1,94.01,43.73
2026-05-09T10:03:41.2298050Z,EQ-4,88.26,40.28
2026-05-09T10:03:51.2298050Z,EQ-2,85.02,49.33
2026-05-09T10:04:01.2298050Z,EQ-1,97.55,48.34
2026-05-09T10:04:11.2298050Z,EQ-3,86.80,42.00
2026-05-09T10:04:21.2298050Z,EQ-1,90.81,48.00
2026-05-09T10:04:31.2298050Z,EQ-4,93.31,49.84
2026-05-09T10:04:41.2298050Z,EQ-2,96.19,41.18
2026-05-09T10:04:51.2298050Z,EQ-4,99.40,43.32
2026-05-09T10:05:01.2298050Z,EQ-4,91.90,46.53
2026-05-09T10:05:11.2298050Z,EQ-2,93.76,46.62
2026-05-09T10:05:21.2298050Z,EQ-3,91.19,45.86
2026-05-09T10:05:31.2298050Z,EQ-1,86.37,42.71
2026-05-09T10:05:41.2298050Z,EQ-1,87.29,43.90
2026-05-09T10:05:51.2298050Z,EQ-4,95.56,44.34
2026-05-09T10:06:01.2298050Z,EQ-4,88.25,42.01
2026-05-09T10:06:11.2298050Z,EQ-1,89.17,48.15
2026-05-09T10:06:21.2298050Z,EQ-4,85.09,49.09
2026-05-09T10:06:31.2298050Z,EQ-1,93.16,49.93
2026-05-09T10:06:41.2298050Z,EQ-1,90.34,41.01
2026-05-09T10:06:51.2298050Z,EQ-3,91.40,48.00
2026-05-09T10:07:01.2298050Z,EQ-3,86.30,45.17
2026-05-09T10:07:11.2298050Z,EQ-3,85.12,48.32
2026-05-09T10:07:21.2298050Z,EQ-2,88.16,41.43
2026-05-09T10:07:31.2298050Z,EQ-1,88.40,46.64
2026-05-09T10:07:41.2298050Z,EQ-4,99.58,43.79
2026-05-09T10:07:51.2298050Z,EQ-2,96.28,46.36
2026-05-09T10:08:01.2298050Z,EQ-4,91.95,47.98
2026-05-09T10:08:11.2298050Z,EQ-2,86.53,43.30
2026-05-09T10:08:21.2298050Z,EQ-3,90.54,43.40
2026-05-09T10:08:31.2298050Z,EQ-1,96.64,41.73
2026-05-09T10:08:41.2298050Z,EQ-2,99.75,43.48
2026-05-09T10:08:51.2298050Z,EQ-1,97.72,46.52
2026-05-09T10:09:01.2298050Z,EQ-3,93.60,45.25
2026-05-09T10:09:11.2298050Z,EQ-3,96.15,48.74
2026-05-09T10:09:21.2298050Z,EQ-1,93.11,49.45
2026-05-09T10:09:31.2298050Z,EQ-1,89.80,40.90
2026-05-09T10:09:41.2298050Z,EQ-3,95.41,45.16
2026-05-09T10:09:51.2298050Z,EQ-3,89.72,42.97
2026-05-09T10:10:01.2298050Z,EQ-2,95.76,43.97
2026-05-09T10:10:11.2298050Z,EQ-3,96.54,40.82
2026-05-09T10:10:21.2298050Z,EQ-2,96.89,45.53
2026-05-09T10:10:31.2298050Z,EQ-2,98.57,40.27
2026-05-09T10:10:41.2298050Z,EQ-1,94.18,40.52
2026-05-09T10:10:51.2298050Z,EQ-3,90.03,48.85
2026-05-09T10:11:01.2298050Z,EQ-3,87.72,40.88
2026-05-09T10:11:11.2298050Z,EQ-4,99.53,47.88
2026-05-09T10:11:21.2298050Z,EQ-4,99.35,41.68
2026-05-09T10:11:31.2298050Z,EQ-1,97.33,44.16
2026-05-09T10:11:41.2298050Z,EQ-4,96.45,41.65
2026-05-09T10:11:51.2298050Z,EQ-1,88.55,40.30
2026-05-09T10:12:01.2298050Z,EQ-3,88.66,41.43
2026-05-09T10:12:11.2298050Z,EQ-2,97.01,49.40
2026-05-09T10:12:21.2298050Z,EQ-3,93.44,46.55
2026-05-09T10:12:31.2298050Z,EQ-2,96.74,45.35
2026-05-09T10:12:41.2298050Z,EQ-3,90.35,49.02
2026-05-09T10:12:51.2298050Z,EQ-1,98.98,41.97
2026-05-09T10:13:01.2298050Z,EQ-4,90.20,44.99
2026-05-09T10:13:11.2298050Z,EQ-4,89.98,43.41
2026-05-09T10:13:21.2298050Z,EQ-2,91.88,45.94
2026-05-09T10:13:31.2298050Z,EQ-2,89.76,41.59
2026-05-09T10:13:41.2298050Z,EQ-1,86.88,49.43
2026-05-09T10:13:51.2298050Z,EQ-2,85.58,42.26
2026-05-09T10:14:01.2298050Z,EQ-3,88.15,44.93
2026-05-09T10:14:11.2298050Z,EQ-1,99.00,44.99
2026-05-09T10:14:21.2298050Z,EQ-1,93.64,44.66
2026-05-09T10:14:31.2298050Z,EQ-4,95.17,42.79
2026-05-09T10:14:41.2298050Z,EQ-1,98.91,43.67
2026-05-09T10:14:51.2298050Z,EQ-4,90.81,44.24
2026-05-09T10:15:01.2298050Z,EQ-4,97.52,40.19
2026-05-09T10:15:11.2298050Z,EQ-4,93.20,45.25
2026-05-09T10:15:21.2298050Z,EQ-2,99.08,42.40
2026-05-09T10:15:31.2298050Z,EQ-4,93.96,43.81
2026-05-09T10:15:41.2298050Z,EQ-1,88.51,46.17
2026-05-09T10:15:51.2298050Z,EQ-3,91.45,44.01
2026-05-09T10:16:01.2298050Z,EQ-1,87.46,43.44
2026-05-09T10:16:11.2298050Z,EQ-4,87.17,48.99
2026-05-09T10:16:21.2298050Z,EQ-2,93.68,48.45
2026-05-09T10:16:31.2298050Z,EQ-3,93.82,40.44
2026-05-09T10:16:41.2298050Z,EQ-4,97.04,46.74
2026-05-09T10:16:51.2298050Z,EQ-4,94.03,43.95
2026-05-09T10:17:01.2298050Z,EQ-1,94.91,49.93
2026-05-09T10:17:11.2298050Z,EQ-4,90.07,46.44
2026-05-09T10:17:21.2298050Z,EQ-4,97.25,41.15
2026-05-09T10:17:31.2298050Z,EQ-3,95.43,45.04
2026-05-09T10:17:41.2298050Z,EQ-4,98.96,44.80
2026-05-09T10:17:51.2298050Z,EQ-2,90.52,40.63
2026-05-09T10:18:01.2298050Z,EQ-2,96.00,48.59
2026-05-09T10:18:11.2298050Z,EQ-1,85.02,45.77
2026-05-09T10:18:21.2298050Z,EQ-1,85.60,49.19
2026-05-09T10:18:31.2298050Z,EQ-4,94.77,45.07
2026-05-09T10:18:41.2298050Z,EQ-1,97.53,46.64
2026-05-09T10:18:51.2298050Z,EQ-1,87.01,42.64
2026-05-09T10:19:01.2298050Z,EQ-3,92.43,49.76
2026-05-09T10:19:11.2298050Z,EQ-3,96.39,41.40
2026-05-09T10:19:21.2298050Z,EQ-2,97.98,42.68
2026-05-09T10:19:31.2298050Z,EQ-3,93.39,43.53
2026-05-09T10:19:41.2298050Z,EQ-3,89.36,42.65
2026-05-09T10:19:51.2298050Z,EQ-1,85.89,47.98
2026-05-09T10:20:01.2298050Z,EQ-1,90.16,43.07
2026-05-09T10:20:11.2298050Z,EQ-1,88.58,40.04
2026-05-09T10:20:21.2298050Z,EQ-3,92.11,48.18
2026-05-09T10:20:31.2298050Z,EQ-4,92.74,44.37
2026-05-09T10:20:41.2298050Z,EQ-3,98.84,48.87
2026-05-09T10:20:51.2298050Z,EQ-1,95.96,43.90
2026-05-09T10:21:01.2298050Z,EQ-4,88.10,41.72
2026-05-09T10:21:11.2298050Z,EQ-4,90.13,40.11
2026-05-09T10:21:21.2298050Z,EQ-3,89.51,40.73
2026-05-09T10:21:31.2298050Z,EQ-2,86.73,45.76
2026-05-09T10:21:41.2298050Z,EQ-1,88.65,45.62
2026-05-09T10:21:51.2298050Z,EQ-4,85.27,40.84
2026-05-09T10:22:01.2298050Z,EQ-2,96.61,45.22
2026-05-09T10:22:11.2298050Z,EQ-3,87.78,46.93
2026-05-09T10:22:21.2298050Z,EQ-2,96.70,44.64
2026-05-09T10:22:31.2298050Z,EQ-1,98.17,44.30
2026-05-09T10:22:41.2298050Z,EQ-2,92.24,45.01
2026-05-09T10:22:51.2298050Z,EQ-3,97.73,45.42
2026-05-09T10:23:01.2298050Z,EQ-3,89.62,45.68
2026-05-09T10:23:11.2298050Z,EQ-3,91.28,42.69
2026-05-09T10:23:21.2298050Z,EQ-4,85.47,45.59
2026-05-09T10:23:31.2298050Z,EQ-3,98.67,47.65
2026-05-09T10:23:41.2298050Z,EQ-2,95.31,43.86
2026-05-09T10:23:51.2298050Z,EQ-1,94.27,46.32
2026-05-09T10:24:01.2298050Z,EQ-1,92.08,42.14
2026-05-09T10:24:11.2298050Z,EQ-4,99.67,43.77
2026-05-09T10:24:21.2298050Z,EQ-1,91.49,46.50
2026-05-09T10:24:31.2298050Z,EQ-1,97.26,46.78
2026-05-09T10:24:41.2298050Z,EQ-2,85.37,46.79
2026-05-09T10:24:51.2298050Z,EQ-3,87.74,43.27
2026-05-09T10:25:01.2298050Z,EQ-2,87.89,45.37
2026-05-09T10:25:11.2298050Z,EQ-1,99.92,45.15
2026-05-09T10:25:21.2298050Z,EQ-4,86.38,44.89
2026-05-09T10:25:31.2298050Z,EQ-4,99.94,40.89
2026-05-09T10:25:41.2298050Z,EQ-3,94.42,42.64
2026-05-09T10:25:51.2298050Z,EQ-4,93.68,44.43
2026-05-09T10:26:01.2298050Z,EQ-1,88.33,42.05
2026-05-09T10:26:11.2298050Z,EQ-4,95.59,45.82
2026-05-09T10:26:21.2298050Z,EQ-4,97.88,44.41
2026-05-09T10:26:31.2298050Z,EQ-1,88.26,44.04
2026-05-09T10:26:41.2298050Z,EQ-1,86.17,48.03
2026-05-09T10:26:51.2298050Z,EQ-1,91.47,47.33
2026-05-09T10:27:01.2298050Z,EQ-4,98.10,44.25
2026-05-09T10:27:11.2298050Z,EQ-4,94.48,49.88
2026-05-09T10:27:21.2298050Z,EQ-1,94.48,47.57
2026-05-09T10:27:31.2298050Z,EQ-2,88.89,49.78
2026-05-09T10:27:41.2298050Z,EQ-3,92.41,45.23
2026-05-09T10:27:51.2298050Z,EQ-4,96.25,49.02
2026-05-09T10:28:01.2298050Z,EQ-1,95.63,44.40
2026-05-09T10:28:11.2298050Z,EQ-1,85.74,44.44
2026-05-09T10:28:21.2298050Z,EQ-1,85.79,41.65
2026-05-09T10:28:31.2298050Z,EQ-3,94.40,47.22
2026-05-09T10:28:41.2298050Z,EQ-3,88.53,42.60
2026-05-09T10:28:51.2298050Z,EQ-1,99.56,47.51
2026-05-09T10:29:01.2298050Z,EQ-4,94.42,41.02
2026-05-09T10:29:11.2298050Z,EQ-1,91.70,47.63
2026-05-09T10:29:21.2298050Z,EQ-3,97.24,44.81
2026-05-09T10:29:31.2298050Z,EQ-2,87.19,41.66
2026-05-09T10:29:41.2298050Z,EQ-4,86.81,43.00
2026-05-09T10:29:51.2298050Z,EQ-3,85.72,40.05
2026-05-09T10:30:01.2298050Z,EQ-3,85.92,43.96
2026-05-09T10:30:11.2298050Z,EQ-2,90.64,43.20
2026-05-09T10:30:21.2298050Z,EQ-1,94.88,46.47
2026-05-09T10:30:31.2298050Z,EQ-2,87.97,47.52
2026-05-09T10:30:41.2298050Z,EQ-2,92.37,46.63
2026-05-09T10:30:51.2298050Z,EQ-3,89.54,46.27
2026-05-09T10:31:01.2298050Z,EQ-1,90.70,43.33
2026-05-09T10:31:11.2298050Z,EQ-4,87.74,44.74
2026-05-09T10:31:21.2298050Z,EQ-4,92.69,41.35
2026-05-09T10:31:31.2298050Z,EQ-2,85.80,45.21
2026-05-09T10:31:41.2298050Z,EQ-1,89.97,49.78
2026-05-09T10:31:51.2298050Z,EQ-2,94.89,42.04
2026-05-09T10:32:01.2298050Z,EQ-4,97.23,47.93
2026-05-09T10:32:11.2298050Z,EQ-4,95.63,41.73
2026-05-09T10:32:21.2298050Z,EQ-4,90.50,44.49
2026-05-09T10:32:31.2298050Z,EQ-1,90.75,48.52
2026-05-09T10:32:41.2298050Z,EQ-4,97.49,45.47
2026-05-09T10:32:51.2298050Z,EQ-4,90.42,47.96
2026-05-09T10:33:01.2298050Z,EQ-4,91.07,49.99
2026-05-09T10:33:11.2298050Z,EQ-3,98.79,41.73
2026-05-09T10:33:21.2298050Z,EQ-1,87.95,49.46
2026-05-09T10:33:31.2298050Z,EQ-3,97.43,49.95
2026-05-09T10:33:41.2298050Z,EQ-4,87.47,46.22
2026-05-09T10:33:51.2298050Z,EQ-1,87.55,48.74
2026-05-09T10:34:01.2298050Z,EQ-1,93.19,44.67
2026-05-09T10:34:11.2298050Z,EQ-1,94.18,48.81
2026-05-09T10:34:21.2298050Z,EQ-1,90.54,49.08
2026-05-09T10:34:31.2298050Z,EQ-3,93.14,48.43
2026-05-09T10:34:41.2298050Z,EQ-2,93.79,44.72
2026-05-09T10:34:51.2298050Z,EQ-2,89.35,42.90
2026-05-09T10:35:01.2298050Z,EQ-4,96.80,47.97
2026-05-09T10:35:11.2298050Z,EQ-1,90.48,47.44
2026-05-09T10:35:21.2298050Z,EQ-4,90.58,45.87
2026-05-09T10:35:31.2298050Z,EQ-2,86.82,42.63
2026-05-09T10:35:41.2298050Z,EQ-3,97.94,43.75
2026-05-09T10:35:51.2298050Z,EQ-3,99.71,42.33
2026-05-09T10:36:01.2298050Z,EQ-3,90.35,45.13
2026-05-09T10:36:11.2298050Z,EQ-1,87.84,49.04
2026-05-09T10:36:21.2298050Z,EQ-1,91.53,41.95
2026-05-09T10:36:31.2298050Z,EQ-1,90.52,40.52
2026-05-09T10:36:41.2298050Z,EQ-1,97.16,46.49
2026-05-09T10:36:51.2298050Z,EQ-4,93.84,46.33
2026-05-09T10:37:01.2298050Z,EQ-1,99.79,42.31
2026-05-09T10:37:11.2298050Z,EQ-3,94.78,49.52
2026-05-09T10:37:21.2298050Z,EQ-2,86.56,49.99
2026-05-09T10:37:31.2298050Z,EQ-1,93.98,44.39
2026-05-09T10:37:41.2298050Z,EQ-2,93.44,46.61
2026-05-09T10:37:51.2298050Z,EQ-3,95.22,49.78
2026-05-09T10:38:01.2298050Z,EQ-3,93.44,44.81
2026-05-09T10:38:11.2298050Z,EQ-3,99.31,48.57
2026-05-09T10:38:21.2298050Z,EQ-1,89.75,45.86
2026-05-09T10:38:31.2298050Z,EQ-1,89.76,43.55
2026-05-09T10:38:41.2298050Z,EQ-1,99.95,48.26
2026-05-09T10:38:51.2298050Z,EQ-3,90.59,44.49
2026-05-09T10:39:01.2298050Z,EQ-1,98.97,40.03
2026-05-09T10:39:11.2298050Z,EQ-3,85.74,47.61
2026-05-09T10:39:21.2298050Z,EQ-2,85.10,41.29
2026-05-09T10:39:31.2298050Z,EQ-4,90.13,47.25
2026-05-09T10:39:41.2298050Z,EQ-4,88.78,44.41
2026-05-09T10:39:51.2298050Z,EQ-1,85.34,42.19
2026-05-09T10:40:01.2298050Z,EQ-4,85.43,44.12
2026-05-09T10:40:11.2298050Z,EQ-2,90.36,46.35
2026-05-09T10:40:21.2298050Z,EQ-4,98.38,48.52
2026-05-09T10:40:31.2298050Z,EQ-2,88.29,41.75
2026-05-09T10:40:41.2298050Z,EQ-2,94.11,45.54
2026-05-09T10:40:51.2298050Z,EQ-1,93.62,46.05
2026-05-09T10:41:01.2298050Z,EQ-1,94.86,46.23
2026-05-09T10:41:11.2298050Z,EQ-3,87.35,41.90
2026-05-09T10:41:21.2298050Z,EQ-3,90.38,46.81
2026-05-09T10:41:31.2298050Z,EQ-2,85.81,48.44
2026-05-09T10:41:41.2298050Z,EQ-2,90.00,46.20
2026-05-09T10:41:51.2298050Z,EQ-3,85.99,41.58
2026-05-09T10:42:01.2298050Z,EQ-3,90.16,46.48
2026-05-09T10:42:11.2298050Z,EQ-1,87.13,40.23
2026-05-09T10:42:21.2298050Z,EQ-4,92.44,42.87
2026-05-09T10:42:31.2298050Z,EQ-1,98.84,47.78
2026-05-09T10:42:41.2298050Z,EQ-1,98.71,49.27
2026-05-09T10:42:51.2298050Z,EQ-2,97.10,44.90
2026-05-09T10:43:01.2298050Z,EQ-4,94.48,44.86
2026-05-09T10:43:11.2298050Z,EQ-1,85.88,44.84
2026-05-09T10:43:21.2298050Z,EQ-4,85.64,47.90
2026-05-09T10:43:31.2298050Z,EQ-2,99.91,41.49
2026-05-09T10:43:41.2298050Z,EQ-4,89.19,46.98
2026-05-09T10:43:51.2298050Z,EQ-2,94.46,42.33
2026-05-09T10:44:01.2298050Z,EQ-2,88.51,41.77
2026-05-09T10:44:11.2298050Z,EQ-1,96.77,49.19
2026-05-09T10:44:21.2298050Z,EQ-3,94.16,42.30
2026-05-09T10:44:31.2298050Z,EQ-2,86.30,47.11
2026-05-09T10:44:41.2298050Z,EQ-2,92.34,44.41
2026-05-09T10:44:51.2298050Z,EQ-4,87.60,47.63
2026-05-09T10:45:01.2298050Z,EQ-3,93.26,44.52
2026-05-09T10:45:11.2298050Z,EQ-3,98.24,45.26
2026-05-09T10:45:21.2298050Z,EQ-3,85.14,42.49
2026-05-09T10:45:31.2298050Z,EQ-4,98.14,49.55
2026-05-09T10:45:41.2298050Z,EQ-2,97.64,43.63
2026-05-09T10:45:51.2298050Z,EQ-1,98.07,49.48
2026-05-09T10:46:01.2298050Z,EQ-1,93.37,44.58
2026-05-09T10:46:11.2298050Z,EQ-4,88.08,47.12
2026-05-09T10:46:21.2298050Z,EQ-3,95.70,49.95
2026-05-09T10:46:31.2298050Z,EQ-2,97.16,44.30
2026-05-09T10:46:41.2298050Z,EQ-1,98.95,49.13
2026-05-09T10:46:51.2298050Z,EQ-1,89.88,45.27
2026-05-09T10:47:01.2298050Z,EQ-2,97.63,42.15
2026-05-09T10:47:11.2298050Z,EQ-4,96.40,49.60
2026-05-09T10:47:21.2298050Z,EQ-2,87.28,46.04
2026-05-09T10:47:31.2298050Z,EQ-2,98.80,42.28
2026-05-09T10:47:41.2298050Z,EQ-2,91.82,42.86
2026-05-09T10:47:51.2298050Z,EQ-4,90.48,48.55
2026-05-09T10:48:01.2298050Z,EQ-1,92.27,44.21
2026-05-09T10:48:11.2298050Z,EQ-3,94.18,42.82
2026-05-09T10:48:21.2298050Z,EQ-1,97.04,43.45
2026-05-09T10:48:31.2298050Z,EQ-1,96.15,42.16
2026-05-09T10:48:41.2298050Z,EQ-1,90.03,47.43
2026-05-09T10:48:51.2298050Z,EQ-3,85.27,45.99
2026-05-09T10:49:01.2298050Z,EQ-2,86.00,47.43
2026-05-09T10:49:11.2298050Z,EQ-2,93.84,40.77
2026-05-09T10:49:21.2298050Z,EQ-4,92.82,45.01
2026-05-09T10:49:31.2298050Z,EQ-4,96.07,47.20
2026-05-09T10:49:41.2298050Z,EQ-1,85.58,43.04
2026-05-09T10:49:51.2298050Z,EQ-2,96.80,43.90
2026-05-09T10:50:01.2298050Z,EQ-4,90.34,43.92
2026-05-09T10:50:11.2298050Z,EQ-2,85.77,45.01
2026-05-09T10:50:21.2298050Z,EQ-4,85.82,43.54
2026-05-09T10:50:31.2298050Z,EQ-3,85.60,42.36
2026-05-09T10:50:41.2298050Z,EQ-3,85.84,45.56
2026-05-09T10:50:51.2298050Z,EQ-4,96.87,42.96
2026-05-09T10:51:01.2298050Z,EQ-2,95.99,44.89
2026-05-09T10:51:11.2298050Z,EQ-4,96.96,44.98
2026-05-09T10:51:21.2298050Z,EQ-1,92.65,45.07
2026-05-09T10:51:31.2298050Z,EQ-4,85.57,43.33
2026-05-09T10:51:41.2298050Z,EQ-3,93.46,47.04
2026-05-09T10:51:51.2298050Z,EQ-1,90.97,46.02
2026-05-09T10:52:01.2298050Z,EQ-3,96.57,44.89
2026-05-09T10:52:11.2298050Z,EQ-3,91.24,49.38
2026-05-09T10:52:21.2298050Z,EQ-1,88.83,48.78
2026-05-09T10:52:31.2298050Z,EQ-3,85.62,49.25
2026-05-09T10:52:41.2298050Z,EQ-1,96.35,46.79
2026-05-09T10:52:51.2298050Z,EQ-2,99.52,47.25
2026-05-09T10:53:01.2298050Z,EQ-1,99.97,41.37
2026-05-09T10:53:11.2298050Z,EQ-3,95.28,41.30
2026-05-09T10:53:21.2298050Z,EQ-2,98.98,49.41
2026-05-09T10:53:31.2298050Z,EQ-3,89.71,43.43
2026-05-09T10:53:41.2298050Z,EQ-2,96.55,48.52
2026-05-09T10:53:51.2298050Z,EQ-4,90.80,47.01
2026-05-09T10:54:01.2298050Z,EQ-1,88.85,47.36
2026-05-09T10:54:11.2298050Z,EQ-2,93.53,46.71
2026-05-09T10:54:21.2298050Z,EQ-2,91.56,45.51
2026-05-09T10:54:31.2298050Z,EQ-2,96.03,47.45
2026-05-09T10:54:41.2298050Z,EQ-1,86.66,45.38
2026-05-09T10:54:51.2298050Z,EQ-3,93.75,40.16
2026-05-09T10:55:01.2298050Z,EQ-1,93.45,45.50
2026-05-09T10:55:11.2298050Z,EQ-3,86.60,40.37
2026-05-09T10:55:21.2298050Z,EQ-3,93.42,40.39
2026-05-09T10:55:31.2298050Z,EQ-3,88.81,49.17
2026-05-09T10:55:41.2298050Z,EQ-3,99.91,47.51
2026-05-09T10:55:51.2298050Z,EQ-4,91.95,49.12
2026-05-09T10:56:01.2298050Z,EQ-3,88.29,46.14
2026-05-09T10:56:11.2298050Z,EQ-1,99.52,44.29
2026-05-09T10:56:21.2298050Z,EQ-1,94.91,46.32
2026-05-09T10:56:31.2298050Z,EQ-2,89.48,49.22
2026-05-09T10:56:41.2298050Z,EQ-1,98.75,49.15
2026-05-09T10:56:51.2298050Z,EQ-3,97.13,41.12
2026-05-09T10:57:01.2298050Z,EQ-1,86.35,45.37
2026-05-09T10:57:11.2298050Z,EQ-4,87.96,48.52
2026-05-09T10:57:21.2298050Z,EQ-4,85.78,40.12
2026-05-09T10:57:31.2298050Z,EQ-4,88.29,49.31
2026-05-09T10:57:41.2298050Z,EQ-1,98.11,43.98
2026-05-09T10:57:51.2298050Z,EQ-3,87.23,42.69
2026-05-09T10:58:01.2298050Z,EQ-3,90.97,49.57
2026-05-09T10:58:11.2298050Z,EQ-1,92.69,44.80
2026-05-09T10:58:21.2298050Z,EQ-4,93.32,47.02
2026-05-09T10:58:31.2298050Z,EQ-1,88.78,49.76
2026-05-09T10:58:41.2298050Z,EQ-1,95.64,42.85
2026-05-09T10:58:51.2298050Z,EQ-1,94.03,41.85
2026-05-09T10:59:01.2298050Z,EQ-2,96.43,48.85
2026-05-09T10:59:11.2298050Z,EQ-4,91.96,41.94
2026-05-09T10:59:21.2298050Z,EQ-4,87.43,44.23
2026-05-09T10:59:31.2298050Z,EQ-2,86.51,40.46
2026-05-09T10:59:41.2298050Z,EQ-3,87.77,44.04
2026-05-09T10:59:51.2298050Z,EQ-3,89.56,43.33
2026-05-09T11:00:01.2298050Z,EQ-3,97.42,40.87
2026-05-09T11:00:11.2298050Z,EQ-1,88.20,46.05
2026-05-09T11:00:21.2298050Z,EQ-1,95.05,45.53
2026-05-09T11:00:31.2298050Z,EQ-4,96.37,42.53
2026-05-09T11:00:41.2298050Z,EQ-1,92.75,44.27
2026-05-09T11:00:51.2298050Z,EQ-2,92.27,43.85
2026-05-09T11:01:01.2298050Z,EQ-1,86.94,44.09
2026-05-09T11:01:11.2298050Z,EQ-3,93.36,43.63
2026-05-09T11:01:21.2298050Z,EQ-3,99.97,47.29
2026-05-09T11:01:31.2298050Z,EQ-3,87.99,43.05
2026-05-09T11:01:41.2298050Z,EQ-3,85.64,44.61
2026-05-09T11:01:51.2298050Z,EQ-1,88.58,48.95
2026-05-09T11:02:01.2298050Z,EQ-4,95.54,44.46
2026-05-09T11:02:11.2298050Z,EQ-4,85.01,42.81
2026-05-09T11:02:21.2298050Z,EQ-4,89.01,43.98
2026-05-09T11:02:31.2298050Z,EQ-3,95.08,49.06
2026-05-09T11:02:41.2298050Z,EQ-3,94.28,48.56
2026-05-09T11:02:51.2298050Z,EQ-4,95.32,43.98
2026-05-09T11:03:01.2298050Z,EQ-4,99.82,44.39
2026-05-09T11:03:11.2298050Z,EQ-1,91.08,46.90
2026-05-09T11:03:21.2298050Z,EQ-1,96.60,43.67
2026-05-09T11:03:31.2298050Z,EQ-2,87.01,48.18
2026-05-09T11:03:41.2298050Z,EQ-3,85.66,41.49
2026-05-09T11:03:51.2298050Z,EQ-2,91.91,41.64
2026-05-09T11:04:01.2298050Z,EQ-4,96.88,47.39
2026-05-09T11:04:11.2298050Z,EQ-2,92.33,49.72
2026-05-09T11:04:21.2298050Z,EQ-1,95.64,49.48
2026-05-09T11:04:31.2298050Z,EQ-4,96.27,43.18
2026-05-09T11:04:41.2298050Z,EQ-2,90.55,47.38
2026-05-09T11:04:51.2298050Z,EQ-1,97.32,49.77
2026-05-09T11:05:01.2298050Z,EQ-3,91.93,41.24
2026-05-09T11:05:11.2298050Z,EQ-2,98.95,49.15
2026-05-09T11:05:21.2298050Z,EQ-4,99.52,42.80
2026-05-09T11:05:31.2298050Z,EQ-4,88.16,46.06
2026-05-09T11:05:41.2298050Z,EQ-1,96.94,45.29
2026-05-09T11:05:51.2298050Z,EQ-1,86.09,49.52
2026-05-09T11:06:01.2298050Z,EQ-1,85.87,49.67
2026-05-09T11:06:11.2298050Z,EQ-1,90.98,41.84
2026-05-09T11:06:21.2298050Z,EQ-2,93.00,43.95
2026-05-09T11:06:31.2298050Z,EQ-4,88.45,40.44
2026-05-09T11:06:41.2298050Z,EQ-2,90.79,44.48
2026-05-09T11:06:51.2298050Z,EQ-2,89.13,42.65
2026-05-09T11:07:01.2298050Z,EQ-4,95.70,40.46
2026-05-09T11:07:11.2298050Z,EQ-1,96.89,47.35
2026-05-09T11:07:21.2298050Z,EQ-4,97.36,49.26
2026-05-09T11:07:31.2298050Z,EQ-2,86.38,40.07
2026-05-09T11:07:41.2298050Z,EQ-3,86.79,47.15
2026-05-09T11:07:51.2298050Z,EQ-3,91.45,40.59
2026-05-09T11:08:01.2298050Z,EQ-4,85.57,47.23
2026-05-09T11:08:11.2298050Z,EQ-3,87.42,48.95
2026-05-09T11:08:21.2298050Z,EQ-1,97.71,41.62
2026-05-09T11:08:31.2298050Z,EQ-1,97.02,42.95
2026-05-09T11:08:41.2298050Z,EQ-3,85.79,40.60
2026-05-09T11:08:51.2298050Z,EQ-1,88.54,46.98
2026-05-09T11:09:01.2298050Z,EQ-2,98.34,45.08
2026-05-09T11:09:11.2298050Z,EQ-1,86.18,41.98
2026-05-09T11:09:21.2298050Z,EQ-2,96.33,43.40
2026-05-09T11:09:31.2298050Z,EQ-1,89.01,44.87
2026-05-09T11:09:41.2298050Z,EQ-3,91.98,47.00
2026-05-09T11:09:51.2298050Z,EQ-1,89.45,41.05
2026-05-09T11:10:01.2298050Z,EQ-3,97.36,41.31
2026-05-09T11:10:11.2298050Z,EQ-1,94.89,45.65
2026-05-09T11:10:21.2298050Z,EQ-2,99.19,46.22
2026-05-09T11:10:31.2298050Z,EQ-3,88.10,43.28
2026-05-09T11:10:41.2298050Z,EQ-4,90.96,40.21
2026-05-09T11:10:51.2298050Z,EQ-2,97.57,44.22
2026-05-09T11:11:01.2298050Z,EQ-4,99.39,41.59
2026-05-09T11:11:11.2298050Z,EQ-2,88.57,48.62
2026-05-09T11:11:21.2298050Z,EQ-3,94.68,47.47
2026-05-09T11:11:31.2298050Z,EQ-2,92.92,44.21
2026-05-09T11:11:41.2298050Z,EQ-3,87.55,43.39
2026-05-09T11:11:51.2298050Z,EQ-3,89.50,40.51
2026-05-09T11:12:01.2298050Z,EQ-2,99.80,44.15
2026-05-09T11:12:11.2298050Z,EQ-2,98.27,46.82
2026-05-09T11:12:21.2298050Z,EQ-4,93.30,49.29
2026-05-09T11:12:31.2298050Z,EQ-1,87.08,40.64
2026-05-09T11:12:41.2298050Z,EQ-2,93.06,48.31
2026-05-09T11:12:51.2298050Z,EQ-1,94.83,40.28
2026-05-09T11:13:01.2298050Z,EQ-4,98.43,40.23
2026-05-09T11:13:11.2298050Z,EQ-4,86.56,48.17
2026-05-09T11:13:21.2298050Z,EQ-1,94.22,48.34
2026-05-09T11:13:31.2298050Z,EQ-3,96.43,45.79
2026-05-09T11:13:41.2298050Z,EQ-3,93.94,42.46
2026-05-09T11:13:51.2298050Z,EQ-4,90.49,44.91
2026-05-09T11:14:01.2298050Z,EQ-2,85.08,46.71
2026-05-09T11:14:11.2298050Z,EQ-2,98.51,40.71
2026-05-09T11:14:21.2298050Z,EQ-2,87.43,48.18
2026-05-09T11:14:31.2298050Z,EQ-1,87.75,47.68
2026-05-09T11:14:41.2298050Z,EQ-3,97.53,44.77
2026-05-09T11:14:51.2298050Z,EQ-1,89.80,44.07
2026-05-09T11:15:01.2298050Z,EQ-4,95.50,42.66
2026-05-09T11:15:11.2298050Z,EQ-3,96.77,46.45
2026-05-09T11:15:21.2298050Z,EQ-4,88.29,42.34
2026-05-09T11:15:31.2298050Z,EQ-4,95.63,43.23
2026-05-09T11:15:41.2298050Z,EQ-3,97.40,48.30
2026-05-09T11:15:51.2298050Z,EQ-4,93.03,48.15
2026-05-09T11:16:01.2298050Z,EQ-1,92.37,49.26
2026-05-09T11:16:11.2298050Z,EQ-1,95.68,48.87
2026-05-09T11:16:21.2298050Z,EQ-4,97.96,45.92
2026-05-09T11:16:31.2298050Z,EQ-2,90.07,41.87
2026-05-09T11:16:41.2298050Z,EQ-1,97.23,45.28
2026-05-09T11:16:51.2298050Z,EQ-3,90.17,46.41
2026-05-09T11:17:01.2298050Z,EQ-2,89.18,47.95
2026-05-09T11:17:11.2298050Z,EQ-4,92.35,46.89
2026-05-09T11:17:21.2298050Z,EQ-1,97.92,43.08
2026-05-09T11:17:31.2298050Z,EQ-1,93.36,40.26
2026-05-09T11:17:41.2298050Z,EQ-3,88.71,46.95
2026-05-09T11:17:51.2298050Z,EQ-4,90.74,43.82
2026-05-09T11:18:01.2298050Z,EQ-2,92.99,41.61
2026-05-09T11:18:11.2298050Z,EQ-2,96.72,47.76
2026-05-09T11:18:21.2298050Z,EQ-3,95.64,48.31
2026-05-09T11:18:31.2298050Z,EQ-4,96.57,41.11
2026-05-09T11:18:41.2298050Z,EQ-4,88.71,40.32
2026-05-09T11:18:51.2298050Z,EQ-4,91.01,42.29
2026-05-09T11:19:01.2298050Z,EQ-2,87.52,44.79
2026-05-09T11:19:11.2298050Z,EQ-2,92.35,42.68
2026-05-09T11:19:21.2298050Z,EQ-4,97.74,47.96
2026-05-09T11:19:31.2298050Z,EQ-3,99.71,44.29
2026-05-09T11:19:41.2298050Z,EQ-1,86.13,47.39
2026-05-09T11:19:51.2298050Z,EQ-3,89.78,44.24
2026-05-09T11:20:01.2298050Z,EQ-4,88.65,41.40
2026-05-09T11:20:11.2298050Z,EQ-2,94.65,49.02
2026-05-09T11:20:21.2298050Z,EQ-4,93.24,49.07
2026-05-09T11:20:31.2298050Z,EQ-1,89.34,41.20
2026-05-09T11:20:41.2298050Z,EQ-2,98.68,45.56
2026-05-09T11:20:51.2298050Z,EQ-1,92.94,45.77
2026-05-09T11:21:01.2298050Z,EQ-2,94.71,44.06
2026-05-09T11:21:11.2298050Z,EQ-1,99.59,48.99
2026-05-09T11:21:21.2298050Z,EQ-2,96.37,43.89
2026-05-09T11:21:31.2298050Z,EQ-2,94.19,42.94
2026-05-09T11:21:41.2298050Z,EQ-4,91.86,48.09
2026-05-09T11:21:51.2298050Z,EQ-4,92.88,48.10
2026-05-09T11:22:01.2298050Z,EQ-4,97.29,49.08
2026-05-09T11:22:11.2298050Z,EQ-1,89.90,40.18
2026-05-09T11:22:21.2298050Z,EQ-1,88.22,46.07
2026-05-09T11:22:31.2298050Z,EQ-4,88.78,45.15
2026-05-09T11:22:41.2298050Z,EQ-3,96.66,49.34
2026-05-09T11:22:51.2298050Z,EQ-3,88.78,40.97
2026-05-09T11:23:01.2298050Z,EQ-1,97.90,41.23
2026-05-09T11:23:11.2298050Z,EQ-1,97.83,44.22
2026-05-09T11:23:21.2298050Z,EQ-4,92.36,42.04
2026-05-09T11:23:31.2298050Z,EQ-4,85.68,43.02
2026-05-09T11:23:41.2298050Z,EQ-2,88.36,43.88
2026-05-09T11:23:51.2298050Z,EQ-2,98.93,45.26
2026-05-09T11:24:01.2298050Z,EQ-2,94.10,45.32
2026-05-09T11:24:11.2298050Z,EQ-1,98.06,44.91
2026-05-09T11:24:21.2298050Z,EQ-4,96.62,47.74
2026-05-09T11:24:31.2298050Z,EQ-1,91.18,43.15
2026-05-09T11:24:41.2298050Z,EQ-1,94.33,47.37
2026-05-09T11:24:51.2298050Z,EQ-1,95.08,43.33
2026-05-09T11:25:01.2298050Z,EQ-4,89.80,40.17
2026-05-09T11:25:11.2298050Z,EQ-3,96.88,40.27
2026-05-09T11:25:21.2298050Z,EQ-3,99.64,47.28
2026-05-09T11:25:31.2298050Z,EQ-2,86.24,40.49
2026-05-09T11:25:41.2298050Z,EQ-1,91.52,44.83
2026-05-09T11:25:51.2298050Z,EQ-3,86.94,48.37
2026-05-09T11:26:01.2298050Z,EQ-4,90.44,49.94
2026-05-09T11:26:11.2298050Z,EQ-4,94.69,48.77
2026-05-09T11:26:21.2298050Z,EQ-3,89.85,44.18
2026-05-09T11:26:31.2298050Z,EQ-2,98.80,46.67
2026-05-09T11:26:41.2298050Z,EQ-2,90.78,40.49
2026-05-09T11:26:51.2298050Z,EQ-2,85.80,47.20
2026-05-09T11:27:01.2298050Z,EQ-2,85.97,41.06
2026-05-09T11:27:11.2298050Z,EQ-2,97.75,44.48
2026-05-09T11:27:21.2298050Z,EQ-4,91.57,42.28
2026-05-09T11:27:31.2298050Z,EQ-3,87.52,41.53
2026-05-09T11:27:41.2298050Z,EQ-4,88.27,49.83
2026-05-09T11:27:51.2298050Z,EQ-2,95.90,47.30
2026-05-09T11:28:01.2298050Z,EQ-2,94.82,49.56
2026-05-09T11:28:11.2298050Z,EQ-2,86.24,42.99
2026-05-09T11:28:21.2298050Z,EQ-1,92.38,40.68
2026-05-09T11:28:31.2298050Z,EQ-2,90.43,43.27
2026-05-09T11:28:41.2298050Z,EQ-2,93.42,47.92
2026-05-09T11:28:51.2298050Z,EQ-4,97.40,43.40
2026-05-09T11:29:01.2298050Z,EQ-2,86.25,45.12
2026-05-09T11:29:11.2298050Z,EQ-2,89.44,41.95
2026-05-09T11:29:21.2298050Z,EQ-2,89.67,46.79
2026-05-09T11:29:31.2298050Z,EQ-2,92.28,49.82
2026-05-09T11:29:41.2298050Z,EQ-3,90.48,42.90
2026-05-09T11:29:51.2298050Z,EQ-3,90.68,47.81
2026-05-09T11:30:01.2298050Z,EQ-3,89.96,47.17
2026-05-09T11:30:11.2298050Z,EQ-3,97.70,44.69
2026-05-09T11:30:21.2298050Z,EQ-2,94.00,47.58
2026-05-09T11:30:31.2298050Z,EQ-1,93.05,45.78
2026-05-09T11:30:41.2298050Z,EQ-2,97.63,43.88
2026-05-09T11:30:51.2298050Z,EQ-2,95.07,43.38
2026-05-09T11:31:01.2298050Z,EQ-3,97.92,44.67
2026-05-09T11:31:11.2298050Z,EQ-3,99.44,40.02
2026-05-09T11:31:21.2298050Z,EQ-2,97.36,46.66
2026-05-09T11:31:31.2298050Z,EQ-1,92.58,47.52
2026-05-09T11:31:41.2298050Z,EQ-1,97.78,40.43
2026-05-09T11:31:51.2298050Z,EQ-2,85.17,47.54
2026-05-09T11:32:01.2298050Z,EQ-2,96.92,40.39
2026-05-09T11:32:11.2298050Z,EQ-4,94.48,48.01
2026-05-09T11:32:21.2298050Z,EQ-3,85.66,46.41
2026-05-09T11:32:31.2298050Z,EQ-4,89.39,46.32
2026-05-09T11:32:41.2298050Z,EQ-1,85.46,42.94
2026-05-09T11:32:51.2298050Z,EQ-4,94.20,43.66
2026-05-09T11:33:01.2298050Z,EQ-3,94.65,49.56
2026-05-09T11:33:11.2298050Z,EQ-1,92.85,43.13
2026-05-09T11:33:21.2298050Z,EQ-1,87.50,44.49
2026-05-09T11:33:31.2298050Z,EQ-3,97.43,45.16
2026-05-09T11:33:41.2298050Z,EQ-2,90.77,42.92
2026-05-09T11:33:51.2298050Z,EQ-4,98.01,42.65
2026-05-09T11:34:01.2298050Z,EQ-4,85.86,46.49
2026-05-09T11:34:11.2298050Z,EQ-1,85.47,40.07
2026-05-09T11:34:21.2298050Z,EQ-1,95.00,41.44
2026-05-09T11:34:31.2298050Z,EQ-3,96.18,40.87
2026-05-09T11:34:41.2298050Z,EQ-3,93.54,45.00
2026-05-09T11:34:51.2298050Z,EQ-2,94.47,41.59
2026-05-09T11:35:01.2298050Z,EQ-4,94.29,46.04
2026-05-09T11:35:11.2298050Z,EQ-1,95.81,49.86
2026-05-09T11:35:21.2298050Z,EQ-4,97.55,45.03
2026-05-09T11:35:31.2298050Z,EQ-4,90.79,42.57
2026-05-09T11:35:41.2298050Z,EQ-4,87.97,40.33
2026-05-09T11:35:51.2298050Z,EQ-3,86.97,46.48
2026-05-09T11:36:01.2298050Z,EQ-4,90.36,41.28
2026-05-09T11:36:11.2298050Z,EQ-4,96.36,45.84
2026-05-09T11:36:21.2298050Z,EQ-2,86.62,40.07
2026-05-09T11:36:31.2298050Z,EQ-3,97.89,48.28
2026-05-09T11:36:41.2298050Z,EQ-1,91.15,46.88
2026-05-09T11:36:51.2298050Z,EQ-2,86.99,41.86
2026-05-09T11:37:01.2298050Z,EQ-3,91.15,42.49
2026-05-09T11:37:11.2298050Z,EQ-4,98.21,40.58
2026-05-09T11:37:21.2298050Z,EQ-4,97.95,49.07
2026-05-09T11:37:31.2298050Z,EQ-4,96.48,41.25
2026-05-09T11:37:41.2298050Z,EQ-3,85.94,47.52
2026-05-09T11:37:51.2298050Z,EQ-4,88.39,46.35
2026-05-09T11:38:01.2298050Z,EQ-3,91.17,41.56
2026-05-09T11:38:11.2298050Z,EQ-2,95.57,40.88
2026-05-09T11:38:21.2298050Z,EQ-2,93.81,47.58
2026-05-09T11:38:31.2298050Z,EQ-3,86.42,41.03
2026-05-09T11:38:41.2298050Z,EQ-4,86.29,48.15
2026-05-09T11:38:51.2298050Z,EQ-3,87.54,48.53
2026-05-09T11:39:01.2298050Z,EQ-2,99.73,49.24
2026-05-09T11:39:11.2298050Z,EQ-2,85.97,43.00
2026-05-09T11:39:21.2298050Z,EQ-4,95.00,41.53
2026-05-09T11:39:31.2298050Z,EQ-2,96.53,44.81
2026-05-09T11:39:41.2298050Z,EQ-1,96.91,48.63
2026-05-09T11:39:51.2298050Z,EQ-4,96.81,44.84
2026-05-09T11:40:01.2298050Z,EQ-3,87.07,49.52
2026-05-09T11:40:11.2298050Z,EQ-3,96.08,46.58
2026-05-09T11:40:21.2298050Z,EQ-4,96.77,45.26
2026-05-09T11:40:31.2298050Z,EQ-3,87.50,40.59
2026-05-09T11:40:41.2298050Z,EQ-4,88.79,43.65
2026-05-09T11:40:51.2298050Z,EQ-3,86.93,49.27
2026-05-09T11:41:01.2298050Z,EQ-4,97.28,41.74
2026-05-09T11:41:11.2298050Z,EQ-3,94.13,46.56
2026-05-09T11:41:21.2298050Z,EQ-3,88.43,46.12
2026-05-09T11:41:31.2298050Z,EQ-4,98.31,41.41
2026-05-09T11:41:41.2298050Z,EQ-1,92.20,47.32
2026-05-09T11:41:51.2298050Z,EQ-1,89.41,46.67
2026-05-09T11:42:01.2298050Z,EQ-1,91.00,45.03
2026-05-09T11:42:11.2298050Z,EQ-2,93.15,47.80
2026-05-09T11:42:21.2298050Z,EQ-2,92.88,46.98
2026-05-09T11:42:31.2298050Z,EQ-4,97.56,48.33
2026-05-09T11:42:41.2298050Z,EQ-1,89.01,44.65
2026-05-09T11:42:51.2298050Z,EQ-4,87.04,47.53
2026-05-09T11:43:01.2298050Z,EQ-2,89.67,41.92
2026-05-09T11:43:11.2298050Z,EQ-2,89.78,47.80
2026-05-09T11:43:21.2298050Z,EQ-2,92.14,49.97
2026-05-09T11:43:31.2298050Z,EQ-3,100.00,45.99
2026-05-09T11:43:41.2298050Z,EQ-1,98.63,48.32
2026-05-09T11:43:51.2298050Z,EQ-3,95.75,49.13
2026-05-09T11:44:01.2298050Z,EQ-1,96.44,49.44
2026-05-09T11:44:11.2298050Z,EQ-3,92.71,40.18
2026-05-09T11:44:21.2298050Z,EQ-1,85.44,49.54
2026-05-09T11:44:31.2298050Z,EQ-3,85.46,46.92
2026-05-09T11:44:41.2298050Z,EQ-2,88.67,47.16
2026-05-09T11:44:51.2298050Z,EQ-1,92.28,46.21
2026-05-09T11:45:01.2298050Z,EQ-2,95.21,44.63
2026-05-09T11:45:11.2298050Z,EQ-2,92.57,42.19
2026-05-09T11:45:21.2298050Z,EQ-2,99.01,41.83
2026-05-09T11:45:31.2298050Z,EQ-4,88.29,46.71
2026-05-09T11:45:41.2298050Z,EQ-1,90.20,47.67
2026-05-09T11:45:51.2298050Z,EQ-2,98.42,40.26
2026-05-09T11:46:01.2298050Z,EQ-4,97.24,49.53
2026-05-09T11:46:11.2298050Z,EQ-4,85.04,46.98
2026-05-09T11:46:21.2298050Z,EQ-1,94.10,46.22
2026-05-09T11:46:31.2298050Z,EQ-2,96.82,46.35
2026-05-09T11:46:41.2298050Z,EQ-3,95.75,40.66
2026-05-09T11:46:51.2298050Z,EQ-1,88.45,40.66
2026-05-09T11:47:01.2298050Z,EQ-3,90.12,49.63
2026-05-09T11:47:11.2298050Z,EQ-3,99.18,45.31
2026-05-09T11:47:21.2298050Z,EQ-3,86.34,49.66
2026-05-09T11:47:31.2298050Z,EQ-3,88.45,49.72
2026-05-09T11:47:41.2298050Z,EQ-1,96.07,49.56
2026-05-09T11:47:51.2298050Z,EQ-2,98.07,48.23
2026-05-09T11:48:01.2298050Z,EQ-1,88.89,43.13
2026-05-09T11:48:11.2298050Z,EQ-2,90.84,45.22
2026-05-09T11:48:21.2298050Z,EQ-2,88.42,46.50
2026-05-09T11:48:31.2298050Z,EQ-1,95.86,42.51
2026-05-09T11:48:41.2298050Z,EQ-1,87.57,44.88
2026-05-09T11:48:51.2298050Z,EQ-1,86.48,44.67
2026-05-09T11:49:01.2298050Z,EQ-2,96.65,49.69
2026-05-09T11:49:11.2298050Z,EQ-3,86.22,41.01
2026-05-09T11:49:21.2298050Z,EQ-1,89.78,45.68
2026-05-09T11:49:31.2298050Z,EQ-2,96.59,45.99
2026-05-09T11:49:41.2298050Z,EQ-2,99.70,47.93
2026-05-09T11:49:51.2298050Z,EQ-3,97.94,46.46
2026-05-09T11:50:01.2298050Z,EQ-2,86.11,48.91
2026-05-09T11:50:11.2298050Z,EQ-2,88.82,43.56
2026-05-09T11:50:21.2298050Z,EQ-4,87.54,49.19
2026-05-09T11:50:31.2298050Z,EQ-1,90.96,46.80
2026-05-09T11:50:41.2298050Z,EQ-1,92.98,44.73
2026-05-09T11:50:51.2298050Z,EQ-1,89.11,41.81
2026-05-09T11:51:01.2298050Z,EQ-2,86.39,46.20
2026-05-09T11:51:11.2298050Z,EQ-4,90.96,49.55
2026-05-09T11:51:21.2298050Z,EQ-3,91.30,44.24
2026-05-09T11:51:31.2298050Z,EQ-4,85.78,48.56
2026-05-09T11:51:41.2298050Z,EQ-3,88.04,43.19
2026-05-09T11:51:51.2298050Z,EQ-2,99.89,45.96
2026-05-09T11:52:01.2298050Z,EQ-4,93.38,44.29
2026-05-09T11:52:11.2298050Z,EQ-1,93.58,43.83
2026-05-09T11:52:21.2298050Z,EQ-2,88.89,44.57
2026-05-09T11:52:31.2298050Z,EQ-4,87.98,47.75
2026-05-09T11:52:41.2298050Z,EQ-4,87.05,48.80
2026-05-09T11:52:51.2298050Z,EQ-2,98.14,45.41
2026-05-09T11:53:01.2298050Z,EQ-1,87.53,41.32
2026-05-09T11:53:11.2298050Z,EQ-3,94.22,40.17
2026-05-09T11:53:21.2298050Z,EQ-3,85.65,46.85
2026-05-09T11:53:31.2298050Z,EQ-1,97.34,49.31
2026-05-09T11:53:41.2298050Z,EQ-4,92.17,42.94
2026-05-09T11:53:51.2298050Z,EQ-1,86.20,44.93
2026-05-09T11:54:01.2298050Z,EQ-3,87.87,44.60
2026-05-09T11:54:11.2298050Z,EQ-4,96.35,41.77
2026-05-09T11:54:21.2298050Z,EQ-2,94.14,40.48
2026-05-09T11:54:31.2298050Z,EQ-1,91.99,48.84
2026-05-09T11:54:41.2298050Z,EQ-3,93.45,40.50
2026-05-09T11:54:51.2298050Z,EQ-4,99.67,46.81
2026-05-09T11:55:01.2298050Z,EQ-1,85.40,42.86
2026-05-09T11:55:11.2298050Z,EQ-1,92.13,47.91
2026-05-09T11:55:21.2298050Z,EQ-1,89.55,46.19
2026-05-09T11:55:31.2298050Z,EQ-4,96.09,42.33
2026-05-09T11:55:41.2298050Z,EQ-1,92.96,45.74
2026-05-09T11:55:51.2298050Z,EQ-2,98.72,41.63
2026-05-09T11:56:01.2298050Z,EQ-1,99.13,46.94
2026-05-09T11:56:11.2298050Z,EQ-3,85.83,47.01
2026-05-09T11:56:21.2298050Z,EQ-2,88.40,49.24
2026-05-09T11:56:31.2298050Z,EQ-4,96.86,49.87
2026-05-09T11:56:41.2298050Z,EQ-2,85.08,49.18
2026-05-09T11:56:51.2298050Z,EQ-3,89.81,49.82
2026-05-09T11:57:01.2298050Z,EQ-2,90.34,42.64
2026-05-09T11:57:11.2298050Z,EQ-2,89.00,48.25
2026-05-09T11:57:21.2298050Z,EQ-4,98.75,40.42
2026-05-09T11:57:31.2298050Z,EQ-1,96.59,44.51
2026-05-09T11:57:41.2298050Z,EQ-1,92.59,45.96
2026-05-09T11:57:51.2298050Z,EQ-2,89.84,40.66
2026-05-09T11:58:01.2298050Z,EQ-2,94.37,40.86
2026-05-09T11:58:11.2298050Z,EQ-4,88.03,46.01
2026-05-09T11:58:21.2298050Z,EQ-4,85.28,44.37
2026-05-09T11:58:31.2298050Z,EQ-4,97.94,46.05
2026-05-09T11:58:41.2298050Z,EQ-3,85.78,49.08
2026-05-09T11:58:51.2298050Z,EQ-3,93.28,44.55
2026-05-09T11:59:01.2298050Z,EQ-1,95.59,48.60
2026-05-09T11:59:11.2298050Z,EQ-2,94.58,49.20
2026-05-09T11:59:21.2298050Z,EQ-3,94.70,48.59
2026-05-09T11:59:31.2298050Z,EQ-4,99.27,44.40
2026-05-09T11:59:41.2298050Z,EQ-1,92.59,47.41
2026-05-09T11:59:51.2298050Z,EQ-2,88.28,45.07
2026-05-09T12:00:01.2298050Z,EQ-4,86.64,43.79
2026-05-09T12:00:11.2298050Z,EQ-3,85.60,47.46
2026-05-09T12:00:21.2298050Z,EQ-4,94.47,42.50
2026-05-09T12:00:31.2298050Z,EQ-3,85.49,44.59
2026-05-09T12:00:41.2298050Z,EQ-4,98.65,48.33
2026-05-09T12:00:51.2298050Z,EQ-4,87.74,49.86
2026-05-09T12:01:01.2298050Z,EQ-1,96.93,49.77
2026-05-09T12:01:11.2298050Z,EQ-1,88.46,49.08
2026-05-09T12:01:21.2298050Z,EQ-2,85.25,47.93
2026-05-09T12:01:31.2298050Z,EQ-1,88.13,40.05
2026-05-09T12:01:41.2298050Z,EQ-1,86.41,48.87
2026-05-09T12:01:51.2298050Z,EQ-1,86.29,45.10
2026-05-09T12:02:01.2298050Z,EQ-2,86.53,45.22
2026-05-09T12:02:11.2298050Z,EQ-4,90.95,43.83
2026-05-09T12:02:21.2298050Z,EQ-3,95.33,42.60
2026-05-09T12:02:31.2298050Z,EQ-1,90.89,47.11
2026-05-09T12:02:41.2298050Z,EQ-3,87.08,44.25
2026-05-09T12:02:51.2298050Z,EQ-1,85.88,48.73
2026-05-09T12:03:01.2298050Z,EQ-3,96.28,45.61
2026-05-09T12:03:11.2298050Z,EQ-4,92.17,40.38
2026-05-09T12:03:21.2298050Z,EQ-1,87.75,49.10
2026-05-09T12:03:31.2298050Z,EQ-3,86.47,40.28
2026-05-09T12:03:41.2298050Z,EQ-1,89.28,48.69
2026-05-09T12:03:51.2298050Z,EQ-2,86.37,45.83
2026-05-09T12:04:01.2298050Z,EQ-2,97.49,40.40
2026-05-09T12:04:11.2298050Z,EQ-4,95.28,46.30
2026-05-09T12:04:21.2298050Z,EQ-3,93.86,40.24
2026-05-09T12:04:31.2298050Z,EQ-4,90.01,45.98
2026-05-09T12:04:41.2298050Z,EQ-4,90.89,40.63
2026-05-09T12:04:51.2298050Z,EQ-2,93.54,47.81
2026-05-09T12:05:01.2298050Z,EQ-2,89.75,45.92
2026-05-09T12:05:11.2298050Z,EQ-3,92.87,47.65
2026-05-09T12:05:21.2298050Z,EQ-2,95.39,46.71
2026-05-09T12:05:31.2298050Z,EQ-2,86.56,43.39
2026-05-09T12:05:41.2298050Z,EQ-3,99.95,49.11
2026-05-09T12:05:51.2298050Z,EQ-4,92.56,46.06
2026-05-09T12:06:01.2298050Z,EQ-3,90.78,44.32
2026-05-09T12:06:11.2298050Z,EQ-1,87.21,48.14
2026-05-09T12:06:21.2298050Z,EQ-4,88.14,49.25
2026-05-09T12:06:31.2298050Z,EQ-4,87.50,48.20
2026-05-09T12:06:41.2298050Z,EQ-3,90.62,48.07
2026-05-09T12:06:51.2298050Z,EQ-4,91.37,41.27
2026-05-09T12:07:01.2298050Z,EQ-3,90.39,48.33
2026-05-09T12:07:11.2298050Z,EQ-3,86.49,42.32
2026-05-09T12:07:21.2298050Z,EQ-1,99.97,48.14
2026-05-09T12:07:31.2298050Z,EQ-3,97.94,49.47
2026-05-09T12:07:41.2298050Z,EQ-1,88.99,40.36
2026-05-09T12:07:51.2298050Z,EQ-3,89.63,44.18
2026-05-09T12:08:01.2298050Z,EQ-4,93.27,47.43
2026-05-09T12:08:11.2298050Z,EQ-4,92.85,45.44
2026-05-09T12:08:21.2298050Z,EQ-2,89.55,49.97
2026-05-09T12:08:31.2298050Z,EQ-1,95.89,48.97
2026-05-09T12:08:41.2298050Z,EQ-2,95.13,42.43
2026-05-09T12:08:51.2298050Z,EQ-4,99.02,40.77
2026-05-09T12:09:01.2298050Z,EQ-4,95.31,47.43
2026-05-09T12:09:11.2298050Z,EQ-4,87.89,44.92
2026-05-09T12:09:21.2298050Z,EQ-3,93.47,45.70
2026-05-09T12:09:31.2298050Z,EQ-3,90.28,48.67
2026-05-09T12:09:41.2298050Z,EQ-2,90.21,41.25
2026-05-09T12:09:51.2298050Z,EQ-3,86.10,48.89
2026-05-09T12:10:01.2298050Z,EQ-3,95.67,41.86
2026-05-09T12:10:11.2298050Z,EQ-2,96.23,43.36
2026-05-09T12:10:21.2298050Z,EQ-4,97.36,49.79
2026-05-09T12:10:31.2298050Z,EQ-2,85.60,46.27
2026-05-09T12:10:41.2298050Z,EQ-1,98.67,43.37
2026-05-09T12:10:51.2298050Z,EQ-3,88.32,43.71
2026-05-09T12:11:01.2298050Z,EQ-1,92.97,42.52
2026-05-09T12:11:11.2298050Z,EQ-4,97.22,49.71
2026-05-09T12:11:21.2298050Z,EQ-1,99.18,42.32
2026-05-09T12:11:31.2298050Z,EQ-3,88.30,42.31
2026-05-09T12:11:41.2298050Z,EQ-1,90.31,48.45
2026-05-09T12:11:51.2298050Z,EQ-2,99.28,47.32
2026-05-09T12:12:01.2298050Z,EQ-3,96.36,49.51
2026-05-09T12:12:11.2298050Z,EQ-4,88.33,48.94
2026-05-09T12:12:21.2298050Z,EQ-4,98.43,45.67
2026-05-09T12:12:31.2298050Z,EQ-4,85.89,42.58
2026-05-09T12:12:41.2298050Z,EQ-4,96.33,43.86
2026-05-09T12:12:51.2298050Z,EQ-4,95.19,44.82
2026-05-09T12:13:01.2298050Z,EQ-3,89.23,45.60
2026-05-09T12:13:11.2298050Z,EQ-3,95.51,41.06
2026-05-09T12:13:21.2298050Z,EQ-4,93.36,46.40
2026-05-09T12:13:31.2298050Z,EQ-4,98.30,41.22
2026-05-09T12:13:41.2298050Z,EQ-2,87.89,43.88
2026-05-09T12:13:51.2298050Z,EQ-2,96.62,44.66
2026-05-09T12:14:01.2298050Z,EQ-4,97.31,42.78
2026-05-09T12:14:11.2298050Z,EQ-4,95.04,49.92
2026-05-09T12:14:21.2298050Z,EQ-3,92.01,42.91
2026-05-09T12:14:31.2298050Z,EQ-4,99.65,47.34
2026-05-09T12:14:41.2298050Z,EQ-4,98.37,47.67
2026-05-09T12:14:51.2298050Z,EQ-4,98.24,42.68
2026-05-09T12:15:01.2298050Z,EQ-2,93.71,43.92
2026-05-09T12:15:11.2298050Z,EQ-3,86.42,49.53
2026-05-09T12:15:21.2298050Z,EQ-2,92.25,49.04
2026-05-09T12:15:31.2298050Z,EQ-1,98.69,42.07
2026-05-09T12:15:41.2298050Z,EQ-3,86.75,47.49
2026-05-09T12:15:51.2298050Z,EQ-2,97.82,40.17
2026-05-09T12:16:01.2298050Z,EQ-1,89.08,43.77
2026-05-09T12:16:11.2298050Z,EQ-4,95.20,41.56
2026-05-09T12:16:21.2298050Z,EQ-4,96.92,44.01
2026-05-09T12:16:31.2298050Z,EQ-3,91.41,47.80
2026-05-09T12:16:41.2298050Z,EQ-4,99.00,45.41
2026-05-09T12:16:51.2298050Z,EQ-2,86.51,46.00
2026-05-09T12:17:01.2298050Z,EQ-3,86.23,48.80
2026-05-09T12:17:11.2298050Z,EQ-1,99.56,49.07
2026-05-09T12:17:21.2298050Z,EQ-4,87.01,48.31
2026-05-09T12:17:31.2298050Z,EQ-4,97.93,45.10
2026-05-09T12:17:41.2298050Z,EQ-4,92.82,41.42
2026-05-09T12:17:51.2298050Z,EQ-2,92.70,46.16
2026-05-09T12:18:01.2298050Z,EQ-4,90.09,47.34
2026-05-09T12:18:11.2298050Z,EQ-3,88.36,41.28
2026-05-09T12:18:21.2298050Z,EQ-3,88.08,45.82
2026-05-09T12:18:31.2298050Z,EQ-3,91.44,42.54
2026-05-09T12:18:41.2298050Z,EQ-4,89.02,41.16
2026-05-09T12:18:51.2298050Z,EQ-2,85.80,46.23
2026-05-09T12:19:01.2298050Z,EQ-3,90.87,41.82
2026-05-09T12:19:11.2298050Z,EQ-1,88.22,43.90
2026-05-09T12:19:21.2298050Z,EQ-2,87.37,49.92
2026-05-09T12:19:31.2298050Z,EQ-2,86.47,40.05
2026-05-09T12:19:41.2298050Z,EQ-4,90.40,47.33
2026-05-09T12:19:51.2298050Z,EQ-2,86.71,41.60
2026-05-09T12:20:01.2298050Z,EQ-1,87.02,42.91
2026-05-09T12:20:11.2298050Z,EQ-4,97.97,40.34
2026-05-09T12:20:21.2298050Z,EQ-1,88.38,42.52
2026-05-09T12:20:31.2298050Z,EQ-4,94.03,42.04
2026-05-09T12:20:41.2298050Z,EQ-4,94.90,42.09
2026-05-09T12:20:51.2298050Z,EQ-4,94.45,49.68
2026-05-09T12:21:01.2298050Z,EQ-1,97.43,44.34
2026-05-09T12:21:11.2298050Z,EQ-2,86.76,44.79
2026-05-09T12:21:21.2298050Z,EQ-4,99.05,41.19
2026-05-09T12:21:31.2298050Z,EQ-3,95.73,47.27
2026-05-09T12:21:41.2298050Z,EQ-3,90.46,45.18
2026-05-09T12:21:51.2298050Z,EQ-4,89.88,41.92
2026-05-09T12:22:01.2298050Z,EQ-3,93.69,43.50
2026-05-09T12:22:11.2298050Z,EQ-4,86.49,43.46
2026-05-09T12:22:21.2298050Z,EQ-3,95.70,44.01
2026-05-09T12:22:31.2298050Z,EQ-2,97.93,45.93
2026-05-09T12:22:41.2298050Z,EQ-1,91.54,44.93
2026-05-09T12:22:51.2298050Z,EQ-4,86.72,49.59
2026-05-09T12:23:01.2298050Z,EQ-2,87.68,40.60
2026-05-09T12:23:11.2298050Z,EQ-4,88.36,46.44
2026-05-09T12:23:21.2298050Z,EQ-2,99.31,44.37
2026-05-09T12:23:31.2298050Z,EQ-4,94.72,40.97
2026-05-09T12:23:41.2298050Z,EQ-1,85.44,41.66
2026-05-09T12:23:51.2298050Z,EQ-1,89.87,45.58
2026-05-09T12:24:01.2298050Z,EQ-1,86.29,43.96
2026-05-09T12:24:11.2298050Z,EQ-1,88.52,43.29
2026-05-09T12:24:21.2298050Z,EQ-3,88.26,40.98
2026-05-09T12:24:31.2298050Z,EQ-2,95.87,43.16
2026-05-09T12:24:41.2298050Z,EQ-1,90.01,48.47
2026-05-09T12:24:51.2298050Z,EQ-4,90.17,49.45
2026-05-09T12:25:01.2298050Z,EQ-3,91.13,43.13
2026-05-09T12:25:11.2298050Z,EQ-1,98.90,47.88
2026-05-09T12:25:21.2298050Z,EQ-4,89.15,42.24
2026-05-09T12:25:31.2298050Z,EQ-3,96.75,43.18
2026-05-09T12:25:41.2298050Z,EQ-1,89.92,47.77
2026-05-09T12:25:51.2298050Z,EQ-2,90.87,45.70
2026-05-09T12:26:01.2298050Z,EQ-3,90.46,41.11
2026-05-09T12:26:11.2298050Z,EQ-2,98.62,47.70
2026-05-09T12:26:21.2298050Z,EQ-2,86.42,45.15
2026-05-09T12:26:31.2298050Z,EQ-4,97.41,41.65
2026-05-09T12:26:41.2298050Z,EQ-4,95.81,47.14
2026-05-09T12:26:51.2298050Z,EQ-4,98.56,43.58
2026-05-09T12:27:01.2298050Z,EQ-4,96.31,42.58
2026-05-09T12:27:11.2298050Z,EQ-1,96.57,47.40
2026-05-09T12:27:21.2298050Z,EQ-4,86.20,41.29
2026-05-09T12:27:31.2298050Z,EQ-4,97.24,43.65
2026-05-09T12:27:41.2298050Z,EQ-3,99.89,46.27
2026-05-09T12:27:51.2298050Z,EQ-1,93.39,44.62
2026-05-09T12:28:01.2298050Z,EQ-3,99.24,47.91
2026-05-09T12:28:11.2298050Z,EQ-2,95.62,46.09
2026-05-09T12:28:21.2298050Z,EQ-2,95.05,43.74
2026-05-09T12:28:31.2298050Z,EQ-4,95.79,49.16
2026-05-09T12:28:41.2298050Z,EQ-4,93.22,48.79
2026-05-09T12:28:51.2298050Z,EQ-2,98.10,45.74
2026-05-09T12:29:01.2298050Z,EQ-4,85.69,41.12
2026-05-09T12:29:11.2298050Z,EQ-2,99.66,41.08
2026-05-09T12:29:21.2298050Z,EQ-4,94.22,46.95
2026-05-09T12:29:31.2298050Z,EQ-2,96.49,40.06
2026-05-09T12:29:41.2298050Z,EQ-2,89.81,43.56
2026-05-09T12:29:51.2298050Z,EQ-3,90.11,45.71
2026-05-09T12:30:01.2298050Z,EQ-3,91.77,40.59
2026-05-09T12:30:11.2298050Z,EQ-1,94.08,45.34
2026-05-09T12:30:21.2298050Z,EQ-2,97.15,48.73
2026-05-09T12:30:31.2298050Z,EQ-2,98.89,42.89
2026-05-09T12:30:41.2298050Z,EQ-1,99.64,49.11
2026-05-09T12:30:51.2298050Z,EQ-1,98.46,45.55
2026-05-09T12:31:01.2298050Z,EQ-4,91.81,49.46
2026-05-09T12:31:11.2298050Z,EQ-3,91.20,49.00
2026-05-09T12:31:21.2298050Z,EQ-1,85.54,41.63
2026-05-09T12:31:31.2298050Z,EQ-2,91.33,48.88
2026-05-09T12:31:41.2298050Z,EQ-3,89.32,43.20
2026-05-09T12:31:51.2298050Z,EQ-2,87.22,41.49
2026-05-09T12:32:01.2298050Z,EQ-4,97.85,42.12
2026-05-09T12:32:11.2298050Z,EQ-4,95.30,47.86
2026-05-09T12:32:21.2298050Z,EQ-2,96.97,47.09
2026-05-09T12:32:31.2298050Z,EQ-4,87.74,44.53
2026-05-09T12:32:41.2298050Z,EQ-1,91.11,44.66
2026-05-09T12:32:51.2298050Z,EQ-1,92.24,42.15
2026-05-09T12:33:01.2298050Z,EQ-1,92.08,45.79
2026-05-09T12:33:11.2298050Z,EQ-2,88.08,47.99
2026-05-09T12:33:21.2298050Z,EQ-3,97.48,40.79
2026-05-09T12:33:31.2298050Z,EQ-4,85.21,42.67
2026-05-09T12:33:41.2298050Z,EQ-3,89.22,41.50
2026-05-09T12:33:51.2298050Z,EQ-1,90.81,41.28
2026-05-09T12:34:01.2298050Z,EQ-4,97.31,46.28
2026-05-09T12:34:11.2298050Z,EQ-4,97.49,45.29
2026-05-09T12:34:21.2298050Z,EQ-4,89.86,43.68
2026-05-09T12:34:31.2298050Z,EQ-4,95.06,43.95
2026-05-09T12:34:41.2298050Z,EQ-2,86.47,48.78
2026-05-09T12:34:51.2298050Z,EQ-4,96.34,44.51
2026-05-09T12:35:01.2298050Z,EQ-4,93.30,47.69
2026-05-09T12:35:11.2298050Z,EQ-1,91.94,41.24
2026-05-09T12:35:21.2298050Z,EQ-3,99.51,40.44
2026-05-09T12:35:31.2298050Z,EQ-3,86.35,40.86
2026-05-09T12:35:41.2298050Z,EQ-4,98.16,44.14
2026-05-09T12:35:51.2298050Z,EQ-1,89.76,44.52
2026-05-09T12:36:01.2298050Z,EQ-4,87.70,48.12
2026-05-09T12:36:11.2298050Z,EQ-3,97.33,47.14
2026-05-09T12:36:21.2298050Z,EQ-1,86.10,46.78
2026-05-09T12:36:31.2298050Z,EQ-1,90.09,42.75
2026-05-09T12:36:41.2298050Z,EQ-4,89.53,47.56
2026-05-09T12:36:51.2298050Z,EQ-2,99.39,41.18
2026-05-09T12:37:01.2298050Z,EQ-2,88.88,41.85
2026-05-09T12:37:11.2298050Z,EQ-2,99.64,47.23
2026-05-09T12:37:21.2298050Z,EQ-3,93.65,45.54
2026-05-09T12:37:31.2298050Z,EQ-1,97.66,42.27
2026-05-09T12:37:41.2298050Z,EQ-4,95.66,46.29
2026-05-09T12:37:51.2298050Z,EQ-2,94.45,49.69
2026-05-09T12:38:01.2298050Z,EQ-2,88.46,48.16
2026-05-09T12:38:11.2298050Z,EQ-1,94.38,40.19
2026-05-09T12:38:21.2298050Z,EQ-3,99.16,46.18
2026-05-09T12:38:31.2298050Z,EQ-1,99.17,47.33
2026-05-09T12:38:41.2298050Z,EQ-3,97.28,45.83
2026-05-09T12:38:51.2298050Z,EQ-2,99.70,48.36
2026-05-09T12:39:01.2298050Z,EQ-3,99.99,43.68
2026-05-09T12:39:11.2298050Z,EQ-1,97.59,49.50
2026-05-09T12:39:21.2298050Z,EQ-4,88.73,46.30
2026-05-09T12:39:31.2298050Z,EQ-3,90.02,49.32
2026-05-09T12:39:41.2298050Z,EQ-1,90.76,48.62
2026-05-09T12:39:51.2298050Z,EQ-4,87.08,44.53
2026-05-09T12:40:01.2298050Z,EQ-1,86.19,41.23
2026-05-09T12:40:11.2298050Z,EQ-4,99.86,48.59
2026-05-09T12:40:21.2298050Z,EQ-3,92.74,48.39
2026-05-09T12:40:31.2298050Z,EQ-1,99.40,42.27
2026-05-09T12:40:41.2298050Z,EQ-2,91.62,43.28
2026-05-09T12:40:51.2298050Z,EQ-4,91.65,49.06
2026-05-09T12:41:01.2298050Z,EQ-4,98.11,48.22
2026-05-09T12:41:11.2298050Z,EQ-1,94.84,43.43
2026-05-09T12:41:21.2298050Z,EQ-3,92.43,46.11
2026-05-09T12:41:31.2298050Z,EQ-3,85.41,41.29
2026-05-09T12:41:41.2298050Z,EQ-2,95.56,40.57
2026-05-09T12:41:51.2298050Z,EQ-3,88.51,49.43
2026-05-09T12:42:01.2298050Z,EQ-3,88.04,43.04
2026-05-09T12:42:11.2298050Z,EQ-1,93.39,44.96
2026-05-09T12:42:21.2298050Z,EQ-2,95.15,48.95
2026-05-09T12:42:31.2298050Z,EQ-3,85.05,43.27
2026-05-09T12:42:41.2298050Z,EQ-1,87.58,46.01
2026-05-09T12:42:51.2298050Z,EQ-4,94.98,44.71
2026-05-09T12:43:01.2298050Z,EQ-2,96.30,44.97
2026-05-09T12:43:11.2298050Z,EQ-3,98.51,47.02
2026-05-09T12:43:21.2298050Z,EQ-2,99.11,42.94
2026-05-09T12:43:31.2298050Z,EQ-2,85.88,40.05
2026-05-09T12:43:41.2298050Z,EQ-1,96.23,45.78
2026-05-09T12:43:51.2298050Z,EQ-3,98.44,45.23
2026-05-09T12:44:01.2298050Z,EQ-4,96.07,41.74
2026-05-09T12:44:11.2298050Z,EQ-1,91.16,47.95
2026-05-09T12:44:21.2298050Z,EQ-2,93.88,41.26
2026-05-09T12:44:31.2298050Z,EQ-3,95.01,46.63
2026-05-09T12:44:41.2298050Z,EQ-1,91.32,47.39
2026-05-09T12:44:51.2298050Z,EQ-3,88.12,42.57
2026-05-09T12:45:01.2298050Z,EQ-2,97.25,46.86
2026-05-09T12:45:11.2298050Z,EQ-2,87.96,44.02
2026-05-09T12:45:21.2298050Z,EQ-3,91.53,43.20
2026-05-09T12:45:31.2298050Z,EQ-3,85.26,48.22
2026-05-09T12:45:41.2298050Z,EQ-3,92.30,49.28
2026-05-09T12:45:51.2298050Z,EQ-3,95.74,41.60
2026-05-09T12:46:01.2298050Z,EQ-3,98.74,40.34
2026-05-09T12:46:11.2298050Z,EQ-3,97.56,42.31
2026-05-09T12:46:21.2298050Z,EQ-3,99.43,46.93
2026-05-09T12:46:31.2298050Z,EQ-2,93.52,42.41
2026-05-09T12:46:41.2298050Z,EQ-4,95.18,48.57
2026-05-09T12:46:51.2298050Z,EQ-2,88.78,47.54
2026-05-09T12:47:01.2298050Z,EQ-4,97.62,48.31
2026-05-09T12:47:11.2298050Z,EQ-4,88.26,47.04
2026-05-09T12:47:21.2298050Z,EQ-1,90.79,43.70
2026-05-09T12:47:31.2298050Z,EQ-1,94.56,43.74
2026-05-09T12:47:41.2298050Z,EQ-1,94.55,46.14
2026-05-09T12:47:51.2298050Z,EQ-1,92.00,46.16
2026-05-09T12:48:01.2298050Z,EQ-3,95.04,45.72
2026-05-09T12:48:11.2298050Z,EQ-1,89.63,46.83
2026-05-09T12:48:21.2298050Z,EQ-2,89.89,40.84
2026-05-09T12:48:31.2298050Z,EQ-4,96.94,41.21
2026-05-09T12:48:41.2298050Z,EQ-1,89.99,42.65
2026-05-09T12:48:51.2298050Z,EQ-3,86.13,40.82
2026-05-09T12:49:01.2298050Z,EQ-2,96.69,40.73
2026-05-09T12:49:11.2298050Z,EQ-2,98.82,40.63
2026-05-09T12:49:21.2298050Z,EQ-1,97.70,43.43
2026-05-09T12:49:31.2298050Z,EQ-4,92.84,41.49
2026-05-09T12:49:41.2298050Z,EQ-1,93.49,43.42
2026-05-09T12:49:51.2298050Z,EQ-1,96.82,43.38
2026-05-09T12:50:01.2298050Z,EQ-4,95.46,47.98
2026-05-09T12:50:11.2298050Z,EQ-2,91.87,41.77
2026-05-09T12:50:21.2298050Z,EQ-3,94.15,40.59
2026-05-09T12:50:31.2298050Z,EQ-3,87.37,49.83
2026-05-09T12:50:41.2298050Z,EQ-3,90.44,42.67
2026-05-09T12:50:51.2298050Z,EQ-4,88.54,46.70
2026-05-09T12:51:01.2298050Z,EQ-3,95.63,42.60
2026-05-09T12:51:11.2298050Z,EQ-3,98.05,42.68
2026-05-09T12:51:21.2298050Z,EQ-4,89.39,44.88
2026-05-09T12:51:31.2298050Z,EQ-3,90.25,43.80
2026-05-09T12:51:41.2298050Z,EQ-1,99.24,45.15
2026-05-09T12:51:51.2298050Z,EQ-4,87.55,45.27
2026-05-09T12:52:01.2298050Z,EQ-4,93.34,47.68
2026-05-09T12:52:11.2298050Z,EQ-2,95.66,42.43
2026-05-09T12:52:21.2298050Z,EQ-2,88.85,49.69
2026-05-09T12:52:31.2298050Z,EQ-1,91.77,40.64
2026-05-09T12:52:41.2298050Z,EQ-1,93.77,40.21
2026-05-09T12:52:51.2298050Z,EQ-1,86.96,40.26
2026-05-09T12:53:01.2298050Z,EQ-2,95.08,45.98
2026-05-09T12:53:11.2298050Z,EQ-4,85.38,42.55
2026-05-09T12:53:21.2298050Z,EQ-2,86.13,48.53
2026-05-09T12:53:31.2298050Z,EQ-2,87.56,43.71
2026-05-09T12:53:41.2298050Z,EQ-2,98.11,49.72
2026-05-09T12:53:51.2298050Z,EQ-3,94.59,44.24
2026-05-09T12:54:01.2298050Z,EQ-1,85.60,47.13
2026-05-09T12:54:11.2298050Z,EQ-2,86.32,47.59
2026-05-09T12:54:21.2298050Z,EQ-4,95.49,47.20
2026-05-09T12:54:31.2298050Z,EQ-4,90.93,44.45
2026-05-09T12:54:41.2298050Z,EQ-4,86.21,42.00
2026-05-09T12:54:51.2298050Z,EQ-2,88.66,48.15
2026-05-09T12:55:01.2298050Z,EQ-1,87.02,40.58
2026-05-09T12:55:11.2298050Z,EQ-4,99.17,48.10
2026-05-09T12:55:21.2298050Z,EQ-4,87.71,47.24
2026-05-09T12:55:31.2298050Z,EQ-1,90.14,47.73
2026-05-09T12:55:41.2298050Z,EQ-4,85.97,40.77
2026-05-09T12:55:51.2298050Z,EQ-1,95.59,43.89
2026-05-09T12:56:01.2298050Z,EQ-2,94.11,49.63
2026-05-09T12:56:11.2298050Z,EQ-2,99.72,49.03
2026-05-09T12:56:21.2298050Z,EQ-1,93.94,41.39
2026-05-09T12:56:31.2298050Z,EQ-4,86.50,43.56
2026-05-09T12:56:41.2298050Z,EQ-4,91.28,41.41
2026-05-09T12:56:51.2298050Z,EQ-4,99.68,44.64
2026-05-09T12:57:01.2298050Z,EQ-2,95.99,47.99
2026-05-09T12:57:11.2298050Z,EQ-3,91.29,40.36
2026-05-09T12:57:21.2298050Z,EQ-4,90.62,49.42
2026-05-09T12:57:31.2298050Z,EQ-1,95.24,49.78
2026-05-09T12:57:41.2298050Z,EQ-1,88.57,43.19
2026-05-09T12:57:51.2298050Z,EQ-1,89.95,40.49
2026-05-09T12:58:01.2298050Z,EQ-3,96.95,43.86
2026-05-09T12:58:11.2298050Z,EQ-3,96.36,42.74
2026-05-09T12:58:21.2298050Z,EQ-2,90.01,45.88
2026-05-09T12:58:31.2298050Z,EQ-1,86.33,48.50
2026-05-09T12:58:41.2298050Z,EQ-3,99.17,42.21
2026-05-09T12:58:51.2298050Z,EQ-3,96.13,47.05
2026-05-09T12:59:01.2298050Z,EQ-4,99.23,49.46
2026-05-09T12:59:11.2298050Z,EQ-3,88.71,44.13
2026-05-09T12:59:21.2298050Z,EQ-4,93.78,42.23
2026-05-09T12:59:31.2298050Z,EQ-1,94.00,40.40
2026-05-09T12:59:41.2298050Z,EQ-1,92.50,49.14
2026-05-09T12:59:51.2298050Z,EQ-4,99.63,48.52
2026-05-09T13:00:01.2298050Z,EQ-4,87.23,43.93
2026-05-09T13:00:11.2298050Z,EQ-1,86.23,48.72
2026-05-09T13:00:21.2298050Z,EQ-2,85.56,40.95
2026-05-09T13:00:31.2298050Z,EQ-1,97.81,44.80
2026-05-09T13:00:41.2298050Z,EQ-2,93.06,45.89
2026-05-09T13:00:51.2298050Z,EQ-2,92.54,41.92
2026-05-09T13:01:01.2298050Z,EQ-2,89.38,42.08
2026-05-09T13:01:11.2298050Z,EQ-2,93.71,48.40
2026-05-09T13:01:21.2298050Z,EQ-4,85.25,45.70
2026-05-09T13:01:31.2298050Z,EQ-2,93.10,44.44
2026-05-09T13:01:41.2298050Z,EQ-4,86.10,46.96
2026-05-09T13:01:51.2298050Z,EQ-2,99.82,48.62
2026-05-09T13:02:01.2298050Z,EQ-4,93.67,49.08
2026-05-09T13:02:11.2298050Z,EQ-1,93.09,44.46
2026-05-09T13:02:21.2298050Z,EQ-4,87.86,40.28
2026-05-09T13:02:31.2298050Z,EQ-4,99.13,48.41
2026-05-09T13:02:41.2298050Z,EQ-4,89.16,45.49
2026-05-09T13:02:51.2298050Z,EQ-2,85.61,45.55
2026-05-09T13:03:01.2298050Z,EQ-2,91.86,42.83
2026-05-09T13:03:11.2298050Z,EQ-3,96.37,43.83
2026-05-09T13:03:21.2298050Z,EQ-4,90.77,47.49
2026-05-09T13:03:31.2298050Z,EQ-3,97.46,47.64
2026-05-09T13:03:41.2298050Z,EQ-3,94.91,40.99
2026-05-09T13:03:51.2298050Z,EQ-3,99.32,40.91
2026-05-09T13:04:01.2298050Z,EQ-1,98.36,42.10
2026-05-09T13:04:11.2298050Z,EQ-4,91.38,41.11
2026-05-09T13:04:21.2298050Z,EQ-4,93.73,41.08
2026-05-09T13:04:31.2298050Z,EQ-4,97.89,45.50
2026-05-09T13:04:41.2298050Z,EQ-4,88.56,45.21
2026-05-09T13:04:51.2298050Z,EQ-2,97.34,43.89
2026-05-09T13:05:01.2298050Z,EQ-4,99.70,48.85
2026-05-09T13:05:11.2298050Z,EQ-1,90.46,40.75
2026-05-09T13:05:21.2298050Z,EQ-1,87.46,44.16
2026-05-09T13:05:31.2298050Z,EQ-3,97.19,43.72
2026-05-09T13:05:41.2298050Z,EQ-1,90.32,46.24
2026-05-09T13:05:51.2298050Z,EQ-1,94.27,43.06
2026-05-09T13:06:01.2298050Z,EQ-3,96.58,47.79
2026-05-09T13:06:11.2298050Z,EQ-3,86.02,41.81
2026-05-09T13:06:21.2298050Z,EQ-1,98.66,45.73
2026-05-09T13:06:31.2298050Z,EQ-4,96.16,47.00
2026-05-09T13:06:41.2298050Z,EQ-3,98.06,40.20
2026-05-09T13:06:51.2298050Z,EQ-3,93.94,49.79
2026-05-09T13:07:01.2298050Z,EQ-3,90.08,45.84
2026-05-09T13:07:11.2298050Z,EQ-4,95.27,42.43
2026-05-09T13:07:21.2298050Z,EQ-3,99.41,44.64
2026-05-09T13:07:31.2298050Z,EQ-3,97.45,48.14
2026-05-09T13:07:41.2298050Z,EQ-3,93.30,40.11
2026-05-09T13:07:51.2298050Z,EQ-3,90.36,46.27
2026-05-09T13:08:01.2298050Z,EQ-4,85.57,40.97
2026-05-09T13:08:11.2298050Z,EQ-3,98.13,45.36
2026-05-09T13:08:21.2298050Z,EQ-3,98.41,43.74
2026-05-09T13:08:31.2298050Z,EQ-2,89.64,50.00
2026-05-09T13:08:41.2298050Z,EQ-1,98.37,47.40
2026-05-09T13:08:51.2298050Z,EQ-3,85.53,43.11
2026-05-09T13:09:01.2298050Z,EQ-3,86.41,47.04
2026-05-09T13:09:11.2298050Z,EQ-2,91.97,49.91
2026-05-09T13:09:21.2298050Z,EQ-2,92.97,44.74
2026-05-09T13:09:31.2298050Z,EQ-2,90.78,44.21
2026-05-09T13:09:41.2298050Z,EQ-1,99.14,46.40
2026-05-09T13:09:51.2298050Z,EQ-3,95.09,48.90
2026-05-09T13:10:01.2298050Z,EQ-4,98.28,43.66
2026-05-09T13:10:11.2298050Z,EQ-2,99.88,50.00
2026-05-09T13:10:21.2298050Z,EQ-2,97.31,41.58
2026-05-09T13:10:31.2298050Z,EQ-1,93.98,44.06
2026-05-09T13:10:41.2298050Z,EQ-4,97.47,47.14
2026-05-09T13:10:51.2298050Z,EQ-4,98.07,49.27
2026-05-09T13:11:01.2298050Z,EQ-2,87.72,47.57
2026-05-09T13:11:11.2298050Z,EQ-1,91.89,41.08
2026-05-09T13:11:21.2298050Z,EQ-1,85.58,42.35
2026-05-09T13:11:31.2298050Z,EQ-1,89.98,42.95
2026-05-09T13:11:41.2298050Z,EQ-1,91.57,46.38
2026-05-09T13:11:51.2298050Z,EQ-4,98.82,40.98
2026-05-09T13:12:01.2298050Z,EQ-4,88.21,48.44
2026-05-09T13:12:11.2298050Z,EQ-2,93.12,42.97
2026-05-09T13:12:21.2298050Z,EQ-3,93.52,46.20
2026-05-09T13:12:31.2298050Z,EQ-3,86.64,45.21
2026-05-09T13:12:41.2298050Z,EQ-2,89.10,45.38
2026-05-09T13:12:51.2298050Z,EQ-2,86.93,45.84
2026-05-09T13:13:01.2298050Z,EQ-4,88.96,40.75
2026-05-09T13:13:11.2298050Z,EQ-2,85.30,45.94
2026-05-09T13:13:21.2298050Z,EQ-3,94.54,45.76
2026-05-09T13:13:31.2298050Z,EQ-2,87.59,49.45
2026-05-09T13:13:41.2298050Z,EQ-3,88.07,46.08
2026-05-09T13:13:51.2298050Z,EQ-1,91.96,44.14
2026-05-09T13:14:01.2298050Z,EQ-1,90.62,40.61
2026-05-09T13:14:11.2298050Z,EQ-4,85.32,47.39
2026-05-09T13:14:21.2298050Z,EQ-3,92.27,42.72
2026-05-09T13:14:31.2298050Z,EQ-1,97.44,49.09
2026-05-09T13:14:41.2298050Z,EQ-3,91.95,42.91
2026-05-09T13:14:51.2298050Z,EQ-4,88.27,45.71
2026-05-09T13:15:01.2298050Z,EQ-4,96.51,43.68
2026-05-09T13:15:11.2298050Z,EQ-3,93.42,48.61
2026-05-09T13:15:21.2298050Z,EQ-1,88.69,43.19
2026-05-09T13:15:31.2298050Z,EQ-2,88.93,47.48
2026-05-09T13:15:41.2298050Z,EQ-4,94.51,44.50
2026-05-09T13:15:51.2298050Z,EQ-2,98.88,47.58
2026-05-09T13:16:01.2298050Z,EQ-1,95.97,43.06
2026-05-09T13:16:11.2298050Z,EQ-2,96.10,40.09
2026-05-09T13:16:21.2298050Z,EQ-4,93.88,46.66
2026-05-09T13:16:31.2298050Z,EQ-3,93.06,42.78
2026-05-09T13:16:41.2298050Z,EQ-3,96.87,44.61
2026-05-09T13:16:51.2298050Z,EQ-1,91.13,49.86
2026-05-09T13:17:01.2298050Z,EQ-3,88.84,49.04
2026-05-09T13:17:11.2298050Z,EQ-1,87.94,44.57
2026-05-09T13:17:21.2298050Z,EQ-4,98.96,42.04
2026-05-09T13:17:31.2298050Z,EQ-1,85.42,40.94
2026-05-09T13:17:41.2298050Z,EQ-3,97.87,42.54
2026-05-09T13:17:51.2298050Z,EQ-1,98.10,45.45
2026-05-09T13:18:01.2298050Z,EQ-4,97.36,43.09
2026-05-09T13:18:11.2298050Z,EQ-2,97.52,47.70
2026-05-09T13:18:21.2298050Z,EQ-4,92.60,48.49
2026-05-09T13:18:31.2298050Z,EQ-1,98.42,49.63
2026-05-09T13:18:41.2298050Z,EQ-2,88.12,48.13
2026-05-09T13:18:51.2298050Z,EQ-1,94.00,41.14
2026-05-09T13:19:01.2298050Z,EQ-4,87.17,44.50
2026-05-09T13:19:11.2298050Z,EQ-1,85.03,48.02
2026-05-09T13:19:21.2298050Z,EQ-3,99.15,49.41
2026-05-09T13:19:31.2298050Z,EQ-2,99.78,48.51
2026-05-09T13:19:41.2298050Z,EQ-4,88.25,49.55
2026-05-09T13:19:51.2298050Z,EQ-3,96.72,43.31
2026-05-09T13:20:01.2298050Z,EQ-1,94.86,44.41
2026-05-09T13:20:11.2298050Z,EQ-2,95.50,44.02
2026-05-09T13:20:21.2298050Z,EQ-4,90.62,43.56
2026-05-09T13:20:31.2298050Z,EQ-2,86.52,45.37
2026-05-09T13:20:41.2298050Z,EQ-3,87.41,44.32
2026-05-09T13:20:51.2298050Z,EQ-1,93.99,41.75
2026-05-09T13:21:01.2298050Z,EQ-1,99.01,43.42
2026-05-09T13:21:11.2298050Z,EQ-3,89.76,48.38
2026-05-09T13:21:21.2298050Z,EQ-2,96.57,47.92
2026-05-09T13:21:31.2298050Z,EQ-4,97.32,47.63
2026-05-09T13:21:41.2298050Z,EQ-3,87.73,49.17
2026-05-09T13:21:51.2298050Z,EQ-2,86.98,43.14
2026-05-09T13:22:01.2298050Z,EQ-2,95.10,44.56
2026-05-09T13:22:11.2298050Z,EQ-4,95.83,47.25
2026-05-09T13:22:21.2298050Z,EQ-4,97.34,47.33
2026-05-09T13:22:31.2298050Z,EQ-2,93.67,41.87
2026-05-09T13:22:41.2298050Z,EQ-3,87.81,42.26
2026-05-09T13:22:51.2298050Z,EQ-4,88.37,48.18
2026-05-09T13:23:01.2298050Z,EQ-1,93.88,42.03
2026-05-09T13:23:11.2298050Z,EQ-4,98.03,46.72
2026-05-09T13:23:21.2298050Z,EQ-1,97.11,45.22
2026-05-09T13:23:31.2298050Z,EQ-1,90.47,48.75
2026-05-09T13:23:41.2298050Z,EQ-2,92.65,43.19
2026-05-09T13:23:51.2298050Z,EQ-3,85.57,41.87
2026-05-09T13:24:01.2298050Z,EQ-4,95.09,43.87
2026-05-09T13:24:11.2298050Z,EQ-3,92.17,41.35
2026-05-09T13:24:21.2298050Z,EQ-1,88.25,40.37
2026-05-09T13:24:31.2298050Z,EQ-3,94.52,42.88
2026-05-09T13:24:41.2298050Z,EQ-1,95.77,49.22
2026-05-09T13:24:51.2298050Z,EQ-1,86.11,42.17
2026-05-09T13:25:01.2298050Z,EQ-3,96.16,46.48
2026-05-09T13:25:11.2298050Z,EQ-1,85.58,45.49
2026-05-09T13:25:21.2298050Z,EQ-2,96.85,48.70
2026-05-09T13:25:31.2298050Z,EQ-4,98.17,48.89
2026-05-09T13:25:41.2298050Z,EQ-2,87.32,43.88
2026-05-09T13:25:51.2298050Z,EQ-2,87.53,48.73
2026-05-09T13:26:01.2298050Z,EQ-4,94.84,48.63
2026-05-09T13:26:11.2298050Z,EQ-1,89.72,40.04
2026-05-09T13:26:21.2298050Z,EQ-2,91.01,44.18
2026-05-09T13:26:31.2298050Z,EQ-2,91.05,41.77
2026-05-09T13:26:41.2298050Z,EQ-4,96.49,46.13
2026-05-09T13:26:51.2298050Z,EQ-4,86.09,49.13
2026-05-09T13:27:01.2298050Z,EQ-4,85.09,43.42
2026-05-09T13:27:11.2298050Z,EQ-4,95.32,43.93
2026-05-09T13:27:21.2298050Z,EQ-4,87.25,40.81
2026-05-09T13:27:31.2298050Z,EQ-3,87.64,49.03
2026-05-09T13:27:41.2298050Z,EQ-3,88.97,44.34
2026-05-09T13:27:51.2298050Z,EQ-1,85.30,46.05
2026-05-09T13:28:01.2298050Z,EQ-4,99.30,44.87
2026-05-09T13:28:11.2298050Z,EQ-3,89.40,48.66
2026-05-09T13:28:21.2298050Z,EQ-4,89.39,45.56
2026-05-09T13:28:31.2298050Z,EQ-4,86.45,45.53
2026-05-09T13:28:41.2298050Z,EQ-3,86.81,48.31
2026-05-09T13:28:51.2298050Z,EQ-2,89.77,47.31
2026-05-09T13:29:01.2298050Z,EQ-3,99.72,47.83
2026-05-09T13:29:11.2298050Z,EQ-2,95.73,40.36
2026-05-09T13:29:21.2298050Z,EQ-3,92.79,44.55
2026-05-09T13:29:31.2298050Z,EQ-1,88.44,45.37
2026-05-09T13:29:41.2298050Z,EQ-2,99.16,44.14
2026-05-09T13:29:51.2298050Z,EQ-1,85.86,48.52
2026-05-09T13:30:01.2298050Z,EQ-3,98.78,44.12
2026-05-09T13:30:11.2298050Z,EQ-2,87.74,49.72
2026-05-09T13:30:21.2298050Z,EQ-3,93.49,41.76
2026-05-09T13:30:31.2298050Z,EQ-3,87.82,48.11
2026-05-09T13:30:41.2298050Z,EQ-4,96.83,43.03
2026-05-09T13:30:51.2298050Z,EQ-3,91.53,46.35
2026-05-09T13:31:01.2298050Z,EQ-4,93.09,50.00
2026-05-09T13:31:11.2298050Z,EQ-2,90.25,40.47
2026-05-09T13:31:21.2298050Z,EQ-2,91.22,46.07
2026-05-09T13:31:31.2298050Z,EQ-2,86.58,46.19
2026-05-09T13:31:41.2298050Z,EQ-4,90.38,42.12
2026-05-09T13:31:51.2298050Z,EQ-3,85.98,46.26
2026-05-09T13:32:01.2298050Z,EQ-2,98.94,49.41
2026-05-09T13:32:11.2298050Z,EQ-3,92.57,40.47
2026-05-09T13:32:21.2298050Z,EQ-2,87.68,43.88
2026-05-09T13:32:31.2298050Z,EQ-1,93.20,47.83
2026-05-09T13:32:41.2298050Z,EQ-4,98.64,44.26
2026-05-09T13:32:51.2298050Z,EQ-3,96.91,42.15
2026-05-09T13:33:01.2298050Z,EQ-2,93.92,45.47
2026-05-09T13:33:11.2298050Z,EQ-4,88.54,46.03
2026-05-09T13:33:21.2298050Z,EQ-4,95.66,41.29
2026-05-09T13:33:31.2298050Z,EQ-3,93.76,40.98
2026-05-09T13:33:41.2298050Z,EQ-4,86.75,45.25
2026-05-09T13:33:51.2298050Z,EQ-4,99.28,48.56
2026-05-09T13:34:01.2298050Z,EQ-3,99.79,46.00
2026-05-09T13:34:11.2298050Z,EQ-3,95.93,47.49
2026-05-09T13:34:21.2298050Z,EQ-2,92.05,41.51
2026-05-09T13:34:31.2298050Z,EQ-3,98.27,42.64
2026-05-09T13:34:41.2298050Z,EQ-1,96.63,49.24
2026-05-09T13:34:51.2298050Z,EQ-1,87.11,44.62
2026-05-09T13:35:01.2298050Z,EQ-4,85.51,41.46
2026-05-09T13:35:11.2298050Z,EQ-1,88.36,41.47
2026-05-09T13:35:21.2298050Z,EQ-4,88.72,40.91
2026-05-09T13:35:31.2298050Z,EQ-1,90.62,41.16
2026-05-09T13:35:41.2298050Z,EQ-2,97.58,47.13
2026-05-09T13:35:51.2298050Z,EQ-3,85.95,44.62
2026-05-09T13:36:01.2298050Z,EQ-3,86.72,40.24
2026-05-09T13:36:11.2298050Z,EQ-2,93.29,40.99
2026-05-09T13:36:21.2298050Z,EQ-1,91.31,43.12
2026-05-09T13:36:31.2298050Z,EQ-3,86.63,42.65
2026-05-09T13:36:41.2298050Z,EQ-3,95.88,42.17
2026-05-09T13:36:51.2298050Z,EQ-3,97.69,49.98
2026-05-09T13:37:01.2298050Z,EQ-1,95.62,46.98
2026-05-09T13:37:11.2298050Z,EQ-1,94.12,44.25
2026-05-09T13:37:21.2298050Z,EQ-1,85.52,49.56
2026-05-09T13:37:31.2298050Z,EQ-3,97.82,40.37
2026-05-09T13:37:41.2298050Z,EQ-1,87.49,46.28
2026-05-09T13:37:51.2298050Z,EQ-4,98.57,42.82
2026-05-09T13:38:01.2298050Z,EQ-3,92.64,47.53
2026-05-09T13:38:11.2298050Z,EQ-3,96.71,46.76
2026-05-09T13:38:21.2298050Z,EQ-1,93.16,42.81
2026-05-09T13:38:31.2298050Z,EQ-4,96.62,48.17
2026-05-09T13:38:41.2298050Z,EQ-1,98.00,44.76
2026-05-09T13:38:51.2298050Z,EQ-2,91.07,48.94
2026-05-09T13:39:01.2298050Z,EQ-4,90.80,48.83
2026-05-09T13:39:11.2298050Z,EQ-2,90.07,49.60
2026-05-09T13:39:21.2298050Z,EQ-3,97.44,43.01
2026-05-09T13:39:31.2298050Z,EQ-2,97.08,41.97
2026-05-09T13:39:41.2298050Z,EQ-3,94.79,42.75
2026-05-09T13:39:51.2298050Z,EQ-4,98.32,41.74
2026-05-09T13:40:01.2298050Z,EQ-3,91.21,40.85
2026-05-09T13:40:11.2298050Z,EQ-4,93.94,48.31
2026-05-09T13:40:21.2298050Z,EQ-4,98.47,45.45
2026-05-09T13:40:31.2298050Z,EQ-3,96.53,45.33
2026-05-09T13:40:41.2298050Z,EQ-1,96.20,45.67
2026-05-09T13:40:51.2298050Z,EQ-3,96.38,42.23
2026-05-09T13:41:01.2298050Z,EQ-4,99.10,45.74
2026-05-09T13:41:11.2298050Z,EQ-1,85.26,45.86
2026-05-09T13:41:21.2298050Z,EQ-1,99.32,47.66
2026-05-09T13:41:31.2298050Z,EQ-3,85.41,48.82
2026-05-09T13:41:41.2298050Z,EQ-2,91.75,45.88
2026-05-09T13:41:51.2298050Z,EQ-3,87.81,48.01
2026-05-09T13:42:01.2298050Z,EQ-2,97.68,49.77
2026-05-09T13:42:11.2298050Z,EQ-2,91.75,45.28
2026-05-09T13:42:21.2298050Z,EQ-4,98.70,42.58
2026-05-09T13:42:31.2298050Z,EQ-2,88.96,48.63
2026-05-09T13:42:41.2298050Z,EQ-1,88.92,46.21
2026-05-09T13:42:51.2298050Z,EQ-1,97.34,44.39
2026-05-09T13:43:01.2298050Z,EQ-2,97.61,40.12
2026-05-09T13:43:11.2298050Z,EQ-4,96.57,40.82
2026-05-09T13:43:21.2298050Z,EQ-1,93.16,41.76
2026-05-09T13:43:31.2298050Z,EQ-1,95.21,48.71
2026-05-09T13:43:41.2298050Z,EQ-4,89.53,45.42
2026-05-09T13:43:51.2298050Z,EQ-4,90.17,47.73
2026-05-09T13:44:01.2298050Z,EQ-1,86.35,47.58
2026-05-09T13:44:11.2298050Z,EQ-2,92.22,45.47
2026-05-09T13:44:21.2298050Z,EQ-3,85.57,40.34
2026-05-09T13:44:31.2298050Z,EQ-3,89.94,43.61
2026-05-09T13:44:41.2298050Z,EQ-4,98.88,44.11
2026-05-09T13:44:51.2298050Z,EQ-1,99.09,47.16
2026-05-09T13:45:01.2298050Z,EQ-4,95.05,45.44
2026-05-09T13:45:11.2298050Z,EQ-1,87.04,42.00
2026-05-09T13:45:21.2298050Z,EQ-4,86.83,49.29
2026-05-09T13:45:31.2298050Z,EQ-4,89.00,42.89
2026-05-09T13:45:41.2298050Z,EQ-3,95.88,41.77
2026-05-09T13:45:51.2298050Z,EQ-4,95.74,45.74
2026-05-09T13:46:01.2298050Z,EQ-2,86.48,49.97
2026-05-09T13:46:11.2298050Z,EQ-3,91.01,42.53
2026-05-09T13:46:21.2298050Z,EQ-2,86.47,47.11
2026-05-09T13:46:31.2298050Z,EQ-2,90.91,49.99
2026-05-09T13:46:41.2298050Z,EQ-2,99.26,41.34
2026-05-09T13:46:51.2298050Z,EQ-2,86.16,40.32
2026-05-09T13:47:01.2298050Z,EQ-2,88.42,46.55
2026-05-09T13:47:11.2298050Z,EQ-2,94.86,45.68
2026-05-09T13:47:21.2298050Z,EQ-3,94.81,44.23
2026-05-09T13:47:31.2298050Z,EQ-3,91.51,46.48
2026-05-09T13:47:41.2298050Z,EQ-4,97.68,45.50
2026-05-09T13:47:51.2298050Z,EQ-2,90.19,46.15
2026-05-09T13:48:01.2298050Z,EQ-2,93.79,46.78
2026-05-09T13:48:11.2298050Z,EQ-2,91.63,49.49
2026-05-09T13:48:21.2298050Z,EQ-1,94.78,44.89
2026-05-09T13:48:31.2298050Z,EQ-4,90.38,48.81
2026-05-09T13:48:41.2298050Z,EQ-1,95.69,40.88
2026-05-09T13:48:51.2298050Z,EQ-2,90.45,48.06
2026-05-09T13:49:01.2298050Z,EQ-3,89.87,42.89
2026-05-09T13:49:11.2298050Z,EQ-2,99.33,45.25
2026-05-09T13:49:21.2298050Z,EQ-4,91.78,40.51
2026-05-09T13:49:31.2298050Z,EQ-4,99.53,44.80
2026-05-09T13:49:41.2298050Z,EQ-1,89.23,49.71
2026-05-09T13:49:51.2298050Z,EQ-3,93.09,49.75
2026-05-09T13:50:01.2298050Z,EQ-2,87.95,42.36
2026-05-09T13:50:11.2298050Z,EQ-3,97.66,43.86
2026-05-09T13:50:21.2298050Z,EQ-2,91.33,47.65
2026-05-09T13:50:31.2298050Z,EQ-1,91.04,45.80
2026-05-09T13:50:41.2298050Z,EQ-2,95.65,48.93
2026-05-09T13:50:51.2298050Z,EQ-2,90.27,46.26
2026-05-09T13:51:01.2298050Z,EQ-3,93.55,41.85
2026-05-09T13:51:11.2298050Z,EQ-3,98.85,49.70
2026-05-09T13:51:21.2298050Z,EQ-2,94.57,41.24
2026-05-09T13:51:31.2298050Z,EQ-4,93.57,42.99
2026-05-09T13:51:41.2298050Z,EQ-3,89.12,44.86
2026-05-09T13:51:51.2298050Z,EQ-3,92.88,49.08
2026-05-09T13:52:01.2298050Z,EQ-2,99.56,48.26
2026-05-09T13:52:11.2298050Z,EQ-1,91.02,47.75
2026-05-09T13:52:21.2298050Z,EQ-1,97.04,46.34
2026-05-09T13:52:31.2298050Z,EQ-3,95.77,42.72
2026-05-09T13:52:41.2298050Z,EQ-2,96.51,48.91
2026-05-09T13:52:51.2298050Z,EQ-4,97.86,40.84
2026-05-09T13:53:01.2298050Z,EQ-4,99.94,41.14
2026-05-09T13:53:11.2298050Z,EQ-4,91.56,43.00
2026-05-09T13:53:21.2298050Z,EQ-2,88.74,48.47
2026-05-09T13:53:31.2298050Z,EQ-4,93.48,41.06
2026-05-09T13:53:41.2298050Z,EQ-1,91.49,46.21
2026-05-09T13:53:51.2298050Z,EQ-2,90.05,49.08
2026-05-09T13:54:01.2298050Z,EQ-3,98.02,42.98
2026-05-09T13:54:11.2298050Z,EQ-3,93.12,48.52
2026-05-09T13:54:21.2298050Z,EQ-4,92.35,44.31
2026-05-09T13:54:31.2298050Z,EQ-1,92.43,47.80
2026-05-09T13:54:41.2298050Z,EQ-4,96.12,43.11
2026-05-09T13:54:51.2298050Z,EQ-4,94.91,42.68
2026-05-09T13:55:01.2298050Z,EQ-3,96.31,43.96
2026-05-09T13:55:11.2298050Z,EQ-3,93.49,43.57
2026-05-09T13:55:21.2298050Z,EQ-3,89.05,41.60
2026-05-09T13:55:31.2298050Z,EQ-1,94.24,49.07
2026-05-09T13:55:41.2298050Z,EQ-1,91.96,42.30
2026-05-09T13:55:51.2298050Z,EQ-2,99.38,44.29
2026-05-09T13:56:01.2298050Z,EQ-1,99.42,46.83
2026-05-09T13:56:11.2298050Z,EQ-2,88.44,49.40
2026-05-09T13:56:21.2298050Z,EQ-2,95.27,40.96
2026-05-09T13:56:31.2298050Z,EQ-3,97.96,46.91
2026-05-09T13:56:41.2298050Z,EQ-2,91.90,42.19
2026-05-09T13:56:51.2298050Z,EQ-4,94.61,49.96
2026-05-09T13:57:01.2298050Z,EQ-1,87.29,49.48
2026-05-09T13:57:11.2298050Z,EQ-3,87.38,45.89
2026-05-09T13:57:21.2298050Z,EQ-1,89.91,49.72
2026-05-09T13:57:31.2298050Z,EQ-3,88.05,49.36
2026-05-09T13:57:41.2298050Z,EQ-1,92.95,49.76
2026-05-09T13:57:51.2298050Z,EQ-4,91.70,48.49
2026-05-09T13:58:01.2298050Z,EQ-4,91.21,47.79
2026-05-09T13:58:11.2298050Z,EQ-1,94.72,45.70
2026-05-09T13:58:21.2298050Z,EQ-2,90.52,47.78
2026-05-09T13:58:31.2298050Z,EQ-3,92.06,46.24
2026-05-09T13:58:41.2298050Z,EQ-3,87.27,44.28
2026-05-09T13:58:51.2298050Z,EQ-2,96.83,43.40
2026-05-09T13:59:01.2298050Z,EQ-1,96.09,40.81
2026-05-09T13:59:11.2298050Z,EQ-3,87.70,43.94
2026-05-09T13:59:21.2298050Z,EQ-4,93.38,48.02
2026-05-09T13:59:31.2298050Z,EQ-4,92.11,45.97
2026-05-09T13:59:41.2298050Z,EQ-3,86.19,45.57
2026-05-09T13:59:51.2298050Z,EQ-1,92.59,45.63
2026-05-09T14:00:01.2298050Z,EQ-1,86.83,44.21
2026-05-09T14:00:11.2298050Z,EQ-1,94.08,48.63
2026-05-09T14:00:21.2298050Z,EQ-2,94.59,41.25
2026-05-09T14:00:31.2298050Z,EQ-4,89.59,44.55
2026-05-09T14:00:41.2298050Z,EQ-3,93.24,40.68
2026-05-09T14:00:51.2298050Z,EQ-4,96.51,46.17
2026-05-09T14:01:01.2298050Z,EQ-1,86.48,44.68
2026-05-09T14:01:11.2298050Z,EQ-1,92.54,42.76
2026-05-09T14:01:21.2298050Z,EQ-4,85.63,47.45
2026-05-09T14:01:31.2298050Z,EQ-2,97.77,45.79
2026-05-09T14:01:41.2298050Z,EQ-1,85.70,43.63
2026-05-09T14:01:51.2298050Z,EQ-4,85.89,46.66
2026-05-09T14:02:01.2298050Z,EQ-2,88.56,48.94
2026-05-09T14:02:11.2298050Z,EQ-1,89.76,44.57
2026-05-09T14:02:21.2298050Z,EQ-2,92.10,48.44
2026-05-09T14:02:31.2298050Z,EQ-4,88.64,48.09
2026-05-09T14:02:41.2298050Z,EQ-1,90.62,41.52
2026-05-09T14:02:51.2298050Z,EQ-1,94.14,48.49
2026-05-09T14:03:01.2298050Z,EQ-4,97.48,49.18
2026-05-09T14:03:11.2298050Z,EQ-3,91.61,40.08
2026-05-09T14:03:21.2298050Z,EQ-3,87.37,45.20
2026-05-09T14:03:31.2298050Z,EQ-1,94.84,48.74
2026-05-09T14:03:41.2298050Z,EQ-1,94.54,45.61
2026-05-09T14:03:51.2298050Z,EQ-3,94.69,42.93
2026-05-09T14:04:01.2298050Z,EQ-3,97.76,44.51
2026-05-09T14:04:11.2298050Z,EQ-1,99.00,43.47
2026-05-09T14:04:21.2298050Z,EQ-2,91.58,49.54
2026-05-09T14:04:31.2298050Z,EQ-1,91.51,43.53
2026-05-09T14:04:41.2298050Z,EQ-1,96.34,40.28
2026-05-09T14:04:51.2298050Z,EQ-1,98.93,48.99
2026-05-09T14:05:01.2298050Z,EQ-4,86.35,47.02
2026-05-09T14:05:11.2298050Z,EQ-2,98.62,44.80
2026-05-09T14:05:21.2298050Z,EQ-3,95.20,46.28
2026-05-09T14:05:31.2298050Z,EQ-2,91.61,44.50
2026-05-09T14:05:41.2298050Z,EQ-3,86.34,46.91
2026-05-09T14:05:51.2298050Z,EQ-3,87.33,49.78
2026-05-09T14:06:01.2298050Z,EQ-2,93.61,44.62
2026-05-09T14:06:11.2298050Z,EQ-3,86.03,42.52
2026-05-09T14:06:21.2298050Z,EQ-3,88.96,42.32
2026-05-09T14:06:31.2298050Z,EQ-2,94.63,48.05
2026-05-09T14:06:41.2298050Z,EQ-2,98.74,45.75
2026-05-09T14:06:51.2298050Z,EQ-2,86.30,46.49
2026-05-09T14:07:01.2298050Z,EQ-4,92.36,46.50
2026-05-09T14:07:11.2298050Z,EQ-1,88.63,44.20
2026-05-09T14:07:21.2298050Z,EQ-4,87.52,47.05
2026-05-09T14:07:31.2298050Z,EQ-3,88.99,48.69
2026-05-09T14:07:41.2298050Z,EQ-3,89.40,43.46
2026-05-09T14:07:51.2298050Z,EQ-4,93.38,49.01
2026-05-09T14:08:01.2298050Z,EQ-2,91.17,42.31
2026-05-09T14:08:11.2298050Z,EQ-4,87.73,45.40
2026-05-09T14:08:21.2298050Z,EQ-4,97.95,46.88
2026-05-09T14:08:31.2298050Z,EQ-2,98.50,44.99
2026-05-09T14:08:41.2298050Z,EQ-4,88.65,49.03
2026-05-09T14:08:51.2298050Z,EQ-3,90.11,40.12
2026-05-09T14:09:01.2298050Z,EQ-4,99.76,46.47
2026-05-09T14:09:11.2298050Z,EQ-2,90.62,48.13
2026-05-09T14:09:21.2298050Z,EQ-3,95.79,40.92
2026-05-09T14:09:31.2298050Z,EQ-3,90.03,45.33
2026-05-09T14:09:41.2298050Z,EQ-4,98.10,47.63
2026-05-09T14:09:51.2298050Z,EQ-4,95.51,45.36
2026-05-09T14:10:01.2298050Z,EQ-2,85.64,46.82
2026-05-09T14:10:11.2298050Z,EQ-1,97.57,40.62
2026-05-09T14:10:21.2298050Z,EQ-3,95.57,49.25
2026-05-09T14:10:31.2298050Z,EQ-3,99.30,42.68
2026-05-09T14:10:41.2298050Z,EQ-2,91.84,48.28
2026-05-09T14:10:51.2298050Z,EQ-2,99.82,40.18
2026-05-09T14:11:01.2298050Z,EQ-4,96.18,49.98
2026-05-09T14:11:11.2298050Z,EQ-1,87.63,43.78
2026-05-09T14:11:21.2298050Z,EQ-1,86.53,47.07
2026-05-09T14:11:31.2298050Z,EQ-4,95.48,48.65
2026-05-09T14:11:41.2298050Z,EQ-4,95.80,42.75
2026-05-09T14:11:51.2298050Z,EQ-1,88.00,44.41
2026-05-09T14:12:01.2298050Z,EQ-1,87.20,46.92
2026-05-09T14:12:11.2298050Z,EQ-2,87.11,42.69
2026-05-09T14:12:21.2298050Z,EQ-4,97.89,49.43
2026-05-09T14:12:31.2298050Z,EQ-2,85.18,42.46
2026-05-09T14:12:41.2298050Z,EQ-4,86.67,48.78
2026-05-09T14:12:51.2298050Z,EQ-1,90.23,47.13
2026-05-09T14:13:01.2298050Z,EQ-4,91.26,43.10
2026-05-09T14:13:11.2298050Z,EQ-2,99.01,44.26
2026-05-09T14:13:21.2298050Z,EQ-2,92.61,40.40
2026-05-09T14:13:31.2298050Z,EQ-3,88.29,41.53
2026-05-09T14:13:41.2298050Z,EQ-3,88.27,41.52
2026-05-09T14:13:51.2298050Z,EQ-1,98.22,47.20
2026-05-09T14:14:01.2298050Z,EQ-4,93.88,45.99
2026-05-09T14:14:11.2298050Z,EQ-4,95.61,40.56
2026-05-09T14:14:21.2298050Z,EQ-1,88.76,46.43
2026-05-09T14:14:31.2298050Z,EQ-2,90.07,41.51
2026-05-09T14:14:41.2298050Z,EQ-2,87.35,46.62
2026-05-09T14:14:51.2298050Z,EQ-1,92.10,45.90
2026-05-09T14:15:01.2298050Z,EQ-2,94.17,44.74
2026-05-09T14:15:11.2298050Z,EQ-4,98.44,49.20
2026-05-09T14:15:21.2298050Z,EQ-3,96.17,46.73
2026-05-09T14:15:31.2298050Z,EQ-3,96.79,49.73
2026-05-09T14:15:41.2298050Z,EQ-4,85.70,48.84
2026-05-09T14:15:51.2298050Z,EQ-3,93.96,47.33
2026-05-09T14:16:01.2298050Z,EQ-4,88.09,40.22
2026-05-09T14:16:11.2298050Z,EQ-1,91.03,45.88
2026-05-09T14:16:21.2298050Z,EQ-3,96.49,41.19
2026-05-09T14:16:31.2298050Z,EQ-4,89.38,45.94
2026-05-09T14:16:41.2298050Z,EQ-1,86.12,41.70
2026-05-09T14:16:51.2298050Z,EQ-2,92.17,43.71
2026-05-09T14:17:01.2298050Z,EQ-1,98.18,42.08
2026-05-09T14:17:11.2298050Z,EQ-3,89.32,42.97
2026-05-09T14:17:21.2298050Z,EQ-1,91.08,41.48
2026-05-09T14:17:31.2298050Z,EQ-2,99.08,49.79
2026-05-09T14:17:41.2298050Z,EQ-3,95.16,48.80
2026-05-09T14:17:51.2298050Z,EQ-3,94.77,46.70
2026-05-09T14:18:01.2298050Z,EQ-4,91.92,41.39
2026-05-09T14:18:11.2298050Z,EQ-3,90.31,40.69
2026-05-09T14:18:21.2298050Z,EQ-1,95.83,44.80
2026-05-09T14:18:31.2298050Z,EQ-4,99.08,44.06
2026-05-09T14:18:41.2298050Z,EQ-1,99.89,45.51
2026-05-09T14:18:51.2298050Z,EQ-4,88.86,48.61
2026-05-09T14:19:01.2298050Z,EQ-1,99.23,46.33
2026-05-09T14:19:11.2298050Z,EQ-4,86.37,41.28
2026-05-09T14:19:21.2298050Z,EQ-2,91.66,43.67
2026-05-09T14:19:31.2298050Z,EQ-2,92.93,46.88
2026-05-09T14:19:41.2298050Z,EQ-1,86.68,40.14
2026-05-09T14:19:51.2298050Z,EQ-2,92.93,45.95
2026-05-09T14:20:01.2298050Z,EQ-2,87.48,43.57
2026-05-09T14:20:11.2298050Z,EQ-2,96.47,41.62
2026-05-09T14:20:21.2298050Z,EQ-3,98.77,45.69
2026-05-09T14:20:31.2298050Z,EQ-3,90.21,44.29
2026-05-09T14:20:41.2298050Z,EQ-1,93.64,48.73
2026-05-09T14:20:51.2298050Z,EQ-4,86.69,41.36
2026-05-09T14:21:01.2298050Z,EQ-1,96.95,42.61
2026-05-09T14:21:11.2298050Z,EQ-2,98.91,48.02
2026-05-09T14:21:21.2298050Z,EQ-4,91.19,45.18
2026-05-09T14:21:31.2298050Z,EQ-4,94.80,44.78
2026-05-09T14:21:41.2298050Z,EQ-4,95.03,47.55
2026-05-09T14:21:51.2298050Z,EQ-1,90.19,41.89
2026-05-09T14:22:01.2298050Z,EQ-1,94.71,44.71
2026-05-09T14:22:11.2298050Z,EQ-1,90.75,42.88
2026-05-09T14:22:21.2298050Z,EQ-2,93.60,44.33
2026-05-09T14:22:31.2298050Z,EQ-2,94.14,48.29
2026-05-09T14:22:41.2298050Z,EQ-3,99.83,46.58
2026-05-09T14:22:51.2298050Z,EQ-4,88.62,44.10
2026-05-09T14:23:01.2298050Z,EQ-3,95.71,43.30
2026-05-09T14:23:11.2298050Z,EQ-1,85.42,40.05
2026-05-09T14:23:21.2298050Z,EQ-2,90.61,47.96
2026-05-09T14:23:31.2298050Z,EQ-4,92.27,47.77
2026-05-09T14:23:41.2298050Z,EQ-4,93.34,48.65
2026-05-09T14:23:51.2298050Z,EQ-2,91.51,40.90
2026-05-09T14:24:01.2298050Z,EQ-3,95.86,45.14
2026-05-09T14:24:11.2298050Z,EQ-1,86.14,41.91
2026-05-09T14:24:21.2298050Z,EQ-4,96.30,40.22
2026-05-09T14:24:31.2298050Z,EQ-2,86.04,46.63
2026-05-09T14:24:41.2298050Z,EQ-2,87.78,45.74
2026-05-09T14:24:51.2298050Z,EQ-2,89.19,45.15
2026-05-09T14:25:01.2298050Z,EQ-2,93.66,42.76
2026-05-09T14:25:11.2298050Z,EQ-2,92.86,49.63
2026-05-09T14:25:21.2298050Z,EQ-2,92.73,45.35
2026-05-09T14:25:31.2298050Z,EQ-3,97.17,40.15
2026-05-09T14:25:41.2298050Z,EQ-2,98.47,48.50
2026-05-09T14:25:51.2298050Z,EQ-2,99.67,45.51
2026-05-09T14:26:01.2298050Z,EQ-1,89.67,49.07
2026-05-09T14:26:11.2298050Z,EQ-2,96.78,40.30
2026-05-09T14:26:21.2298050Z,EQ-2,95.97,44.54
2026-05-09T14:26:31.2298050Z,EQ-2,93.96,40.41
2026-05-09T14:26:41.2298050Z,EQ-1,99.52,47.36
2026-05-09T14:26:51.2298050Z,EQ-1,87.51,44.68
2026-05-09T14:27:01.2298050Z,EQ-4,85.67,42.66
2026-05-09T14:27:11.2298050Z,EQ-3,99.66,43.96
2026-05-09T14:27:21.2298050Z,EQ-3,88.09,43.72
2026-05-09T14:27:31.2298050Z,EQ-1,92.67,43.69
2026-05-09T14:27:41.2298050Z,EQ-4,93.76,41.99
2026-05-09T14:27:51.2298050Z,EQ-3,99.57,47.59
2026-05-09T14:28:01.2298050Z,EQ-2,98.44,40.03
2026-05-09T14:28:11.2298050Z,EQ-1,93.58,49.33
2026-05-09T14:28:21.2298050Z,EQ-1,96.96,47.26
2026-05-09T14:28:31.2298050Z,EQ-3,92.03,42.98
2026-05-09T14:28:41.2298050Z,EQ-2,92.65,48.25
2026-05-09T14:28:51.2298050Z,EQ-1,90.36,40.28
2026-05-09T14:29:01.2298050Z,EQ-3,86.29,44.93
2026-05-09T14:29:11.2298050Z,EQ-1,99.28,44.30
2026-05-09T14:29:21.2298050Z,EQ-4,90.62,42.40
2026-05-09T14:29:31.2298050Z,EQ-2,95.96,43.57
2026-05-09T14:29:41.2298050Z,EQ-2,97.83,43.22
2026-05-09T14:29:51.2298050Z,EQ-1,91.92,48.85
2026-05-09T14:30:01.2298050Z,EQ-4,88.25,44.65
2026-05-09T14:30:11.2298050Z,EQ-3,98.69,45.85
2026-05-09T14:30:21.2298050Z,EQ-3,97.65,47.92
2026-05-09T14:30:31.2298050Z,EQ-4,85.60,44.07
2026-05-09T14:30:41.2298050Z,EQ-4,98.13,44.70
2026-05-09T14:30:51.2298050Z,EQ-2,92.35,48.90
2026-05-09T14:31:01.2298050Z,EQ-1,90.13,43.46
2026-05-09T14:31:11.2298050Z,EQ-1,86.61,42.26
2026-05-09T14:31:21.2298050Z,EQ-1,94.22,43.26
2026-05-09T14:31:31.2298050Z,EQ-2,98.38,48.85
2026-05-09T14:31:41.2298050Z,EQ-4,96.91,49.35
2026-05-09T14:31:51.2298050Z,EQ-3,87.58,43.58
2026-05-09T14:32:01.2298050Z,EQ-2,90.15,47.28
2026-05-09T14:32:11.2298050Z,EQ-4,98.86,45.73
2026-05-09T14:32:21.2298050Z,EQ-1,85.19,44.72
2026-05-09T14:32:31.2298050Z,EQ-2,94.25,46.18
2026-05-09T14:32:41.2298050Z,EQ-1,85.59,42.16
2026-05-09T14:32:51.2298050Z,EQ-2,94.07,40.44
2026-05-09T14:33:01.2298050Z,EQ-4,88.27,44.56
2026-05-09T14:33:11.2298050Z,EQ-1,95.73,49.86
2026-05-09T14:33:21.2298050Z,EQ-1,88.46,49.61
2026-05-09T14:33:31.2298050Z,EQ-3,95.25,47.16
2026-05-09T14:33:41.2298050Z,EQ-4,87.08,47.41
2026-05-09T14:33:51.2298050Z,EQ-4,94.44,44.20
2026-05-09T14:34:01.2298050Z,EQ-2,86.94,42.04
2026-05-09T14:34:11.2298050Z,EQ-1,87.90,49.50
2026-05-09T14:34:21.2298050Z,EQ-4,90.38,40.80
2026-05-09T14:34:31.2298050Z,EQ-4,89.52,49.43
2026-05-09T14:34:41.2298050Z,EQ-1,90.63,49.25
2026-05-09T14:34:51.2298050Z,EQ-4,89.77,49.42
2026-05-09T14:35:01.2298050Z,EQ-4,96.85,45.26
2026-05-09T14:35:11.2298050Z,EQ-4,92.14,43.66
2026-05-09T14:35:21.2298050Z,EQ-1,86.65,41.29
2026-05-09T14:35:31.2298050Z,EQ-2,94.50,45.75
2026-05-09T14:35:41.2298050Z,EQ-2,85.92,43.61
2026-05-09T14:35:51.2298050Z,EQ-1,99.24,46.33
2026-05-09T14:36:01.2298050Z,EQ-3,93.28,41.72
2026-05-09T14:36:11.2298050Z,EQ-2,91.27,41.79
2026-05-09T14:36:21.2298050Z,EQ-1,97.44,44.72
2026-05-09T14:36:31.2298050Z,EQ-4,94.05,49.77
2026-05-09T14:36:41.2298050Z,EQ-3,87.76,48.67
2026-05-09T14:36:51.2298050Z,EQ-1,89.19,44.19
2026-05-09T14:37:01.2298050Z,EQ-3,90.72,46.20
2026-05-09T14:37:11.2298050Z,EQ-1,89.51,45.53
2026-05-09T14:37:21.2298050Z,EQ-1,85.21,41.45
2026-05-09T14:37:31.2298050Z,EQ-3,93.46,44.38
2026-05-09T14:37:41.2298050Z,EQ-3,96.99,46.22
2026-05-09T14:37:51.2298050Z,EQ-4,94.66,46.63
2026-05-09T14:38:01.2298050Z,EQ-4,93.18,42.54
2026-05-09T14:38:11.2298050Z,EQ-3,89.12,44.84
2026-05-09T14:38:21.2298050Z,EQ-4,98.08,44.28
2026-05-09T14:38:31.2298050Z,EQ-1,95.75,47.16
2026-05-09T14:38:41.2298050Z,EQ-2,87.16,42.22
2026-05-09T14:38:51.2298050Z,EQ-1,94.01,48.26
2026-05-09T14:39:01.2298050Z,EQ-1,95.65,41.39
2026-05-09T14:39:11.2298050Z,EQ-2,95.04,45.15
2026-05-09T14:39:21.2298050Z,EQ-4,95.07,47.16
2026-05-09T14:39:31.2298050Z,EQ-3,88.28,43.24
2026-05-09T14:39:41.2298050Z,EQ-3,89.49,43.77
2026-05-09T14:39:51.2298050Z,EQ-3,91.95,45.02
2026-05-09T14:40:01.2298050Z,EQ-3,99.95,43.71
2026-05-09T14:40:11.2298050Z,EQ-4,92.52,40.29
2026-05-09T14:40:21.2298050Z,EQ-2,99.92,46.21
2026-05-09T14:40:31.2298050Z,EQ-1,94.65,45.92
2026-05-09T14:40:41.2298050Z,EQ-3,96.73,42.81
2026-05-09T14:40:51.2298050Z,EQ-2,94.03,41.53
2026-05-09T14:41:01.2298050Z,EQ-1,87.55,40.89
2026-05-09T14:41:11.2298050Z,EQ-1,87.25,46.81
2026-05-09T14:41:21.2298050Z,EQ-2,88.52,46.76
2026-05-09T14:41:31.2298050Z,EQ-4,89.35,46.51
2026-05-09T14:41:41.2298050Z,EQ-3,97.18,47.60
2026-05-09T14:41:51.2298050Z,EQ-3,96.54,41.56
2026-05-09T14:42:01.2298050Z,EQ-1,88.01,44.88
2026-05-09T14:42:11.2298050Z,EQ-4,89.25,44.79
2026-05-09T14:42:21.2298050Z,EQ-4,87.78,40.01
2026-05-09T14:42:31.2298050Z,EQ-3,94.67,44.16
2026-05-09T14:42:41.2298050Z,EQ-3,91.43,45.03
2026-05-09T14:42:51.2298050Z,EQ-3,88.21,46.50
2026-05-09T14:43:01.2298050Z,EQ-4,87.21,41.92
2026-05-09T14:43:11.2298050Z,EQ-1,87.66,44.77
2026-05-09T14:43:21.2298050Z,EQ-2,87.04,49.35
2026-05-09T14:43:31.2298050Z,EQ-2,99.62,41.59
2026-05-09T14:43:41.2298050Z,EQ-2,94.37,46.68
2026-05-09T14:43:51.2298050Z,EQ-2,99.02,43.10
2026-05-09T14:44:01.2298050Z,EQ-2,85.47,43.61
2026-05-09T14:44:11.2298050Z,EQ-3,97.78,46.76
2026-05-09T14:44:21.2298050Z,EQ-2,89.64,44.08
2026-05-09T14:44:31.2298050Z,EQ-3,91.55,48.54
2026-05-09T14:44:41.2298050Z,EQ-4,99.43,45.21
2026-05-09T14:44:51.2298050Z,EQ-2,93.94,40.34
2026-05-09T14:45:01.2298050Z,EQ-4,91.35,40.68
2026-05-09T14:45:11.2298050Z,EQ-3,96.93,45.74
2026-05-09T14:45:21.2298050Z,EQ-3,99.44,47.50
2026-05-09T14:45:31.2298050Z,EQ-2,91.36,42.28
2026-05-09T14:45:41.2298050Z,EQ-3,96.79,49.78
2026-05-09T14:45:51.2298050Z,EQ-2,85.91,43.97
2026-05-09T14:46:01.2298050Z,EQ-4,89.80,48.31
2026-05-09T14:46:11.2298050Z,EQ-4,99.56,49.56
2026-05-09T14:46:21.2298050Z,EQ-2,95.78,47.49
2026-05-09T14:46:31.2298050Z,EQ-1,97.05,46.41
2026-05-09T14:46:41.2298050Z,EQ-3,91.31,45.08
2026-05-09T14:46:51.2298050Z,EQ-3,96.05,44.38
2026-05-09T14:47:01.2298050Z,EQ-1,93.27,47.54
2026-05-09T14:47:11.2298050Z,EQ-1,86.71,41.42
2026-05-09T14:47:21.2298050Z,EQ-3,99.45,49.21
2026-05-09T14:47:31.2298050Z,EQ-4,94.88,40.04
2026-05-09T14:47:41.2298050Z,EQ-1,87.20,41.70
2026-05-09T14:47:51.2298050Z,EQ-2,88.31,43.50
2026-05-09T14:48:01.2298050Z,EQ-1,93.32,40.98
2026-05-09T14:48:11.2298050Z,EQ-1,86.80,45.77
2026-05-09T14:48:21.2298050Z,EQ-4,98.84,42.85
2026-05-09T14:48:31.2298050Z,EQ-3,95.65,49.68
2026-05-09T14:48:41.2298050Z,EQ-4,87.41,47.44
2026-05-09T14:48:51.2298050Z,EQ-1,95.65,40.34
2026-05-09T14:49:01.2298050Z,EQ-2,93.57,48.56
2026-05-09T14:49:11.2298050Z,EQ-3,90.24,40.23
2026-05-09T14:49:21.2298050Z,EQ-2,99.60,41.34
2026-05-09T14:49:31.2298050Z,EQ-1,88.20,41.46
2026-05-09T14:49:41.2298050Z,EQ-3,94.16,46.98
2026-05-09T14:49:51.2298050Z,EQ-1,95.54,41.72
2026-05-09T14:50:01.2298050Z,EQ-2,88.82,49.31
2026-05-09T14:50:11.2298050Z,EQ-1,94.38,43.33
2026-05-09T14:50:21.2298050Z,EQ-1,98.20,46.65
2026-05-09T14:50:31.2298050Z,EQ-2,94.90,48.47
2026-05-09T14:50:41.2298050Z,EQ-1,99.75,48.76
2026-05-09T14:50:51.2298050Z,EQ-3,85.05,44.27
2026-05-09T14:51:01.2298050Z,EQ-2,97.73,40.09
2026-05-09T14:51:11.2298050Z,EQ-1,86.47,44.35
2026-05-09T14:51:21.2298050Z,EQ-1,90.98,43.41
2026-05-09T14:51:31.2298050Z,EQ-2,90.09,42.60
2026-05-09T14:51:41.2298050Z,EQ-4,94.34,49.86
2026-05-09T14:51:51.2298050Z,EQ-3,99.06,40.46
2026-05-09T14:52:01.2298050Z,EQ-2,86.58,48.25
2026-05-09T14:52:11.2298050Z,EQ-2,98.96,48.71
2026-05-09T14:52:21.2298050Z,EQ-4,88.66,40.01
2026-05-09T14:52:31.2298050Z,EQ-3,92.47,43.33
2026-05-09T14:52:41.2298050Z,EQ-3,93.50,47.25
2026-05-09T14:52:51.2298050Z,EQ-3,87.42,48.14
2026-05-09T14:53:01.2298050Z,EQ-1,98.54,42.08
2026-05-09T14:53:11.2298050Z,EQ-2,88.01,48.89
2026-05-09T14:53:21.2298050Z,EQ-2,99.38,44.35
2026-05-09T14:53:31.2298050Z,EQ-4,91.63,42.04
2026-05-09T14:53:41.2298050Z,EQ-4,95.11,46.26
2026-05-09T14:53:51.2298050Z,EQ-3,85.06,47.86
2026-05-09T14:54:01.2298050Z,EQ-3,90.79,42.36
2026-05-09T14:54:11.2298050Z,EQ-4,98.21,46.77
2026-05-09T14:54:21.2298050Z,EQ-2,89.76,45.98
2026-05-09T14:54:31.2298050Z,EQ-3,95.38,43.37
2026-05-09T14:54:41.2298050Z,EQ-3,93.01,49.71
2026-05-09T14:54:51.2298050Z,EQ-3,95.89,47.45
2026-05-09T14:55:01.2298050Z,EQ-4,86.90,45.94
2026-05-09T14:55:11.2298050Z,EQ-3,97.88,43.98
2026-05-09T14:55:21.2298050Z,EQ-1,99.10,40.72
2026-05-09T14:55:31.2298050Z,EQ-1,93.01,46.90
2026-05-09T14:55:41.2298050Z,EQ-2,97.99,47.87
2026-05-09T14:55:51.2298050Z,EQ-3,94.82,44.44
2026-05-09T14:56:01.2298050Z,EQ-1,98.47,46.26
2026-05-09T14:56:11.2298050Z,EQ-4,97.36,42.21
2026-05-09T14:56:21.2298050Z,EQ-4,91.51,47.64
2026-05-09T14:56:31.2298050Z,EQ-4,85.30,42.87
2026-05-09T14:56:41.2298050Z,EQ-2,97.24,49.45
2026-05-09T14:56:51.2298050Z,EQ-4,94.77,40.04
2026-05-09T14:57:01.2298050Z,EQ-1,96.40,42.88
2026-05-09T14:57:11.2298050Z,EQ-4,91.45,45.05
2026-05-09T14:57:21.2298050Z,EQ-3,93.24,43.06
2026-05-09T14:57:31.2298050Z,EQ-2,91.93,40.10
2026-05-09T14:57:41.2298050Z,EQ-4,98.52,41.40
2026-05-09T14:57:51.2298050Z,EQ-2,89.84,48.35
2026-05-09T14:58:01.2298050Z,EQ-2,86.04,40.10
2026-05-09T14:58:11.2298050Z,EQ-4,85.14,43.38
2026-05-09T14:58:21.2298050Z,EQ-1,99.37,46.85
2026-05-09T14:58:31.2298050Z,EQ-2,86.05,40.63
2026-05-09T14:58:41.2298050Z,EQ-3,99.12,45.51
2026-05-09T14:58:51.2298050Z,EQ-1,94.72,40.72
2026-05-09T14:59:01.2298050Z,EQ-1,95.67,44.16
2026-05-09T14:59:11.2298050Z,EQ-1,94.97,43.62
2026-05-09T14:59:21.2298050Z,EQ-3,96.85,47.46
2026-05-09T14:59:31.2298050Z,EQ-1,96.56,41.87
2026-05-09T14:59:41.2298050Z,EQ-2,86.80,45.44
2026-05-09T14:59:51.2298050Z,EQ-2,91.73,48.29
2026-05-09T15:00:01.2298050Z,EQ-4,96.57,41.72
2026-05-09T15:00:11.2298050Z,EQ-3,87.16,43.67
2026-05-09T15:00:21.2298050Z,EQ-3,86.44,48.63
2026-05-09T15:00:31.2298050Z,EQ-4,94.21,41.52
2026-05-09T15:00:41.2298050Z,EQ-2,90.51,49.95
2026-05-09T15:00:51.2298050Z,EQ-2,90.68,40.29
2026-05-09T15:01:01.2298050Z,EQ-1,99.93,43.42
2026-05-09T15:01:11.2298050Z,EQ-4,86.24,48.53
2026-05-09T15:01:21.2298050Z,EQ-1,96.50,42.60
2026-05-09T15:01:31.2298050Z,EQ-2,98.62,40.01
2026-05-09T15:01:41.2298050Z,EQ-1,85.97,47.59
2026-05-09T15:01:51.2298050Z,EQ-1,96.18,45.65
2026-05-09T15:02:01.2298050Z,EQ-3,90.18,41.98
2026-05-09T15:02:11.2298050Z,EQ-3,88.15,45.82
2026-05-09T15:02:21.2298050Z,EQ-3,87.60,49.80
2026-05-09T15:02:31.2298050Z,EQ-1,99.75,47.47
2026-05-09T15:02:41.2298050Z,EQ-3,85.33,42.16
2026-05-09T15:02:51.2298050Z,EQ-1,94.65,44.10
2026-05-09T15:03:01.2298050Z,EQ-3,92.47,43.30
2026-05-09T15:03:11.2298050Z,EQ-1,91.35,47.27
2026-05-09T15:03:21.2298050Z,EQ-4,95.18,49.03
2026-05-09T15:03:31.2298050Z,EQ-4,85.84,47.53
2026-05-09T15:03:41.2298050Z,EQ-2,96.49,48.43
2026-05-09T15:03:51.2298050Z,EQ-3,86.64,43.29
2026-05-09T15:04:01.2298050Z,EQ-1,85.89,42.13
2026-05-09T15:04:11.2298050Z,EQ-2,87.11,42.84
2026-05-09T15:04:21.2298050Z,EQ-4,96.85,49.26
2026-05-09T15:04:31.2298050Z,EQ-3,92.41,40.52
2026-05-09T15:04:41.2298050Z,EQ-1,90.28,49.34
2026-05-09T15:04:51.2298050Z,EQ-3,99.15,42.60
2026-05-09T15:05:01.2298050Z,EQ-2,95.73,42.43
2026-05-09T15:05:11.2298050Z,EQ-3,97.00,48.75
2026-05-09T15:05:21.2298050Z,EQ-3,96.81,43.42
2026-05-09T15:05:31.2298050Z,EQ-2,96.57,47.32
2026-05-09T15:05:41.2298050Z,EQ-3,88.61,42.57
2026-05-09T15:05:51.2298050Z,EQ-2,87.86,45.37
2026-05-09T15:06:01.2298050Z,EQ-2,86.88,45.65
2026-05-09T15:06:11.2298050Z,EQ-3,86.12,43.93
2026-05-09T15:06:21.2298050Z,EQ-3,96.13,45.30
2026-05-09T15:06:31.2298050Z,EQ-2,99.27,47.07
2026-05-09T15:06:41.2298050Z,EQ-1,85.55,46.95
2026-05-09T15:06:51.2298050Z,EQ-1,91.26,49.47
2026-05-09T15:07:01.2298050Z,EQ-1,98.62,43.63
2026-05-09T15:07:11.2298050Z,EQ-4,91.93,44.54
2026-05-09T15:07:21.2298050Z,EQ-1,99.54,41.25
2026-05-09T15:07:31.2298050Z,EQ-3,98.67,46.50
2026-05-09T15:07:41.2298050Z,EQ-3,87.62,41.67
2026-05-09T15:07:51.2298050Z,EQ-1,87.17,40.99
2026-05-09T15:08:01.2298050Z,EQ-4,95.25,43.85
2026-05-09T15:08:11.2298050Z,EQ-4,85.87,44.99
2026-05-09T15:08:21.2298050Z,EQ-2,87.60,44.28
2026-05-09T15:08:31.2298050Z,EQ-4,98.29,46.35
2026-05-09T15:08:41.2298050Z,EQ-1,86.33,46.07
2026-05-09T15:08:51.2298050Z,EQ-1,90.55,42.49
2026-05-09T15:09:01.2298050Z,EQ-3,96.82,41.56
2026-05-09T15:09:11.2298050Z,EQ-4,95.00,46.81
2026-05-09T15:09:21.2298050Z,EQ-3,98.93,47.86
2026-05-09T15:09:31.2298050Z,EQ-3,97.18,49.44
2026-05-09T15:09:41.2298050Z,EQ-3,98.40,49.81
2026-05-09T15:09:51.2298050Z,EQ-3,99.63,49.46
2026-05-09T15:10:01.2298050Z,EQ-1,95.61,45.26
2026-05-09T15:10:11.2298050Z,EQ-3,96.40,40.54
2026-05-09T15:10:21.2298050Z,EQ-2,86.30,43.64
2026-05-09T15:10:31.2298050Z,EQ-4,95.37,47.34
2026-05-09T15:10:41.2298050Z,EQ-4,90.82,43.36
2026-05-09T15:10:51.2298050Z,EQ-2,94.44,44.58
2026-05-09T15:11:01.2298050Z,EQ-4,91.44,48.83
2026-05-09T15:11:11.2298050Z,EQ-4,99.41,44.15
2026-05-09T15:11:21.2298050Z,EQ-2,86.19,40.21
2026-05-09T15:11:31.2298050Z,EQ-1,89.08,45.63
2026-05-09T15:11:41.2298050Z,EQ-2,91.12,47.15
2026-05-09T15:11:51.2298050Z,EQ-4,91.55,43.16
2026-05-09T15:12:01.2298050Z,EQ-1,92.60,40.15
2026-05-09T15:12:11.2298050Z,EQ-2,86.67,41.36
2026-05-09T15:12:21.2298050Z,EQ-3,99.45,40.43
2026-05-09T15:12:31.2298050Z,EQ-2,87.57,46.05
2026-05-09T15:12:41.2298050Z,EQ-1,97.66,45.26
2026-05-09T15:12:51.2298050Z,EQ-3,91.53,41.49
2026-05-09T15:13:01.2298050Z,EQ-2,92.80,47.99
2026-05-09T15:13:11.2298050Z,EQ-2,85.72,49.43
2026-05-09T15:13:21.2298050Z,EQ-3,89.85,49.81
2026-05-09T15:13:31.2298050Z,EQ-4,96.63,41.80
2026-05-09T15:13:41.2298050Z,EQ-4,92.38,42.90
2026-05-09T15:13:51.2298050Z,EQ-4,88.84,47.73
2026-05-09T15:14:01.2298050Z,EQ-2,97.47,40.46
2026-05-09T15:14:11.2298050Z,EQ-4,88.97,49.89
2026-05-09T15:14:21.2298050Z,EQ-1,85.11,42.38
2026-05-09T15:14:31.2298050Z,EQ-1,92.85,42.59
2026-05-09T15:14:41.2298050Z,EQ-3,89.99,46.92
2026-05-09T15:14:51.2298050Z,EQ-4,98.02,41.34
2026-05-09T15:15:01.2298050Z,EQ-3,95.24,41.38
2026-05-09T15:15:11.2298050Z,EQ-4,92.96,44.17
2026-05-09T15:15:21.2298050Z,EQ-4,88.73,48.35
2026-05-09T15:15:31.2298050Z,EQ-1,96.48,44.86
2026-05-09T15:15:41.2298050Z,EQ-3,96.07,44.44
2026-05-09T15:15:51.2298050Z,EQ-1,90.84,48.93
2026-05-09T15:16:01.2298050Z,EQ-1,99.20,44.70
2026-05-09T15:16:11.2298050Z,EQ-2,93.79,48.72
2026-05-09T15:16:21.2298050Z,EQ-4,92.58,48.21
2026-05-09T15:16:31.2298050Z,EQ-1,85.62,44.07
2026-05-09T15:16:41.2298050Z,EQ-1,94.31,42.79
2026-05-09T15:16:51.2298050Z,EQ-4,86.17,46.92
2026-05-09T15:17:01.2298050Z,EQ-2,99.08,45.59
2026-05-09T15:17:11.2298050Z,EQ-3,95.36,48.88
2026-05-09T15:17:21.2298050Z,EQ-1,88.12,41.89
2026-05-09T15:17:31.2298050Z,EQ-2,90.57,42.25
2026-05-09T15:17:41.2298050Z,EQ-4,91.19,47.02
2026-05-09T15:17:51.2298050Z,EQ-1,92.67,42.60
2026-05-09T15:18:01.2298050Z,EQ-3,94.05,48.98
2026-05-09T15:18:11.2298050Z,EQ-2,96.45,41.79
2026-05-09T15:18:21.2298050Z,EQ-2,89.26,44.69
2026-05-09T15:18:31.2298050Z,EQ-2,90.57,40.15
2026-05-09T15:18:41.2298050Z,EQ-4,88.63,48.68
2026-05-09T15:18:51.2298050Z,EQ-4,89.37,41.02
2026-05-09T15:19:01.2298050Z,EQ-2,92.11,43.24
2026-05-09T15:19:11.2298050Z,EQ-4,96.62,46.80
2026-05-09T15:19:21.2298050Z,EQ-4,87.71,40.41
2026-05-09T15:19:31.2298050Z,EQ-4,90.08,47.10
2026-05-09T15:19:41.2298050Z,EQ-3,85.51,46.22
2026-05-09T15:19:51.2298050Z,EQ-1,92.35,49.21
2026-05-09T15:20:01.2298050Z,EQ-1,97.10,48.86
2026-05-09T15:20:11.2298050Z,EQ-2,92.93,46.51
2026-05-09T15:20:21.2298050Z,EQ-3,92.50,45.75
2026-05-09T15:20:31.2298050Z,EQ-1,97.76,49.39
2026-05-09T15:20:41.2298050Z,EQ-4,94.67,43.97
2026-05-09T15:20:51.2298050Z,EQ-4,99.13,44.29
2026-05-09T15:21:01.2298050Z,EQ-1,91.81,43.55
2026-05-09T15:21:11.2298050Z,EQ-3,94.56,41.98
2026-05-09T15:21:21.2298050Z,EQ-4,91.18,49.10
2026-05-09T15:21:31.2298050Z,EQ-4,97.96,49.31
2026-05-09T15:21:41.2298050Z,EQ-4,91.22,42.41
2026-05-09T15:21:51.2298050Z,EQ-3,95.59,49.16
2026-05-09T15:22:01.2298050Z,EQ-4,92.21,47.13
2026-05-09T15:22:11.2298050Z,EQ-2,99.29,41.32
2026-05-09T15:22:21.2298050Z,EQ-4,95.00,43.27
2026-05-09T15:22:31.2298050Z,EQ-1,91.42,49.82
2026-05-09T15:22:41.2298050Z,EQ-2,94.81,48.76
2026-05-09T15:22:51.2298050Z,EQ-2,92.76,45.16
2026-05-09T15:23:01.2298050Z,EQ-3,91.06,45.93
2026-05-09T15:23:11.2298050Z,EQ-4,94.00,42.19
2026-05-09T15:23:21.2298050Z,EQ-1,97.94,48.83
2026-05-09T15:23:31.2298050Z,EQ-4,91.75,45.29
2026-05-09T15:23:41.2298050Z,EQ-4,91.05,43.37
2026-05-09T15:23:51.2298050Z,EQ-2,93.04,48.30
2026-05-09T15:24:01.2298050Z,EQ-4,90.94,47.33
2026-05-09T15:24:11.2298050Z,EQ-4,96.92,43.20
2026-05-09T15:24:21.2298050Z,EQ-3,91.66,40.14
2026-05-09T15:24:31.2298050Z,EQ-4,91.18,42.25
2026-05-09T15:24:41.2298050Z,EQ-4,91.53,47.22
2026-05-09T15:24:51.2298050Z,EQ-4,98.19,41.32
2026-05-09T15:25:01.2298050Z,EQ-1,99.57,44.11
2026-05-09T15:25:11.2298050Z,EQ-1,95.88,46.54
2026-05-09T15:25:21.2298050Z,EQ-1,94.24,44.84
2026-05-09T15:25:31.2298050Z,EQ-1,89.05,49.22
2026-05-09T15:25:41.2298050Z,EQ-4,88.23,40.12
2026-05-09T15:25:51.2298050Z,EQ-3,87.04,43.67
2026-05-09T15:26:01.2298050Z,EQ-2,89.28,40.42
2026-05-09T15:26:11.2298050Z,EQ-1,99.31,42.16
2026-05-09T15:26:21.2298050Z,EQ-4,94.10,43.99
2026-05-09T15:26:31.2298050Z,EQ-2,99.61,41.97
2026-05-09T15:26:41.2298050Z,EQ-2,92.50,46.46
2026-05-09T15:26:51.2298050Z,EQ-4,88.97,46.77
2026-05-09T15:27:01.2298050Z,EQ-3,92.21,46.26
2026-05-09T15:27:11.2298050Z,EQ-3,92.42,41.31
2026-05-09T15:27:21.2298050Z,EQ-4,97.05,48.40
2026-05-09T15:27:31.2298050Z,EQ-3,93.75,42.75
2026-05-09T15:27:41.2298050Z,EQ-4,94.30,42.80
2026-05-09T15:27:51.2298050Z,EQ-2,88.77,49.39
2026-05-09T15:28:01.2298050Z,EQ-3,91.68,41.69
2026-05-09T15:28:11.2298050Z,EQ-1,90.67,49.15
2026-05-09T15:28:21.2298050Z,EQ-1,95.94,46.08
2026-05-09T15:28:31.2298050Z,EQ-4,98.22,49.53
2026-05-09T15:28:41.2298050Z,EQ-4,90.54,45.63
2026-05-09T15:28:51.2298050Z,EQ-2,85.04,47.44
2026-05-09T15:29:01.2298050Z,EQ-4,89.00,42.32
2026-05-09T15:29:11.2298050Z,EQ-2,91.82,47.28
2026-05-09T15:29:21.2298050Z,EQ-1,85.84,44.99
2026-05-09T15:29:31.2298050Z,EQ-4,93.56,47.38
2026-05-09T15:29:41.2298050Z,EQ-1,96.50,49.00
2026-05-09T15:29:51.2298050Z,EQ-2,94.89,44.04
2026-05-09T15:30:01.2298050Z,EQ-4,85.63,47.71
2026-05-09T15:30:11.2298050Z,EQ-3,94.88,41.40
2026-05-09T15:30:21.2298050Z,EQ-2,89.37,47.50
2026-05-09T15:30:31.2298050Z,EQ-3,85.05,49.17
2026-05-09T15:30:41.2298050Z,EQ-1,86.46,45.97
2026-05-09T15:30:51.2298050Z,EQ-2,95.33,42.79
2026-05-09T15:31:01.2298050Z,EQ-1,96.09,41.74
2026-05-09T15:31:11.2298050Z,EQ-2,98.77,40.40
2026-05-09T15:31:21.2298050Z,EQ-4,97.32,44.25
2026-05-09T15:31:31.2298050Z,EQ-3,89.94,45.26
2026-05-09T15:31:41.2298050Z,EQ-2,91.39,49.48
2026-05-09T15:31:51.2298050Z,EQ-4,96.03,46.63
2026-05-09T15:32:01.2298050Z,EQ-2,90.74,44.02
2026-05-09T15:32:11.2298050Z,EQ-2,87.70,46.49
2026-05-09T15:32:21.2298050Z,EQ-4,98.74,43.81
2026-05-09T15:32:31.2298050Z,EQ-1,92.91,44.92
2026-05-09T15:32:41.2298050Z,EQ-3,85.59,41.12
2026-05-09T15:32:51.2298050Z,EQ-4,90.84,45.28
2026-05-09T15:33:01.2298050Z,EQ-4,86.76,44.43
2026-05-09T15:33:11.2298050Z,EQ-2,90.35,44.96
2026-05-09T15:33:21.2298050Z,EQ-3,98.99,49.95
2026-05-09T15:33:31.2298050Z,EQ-3,93.31,48.68
2026-05-09T15:33:41.2298050Z,EQ-1,92.19,41.82
2026-05-09T15:33:51.2298050Z,EQ-2,86.99,43.90
2026-05-09T15:34:01.2298050Z,EQ-2,89.92,41.81
2026-05-09T15:34:11.2298050Z,EQ-2,97.68,43.93
2026-05-09T15:34:21.2298050Z,EQ-4,94.40,41.46
2026-05-09T15:34:31.2298050Z,EQ-4,85.41,45.14
2026-05-09T15:34:41.2298050Z,EQ-3,92.26,43.24
2026-05-09T15:34:51.2298050Z,EQ-3,89.21,41.59
2026-05-09T15:35:01.2298050Z,EQ-4,94.48,47.23
2026-05-09T15:35:11.2298050Z,EQ-4,97.90,44.30
2026-05-09T15:35:21.2298050Z,EQ-3,97.44,44.88
2026-05-09T15:35:31.2298050Z,EQ-4,95.02,43.77
2026-05-09T15:35:41.2298050Z,EQ-1,91.88,49.78
2026-05-09T15:35:51.2298050Z,EQ-1,91.03,45.71
2026-05-09T15:36:01.2298050Z,EQ-3,99.35,45.04
2026-05-09T15:36:11.2298050Z,EQ-3,89.14,41.55
2026-05-09T15:36:21.2298050Z,EQ-1,87.38,41.42
2026-05-09T15:36:31.2298050Z,EQ-3,88.27,48.24
2026-05-09T15:36:41.2298050Z,EQ-3,95.42,47.87
2026-05-09T15:36:51.2298050Z,EQ-4,93.41,47.52
2026-05-09T15:37:01.2298050Z,EQ-1,88.21,47.33
2026-05-09T15:37:11.2298050Z,EQ-4,96.93,41.53
2026-05-09T15:37:21.2298050Z,EQ-1,98.82,47.98
2026-05-09T15:37:31.2298050Z,EQ-1,88.51,43.55
2026-05-09T15:37:41.2298050Z,EQ-2,88.88,49.75
2026-05-09T15:37:51.2298050Z,EQ-1,98.12,45.45
2026-05-09T15:38:01.2298050Z,EQ-2,90.08,40.88
2026-05-09T15:38:11.2298050Z,EQ-4,98.98,40.26
2026-05-09T15:38:21.2298050Z,EQ-3,96.61,47.28
2026-05-09T15:38:31.2298050Z,EQ-1,95.49,41.69
2026-05-09T15:38:41.2298050Z,EQ-3,91.46,45.27
2026-05-09T15:38:51.2298050Z,EQ-3,88.26,43.00
2026-05-09T15:39:01.2298050Z,EQ-4,96.34,40.52
2026-05-09T15:39:11.2298050Z,EQ-3,99.93,40.63
2026-05-09T15:39:21.2298050Z,EQ-1,94.46,49.65
2026-05-09T15:39:31.2298050Z,EQ-2,90.34,48.06
2026-05-09T15:39:41.2298050Z,EQ-1,91.53,44.48
2026-05-09T15:39:51.2298050Z,EQ-2,90.47,40.60
2026-05-09T15:40:01.2298050Z,EQ-4,89.49,49.65
2026-05-09T15:40:11.2298050Z,EQ-2,95.29,45.49
2026-05-09T15:40:21.2298050Z,EQ-1,98.82,42.64
2026-05-09T15:40:31.2298050Z,EQ-2,89.22,40.04
2026-05-09T15:40:41.2298050Z,EQ-4,87.03,44.78
2026-05-09T15:40:51.2298050Z,EQ-1,90.65,49.93
2026-05-09T15:41:01.2298050Z,EQ-4,87.52,46.15
2026-05-09T15:41:11.2298050Z,EQ-1,87.17,49.05
2026-05-09T15:41:21.2298050Z,EQ-2,85.26,47.90
2026-05-09T15:41:31.2298050Z,EQ-3,86.75,44.02
2026-05-09T15:41:41.2298050Z,EQ-2,90.55,47.94
2026-05-09T15:41:51.2298050Z,EQ-4,95.34,47.02
2026-05-09T15:42:01.2298050Z,EQ-2,94.45,40.29
2026-05-09T15:42:11.2298050Z,EQ-3,99.11,49.94
2026-05-09T15:42:21.2298050Z,EQ-1,89.99,44.53
2026-05-09T15:42:31.2298050Z,EQ-1,90.47,45.05
2026-05-09T15:42:41.2298050Z,EQ-3,93.78,42.61
2026-05-09T15:42:51.2298050Z,EQ-2,87.64,47.78
2026-05-09T15:43:01.2298050Z,EQ-3,99.32,43.01
2026-05-09T15:43:11.2298050Z,EQ-3,89.30,40.64
2026-05-09T15:43:21.2298050Z,EQ-1,85.91,40.11
2026-05-09T15:43:31.2298050Z,EQ-2,99.92,40.23
2026-05-09T15:43:41.2298050Z,EQ-1,87.53,47.98
2026-05-09T15:43:51.2298050Z,EQ-4,89.36,45.68
2026-05-09T15:44:01.2298050Z,EQ-4,93.68,44.34
2026-05-09T15:44:11.2298050Z,EQ-3,85.56,41.72
2026-05-09T15:44:21.2298050Z,EQ-1,99.22,49.46
2026-05-09T15:44:31.2298050Z,EQ-4,86.62,49.76
2026-05-09T15:44:41.2298050Z,EQ-3,91.23,42.42
2026-05-09T15:44:51.2298050Z,EQ-1,90.95,48.82
2026-05-09T15:45:01.2298050Z,EQ-3,89.44,43.10
2026-05-09T15:45:11.2298050Z,EQ-2,99.46,48.96
2026-05-09T15:45:21.2298050Z,EQ-2,86.95,42.65
2026-05-09T15:45:31.2298050Z,EQ-1,98.41,43.55
2026-05-09T15:45:41.2298050Z,EQ-2,86.98,45.87
2026-05-09T15:45:51.2298050Z,EQ-2,99.17,43.16
2026-05-09T15:46:01.2298050Z,EQ-2,86.14,47.40
2026-05-09T15:46:11.2298050Z,EQ-2,99.15,46.60
2026-05-09T15:46:21.2298050Z,EQ-2,93.29,42.38
2026-05-09T15:46:31.2298050Z,EQ-2,93.84,48.96
2026-05-09T15:46:41.2298050Z,EQ-1,91.39,48.79
2026-05-09T15:46:51.2298050Z,EQ-1,90.41,41.35
2026-05-09T15:47:01.2298050Z,EQ-3,88.82,44.66
2026-05-09T15:47:11.2298050Z,EQ-2,99.23,42.51
2026-05-09T15:47:21.2298050Z,EQ-2,96.79,46.18
2026-05-09T15:47:31.2298050Z,EQ-3,88.42,47.09
2026-05-09T15:47:41.2298050Z,EQ-4,88.88,46.40
2026-05-09T15:47:51.2298050Z,EQ-2,85.72,42.30
2026-05-09T15:48:01.2298050Z,EQ-4,98.00,45.01
2026-05-09T15:48:11.2298050Z,EQ-2,87.10,40.14
2026-05-09T15:48:21.2298050Z,EQ-2,87.14,45.73
2026-05-09T15:48:31.2298050Z,EQ-1,96.48,45.85
2026-05-09T15:48:41.2298050Z,EQ-2,94.98,48.27
2026-05-09T15:48:51.2298050Z,EQ-3,94.83,48.61
2026-05-09T15:49:01.2298050Z,EQ-2,98.12,40.53
2026-05-09T15:49:11.2298050Z,EQ-1,96.89,44.69
2026-05-09T15:49:21.2298050Z,EQ-3,95.66,45.13
2026-05-09T15:49:31.2298050Z,EQ-2,89.60,42.11
2026-05-09T15:49:41.2298050Z,EQ-1,95.46,47.61
2026-05-09T15:49:51.2298050Z,EQ-1,93.97,41.37
2026-05-09T15:50:01.2298050Z,EQ-1,93.17,47.91
2026-05-09T15:50:11.2298050Z,EQ-1,96.11,48.13
2026-05-09T15:50:21.2298050Z,EQ-1,88.09,46.42
2026-05-09T15:50:31.2298050Z,EQ-1,85.27,44.22
2026-05-09T15:50:41.2298050Z,EQ-1,94.66,43.01
2026-05-09T15:50:51.2298050Z,EQ-1,86.20,49.24
2026-05-09T15:51:01.2298050Z,EQ-4,91.17,42.38
2026-05-09T15:51:11.2298050Z,EQ-4,90.14,40.19
2026-05-09T15:51:21.2298050Z,EQ-2,87.09,47.08
2026-05-09T15:51:31.2298050Z,EQ-4,91.25,42.23
2026-05-09T15:51:41.2298050Z,EQ-4,86.67,49.77
2026-05-09T15:51:51.2298050Z,EQ-3,88.48,46.86
2026-05-09T15:52:01.2298050Z,EQ-1,87.97,40.47
2026-05-09T15:52:11.2298050Z,EQ-1,93.77,47.36
2026-05-09T15:52:21.2298050Z,EQ-4,87.77,40.01
2026-05-09T15:52:31.2298050Z,EQ-1,92.61,45.92
2026-05-09T15:52:41.2298050Z,EQ-2,88.86,47.99
2026-05-09T15:52:51.2298050Z,EQ-2,86.21,47.43
2026-05-09T15:53:01.2298050Z,EQ-1,99.17,42.46
2026-05-09T15:53:11.2298050Z,EQ-1,85.49,44.47
2026-05-09T15:53:21.2298050Z,EQ-1,95.97,42.58
2026-05-09T15:53:31.2298050Z,EQ-1,99.74,44.78
2026-05-09T15:53:41.2298050Z,EQ-3,96.25,42.29
2026-05-09T15:53:51.2298050Z,EQ-3,97.38,45.35
2026-05-09T15:54:01.2298050Z,EQ-4,95.93,41.20
2026-05-09T15:54:11.2298050Z,EQ-4,94.15,43.20
2026-05-09T15:54:21.2298050Z,EQ-2,91.45,44.70
2026-05-09T15:54:31.2298050Z,EQ-4,91.97,44.49
2026-05-09T15:54:41.2298050Z,EQ-4,96.71,40.70
2026-05-09T15:54:51.2298050Z,EQ-2,90.80,46.20
2026-05-09T15:55:01.2298050Z,EQ-2,95.36,45.49
2026-05-09T15:55:11.2298050Z,EQ-4,87.49,46.02
2026-05-09T15:55:21.2298050Z,EQ-4,90.03,47.16
2026-05-09T15:55:31.2298050Z,EQ-4,96.68,43.36
2026-05-09T15:55:41.2298050Z,EQ-1,95.72,40.16
2026-05-09T15:55:51.2298050Z,EQ-1,88.76,40.49
2026-05-09T15:56:01.2298050Z,EQ-4,91.24,47.20
2026-05-09T15:56:11.2298050Z,EQ-1,90.72,47.39
2026-05-09T15:56:21.2298050Z,EQ-3,99.96,44.99
2026-05-09T15:56:31.2298050Z,EQ-3,85.75,46.45
2026-05-09T15:56:41.2298050Z,EQ-4,94.20,42.24
2026-05-09T15:56:51.2298050Z,EQ-3,90.31,42.33
2026-05-09T15:57:01.2298050Z,EQ-4,91.78,47.40
2026-05-09T15:57:11.2298050Z,EQ-1,99.25,48.09
2026-05-09T15:57:21.2298050Z,EQ-1,99.15,41.66
2026-05-09T15:57:31.2298050Z,EQ-3,86.44,47.13
2026-05-09T15:57:41.2298050Z,EQ-1,97.85,44.20
2026-05-09T15:57:51.2298050Z,EQ-2,96.45,48.12
2026-05-09T15:58:01.2298050Z,EQ-4,95.81,45.53
2026-05-09T15:58:11.2298050Z,EQ-3,98.50,40.61
2026-05-09T15:58:21.2298050Z,EQ-3,87.30,42.55
2026-05-09T15:58:31.2298050Z,EQ-4,93.52,44.85
2026-05-09T15:58:41.2298050Z,EQ-2,94.34,48.09
2026-05-09T15:58:51.2298050Z,EQ-1,89.95,40.96
2026-05-09T15:59:01.2298050Z,EQ-2,90.78,41.95
2026-05-09T15:59:11.2298050Z,EQ-1,96.38,41.01
2026-05-09T15:59:21.2298050Z,EQ-4,97.63,49.93
2026-05-09T15:59:31.2298050Z,EQ-4,88.21,41.05
2026-05-09T15:59:41.2298050Z,EQ-1,98.87,49.64
2026-05-09T15:59:51.2298050Z,EQ-4,85.21,44.60
2026-05-09T16:00:01.2298050Z,EQ-2,86.92,46.20
2026-05-09T16:00:11.2298050Z,EQ-4,88.30,45.87
2026-05-09T16:00:21.2298050Z,EQ-2,94.79,47.53
2026-05-09T16:00:31.2298050Z,EQ-2,85.70,43.70
2026-05-09T16:00:41.2298050Z,EQ-1,88.22,43.32
2026-05-09T16:00:51.2298050Z,EQ-4,89.28,49.33
2026-05-09T16:01:01.2298050Z,EQ-3,97.78,47.77
2026-05-09T16:01:11.2298050Z,EQ-3,89.43,46.74
2026-05-09T16:01:21.2298050Z,EQ-1,91.60,40.26
2026-05-09T16:01:31.2298050Z,EQ-1,91.69,45.47
2026-05-09T16:01:41.2298050Z,EQ-4,96.14,42.42
2026-05-09T16:01:51.2298050Z,EQ-2,89.27,46.82
2026-05-09T16:02:01.2298050Z,EQ-2,96.28,40.06
2026-05-09T16:02:11.2298050Z,EQ-1,87.23,42.15
2026-05-09T16:02:21.2298050Z,EQ-4,93.18,49.50
2026-05-09T16:02:31.2298050Z,EQ-2,87.36,42.51
2026-05-09T16:02:41.2298050Z,EQ-3,96.38,40.98
2026-05-09T16:02:51.2298050Z,EQ-1,90.61,41.98
2026-05-09T16:03:01.2298050Z,EQ-3,92.24,45.39
2026-05-09T16:03:11.2298050Z,EQ-3,85.61,49.06
2026-05-09T16:03:21.2298050Z,EQ-2,88.05,49.72
2026-05-09T16:03:31.2298050Z,EQ-3,90.01,44.74
2026-05-09T16:03:41.2298050Z,EQ-3,94.61,45.77
2026-05-09T16:03:51.2298050Z,EQ-3,87.67,42.42
2026-05-09T16:04:01.2298050Z,EQ-2,86.46,42.76
2026-05-09T16:04:11.2298050Z,EQ-3,96.43,47.24
2026-05-09T16:04:21.2298050Z,EQ-1,90.03,49.56
2026-05-09T16:04:31.2298050Z,EQ-2,86.52,44.03
2026-05-09T16:04:41.2298050Z,EQ-2,99.75,45.33
2026-05-09T16:04:51.2298050Z,EQ-4,94.15,44.06
2026-05-09T16:05:01.2298050Z,EQ-1,98.50,44.31
2026-05-09T16:05:11.2298050Z,EQ-3,90.35,48.39
2026-05-09T16:05:21.2298050Z,EQ-1,96.38,46.68
2026-05-09T16:05:31.2298050Z,EQ-4,98.95,48.22
2026-05-09T16:05:41.2298050Z,EQ-2,91.92,47.09
2026-05-09T16:05:51.2298050Z,EQ-2,87.00,40.13
2026-05-09T16:06:01.2298050Z,EQ-4,95.57,42.41
2026-05-09T16:06:11.2298050Z,EQ-1,89.17,42.07
2026-05-09T16:06:21.2298050Z,EQ-4,95.59,46.06
2026-05-09T16:06:31.2298050Z,EQ-2,98.07,48.62
2026-05-09T16:06:41.2298050Z,EQ-4,92.61,47.85
2026-05-09T16:06:51.2298050Z,EQ-3,99.05,48.40
2026-05-09T16:07:01.2298050Z,EQ-4,97.14,40.86
2026-05-09T16:07:11.2298050Z,EQ-2,90.77,48.73
2026-05-09T16:07:21.2298050Z,EQ-3,90.23,43.03
2026-05-09T16:07:31.2298050Z,EQ-1,94.62,42.08
2026-05-09T16:07:41.2298050Z,EQ-3,97.28,43.98
2026-05-09T16:07:51.2298050Z,EQ-2,91.49,44.65
2026-05-09T16:08:01.2298050Z,EQ-4,95.25,47.00
2026-05-09T16:08:11.2298050Z,EQ-2,97.61,45.08
2026-05-09T16:08:21.2298050Z,EQ-2,96.83,41.29
2026-05-09T16:08:31.2298050Z,EQ-2,91.84,47.05
2026-05-09T16:08:41.2298050Z,EQ-2,97.25,43.55
2026-05-09T16:08:51.2298050Z,EQ-4,85.08,46.90
2026-05-09T16:09:01.2298050Z,EQ-1,93.45,47.76
2026-05-09T16:09:11.2298050Z,EQ-2,86.12,47.57
2026-05-09T16:09:21.2298050Z,EQ-1,96.14,43.57
2026-05-09T16:09:31.2298050Z,EQ-1,89.38,45.00
2026-05-09T16:09:41.2298050Z,EQ-3,95.05,43.45
2026-05-09T16:09:51.2298050Z,EQ-1,86.20,46.60
2026-05-09T16:10:01.2298050Z,EQ-1,86.63,46.40
2026-05-09T16:10:11.2298050Z,EQ-1,92.08,48.38
2026-05-09T16:10:21.2298050Z,EQ-4,87.36,42.41
2026-05-09T16:10:31.2298050Z,EQ-3,97.00,44.18
2026-05-09T16:10:41.2298050Z,EQ-2,96.70,44.42
2026-05-09T16:10:51.2298050Z,EQ-3,90.83,43.39
2026-05-09T16:11:01.2298050Z,EQ-2,86.86,49.87
2026-05-09T16:11:11.2298050Z,EQ-1,95.44,40.12
2026-05-09T16:11:21.2298050Z,EQ-1,91.70,44.61
2026-05-09T16:11:31.2298050Z,EQ-4,90.77,41.68
2026-05-09T16:11:41.2298050Z,EQ-1,90.87,45.35
2026-05-09T16:11:51.2298050Z,EQ-4,86.95,48.22
2026-05-09T16:12:01.2298050Z,EQ-3,92.38,44.39
2026-05-09T16:12:11.2298050Z,EQ-4,96.17,48.57
2026-05-09T16:12:21.2298050Z,EQ-2,92.83,49.19
2026-05-09T16:12:31.2298050Z,EQ-3,97.06,45.65
2026-05-09T16:12:41.2298050Z,EQ-2,87.15,49.54
2026-05-09T16:12:51.2298050Z,EQ-4,95.46,49.14
2026-05-09T16:13:01.2298050Z,EQ-2,91.94,48.65
2026-05-09T16:13:11.2298050Z,EQ-1,88.69,44.71
2026-05-09T16:13:21.2298050Z,EQ-3,94.93,44.54
2026-05-09T16:13:31.2298050Z,EQ-4,86.18,40.16
2026-05-09T16:13:41.2298050Z,EQ-4,93.18,42.52
2026-05-09T16:13:51.2298050Z,EQ-4,99.36,42.43
2026-05-09T16:14:01.2298050Z,EQ-4,91.85,48.66
2026-05-09T16:14:11.2298050Z,EQ-2,88.41,49.35
2026-05-09T16:14:21.2298050Z,EQ-1,85.40,43.86
2026-05-09T16:14:31.2298050Z,EQ-2,96.55,46.10
2026-05-09T16:14:41.2298050Z,EQ-1,99.61,49.06
2026-05-09T16:14:51.2298050Z,EQ-2,99.19,41.28
2026-05-09T16:15:01.2298050Z,EQ-1,90.82,40.45
2026-05-09T16:15:11.2298050Z,EQ-2,98.93,40.33
2026-05-09T16:15:21.2298050Z,EQ-1,90.67,43.06
2026-05-09T16:15:31.2298050Z,EQ-1,88.33,48.55
2026-05-09T16:15:41.2298050Z,EQ-2,99.40,43.95
2026-05-09T16:15:51.2298050Z,EQ-1,86.70,48.19
2026-05-09T16:16:01.2298050Z,EQ-2,90.92,49.15
2026-05-09T16:16:11.2298050Z,EQ-1,99.12,43.34
2026-05-09T16:16:21.2298050Z,EQ-4,91.98,45.98
2026-05-09T16:16:31.2298050Z,EQ-2,87.55,44.88
2026-05-09T16:16:41.2298050Z,EQ-4,85.51,46.42
2026-05-09T16:16:51.2298050Z,EQ-1,88.05,46.19
2026-05-09T16:17:01.2298050Z,EQ-1,96.18,44.10
2026-05-09T16:17:11.2298050Z,EQ-1,91.24,46.32
2026-05-09T16:17:21.2298050Z,EQ-1,86.69,41.17
2026-05-09T16:17:31.2298050Z,EQ-2,87.96,49.23
2026-05-09T16:17:41.2298050Z,EQ-3,91.64,45.76
2026-05-09T16:17:51.2298050Z,EQ-3,86.76,45.41
2026-05-09T16:18:01.2298050Z,EQ-1,96.30,49.97
2026-05-09T16:18:11.2298050Z,EQ-4,91.12,44.56
2026-05-09T16:18:21.2298050Z,EQ-3,97.76,44.76
2026-05-09T16:18:31.2298050Z,EQ-1,97.70,45.73
2026-05-09T16:18:41.2298050Z,EQ-3,85.88,48.67
2026-05-09T16:18:51.2298050Z,EQ-3,98.15,44.40
2026-05-09T16:19:01.2298050Z,EQ-2,87.26,46.14
2026-05-09T16:19:11.2298050Z,EQ-1,91.39,42.19
2026-05-09T16:19:21.2298050Z,EQ-4,93.25,40.35
2026-05-09T16:19:31.2298050Z,EQ-4,93.65,49.26
2026-05-09T16:19:41.2298050Z,EQ-1,92.76,43.25
2026-05-09T16:19:51.2298050Z,EQ-1,96.48,47.89
2026-05-09T16:20:01.2298050Z,EQ-1,92.41,46.91
2026-05-09T16:20:11.2298050Z,EQ-1,97.52,43.56
2026-05-09T16:20:21.2298050Z,EQ-2,89.95,40.02
2026-05-09T16:20:31.2298050Z,EQ-3,86.72,49.96
2026-05-09T16:20:41.2298050Z,EQ-1,99.63,45.36
2026-05-09T16:20:51.2298050Z,EQ-3,85.96,43.09
2026-05-09T16:21:01.2298050Z,EQ-1,91.50,47.41
2026-05-09T16:21:11.2298050Z,EQ-4,94.96,43.71
2026-05-09T16:21:21.2298050Z,EQ-2,93.41,44.64
2026-05-09T16:21:31.2298050Z,EQ-2,95.30,44.82
2026-05-09T16:21:41.2298050Z,EQ-4,91.97,49.96
2026-05-09T16:21:51.2298050Z,EQ-2,96.80,40.78
2026-05-09T16:22:01.2298050Z,EQ-2,97.35,46.89
2026-05-09T16:22:11.2298050Z,EQ-4,88.07,48.85
2026-05-09T16:22:21.2298050Z,EQ-2,99.26,41.68
2026-05-09T16:22:31.2298050Z,EQ-3,87.22,49.88
2026-05-09T16:22:41.2298050Z,EQ-1,89.38,43.78
2026-05-09T16:22:51.2298050Z,EQ-1,95.38,47.64
2026-05-09T16:23:01.2298050Z,EQ-3,93.56,42.89
2026-05-09T16:23:11.2298050Z,EQ-2,85.93,43.55
2026-05-09T16:23:21.2298050Z,EQ-1,90.09,42.21
2026-05-09T16:23:31.2298050Z,EQ-2,91.31,47.40
2026-05-09T16:23:41.2298050Z,EQ-4,87.50,48.98
2026-05-09T16:23:51.2298050Z,EQ-4,91.82,48.45
2026-05-09T16:24:01.2298050Z,EQ-1,98.48,41.39
2026-05-09T16:24:11.2298050Z,EQ-3,96.51,44.77
2026-05-09T16:24:21.2298050Z,EQ-1,88.51,42.93
2026-05-09T16:24:31.2298050Z,EQ-1,93.47,40.96
2026-05-09T16:24:41.2298050Z,EQ-4,89.90,40.92
2026-05-09T16:24:51.2298050Z,EQ-3,95.27,41.69
2026-05-09T16:25:01.2298050Z,EQ-1,91.25,48.44
2026-05-09T16:25:11.2298050Z,EQ-4,89.74,48.60
2026-05-09T16:25:21.2298050Z,EQ-3,95.68,42.81
2026-05-09T16:25:31.2298050Z,EQ-4,97.13,46.56
2026-05-09T16:25:41.2298050Z,EQ-4,94.34,40.40
2026-05-09T16:25:51.2298050Z,EQ-3,97.00,49.83
2026-05-09T16:26:01.2298050Z,EQ-3,90.05,43.98
2026-05-09T16:26:11.2298050Z,EQ-3,92.41,44.17
2026-05-09T16:26:21.2298050Z,EQ-4,94.81,46.16
2026-05-09T16:26:31.2298050Z,EQ-3,95.85,41.06
2026-05-09T16:26:41.2298050Z,EQ-4,97.85,49.21
2026-05-09T16:26:51.2298050Z,EQ-4,98.96,45.96
2026-05-09T16:27:01.2298050Z,EQ-2,92.85,40.91
2026-05-09T16:27:11.2298050Z,EQ-4,95.25,40.65
2026-05-09T16:27:21.2298050Z,EQ-4,95.40,46.06
2026-05-09T16:27:31.2298050Z,EQ-2,94.93,47.60
2026-05-09T16:27:41.2298050Z,EQ-3,96.84,41.80
2026-05-09T16:27:51.2298050Z,EQ-4,85.60,47.61
2026-05-09T16:28:01.2298050Z,EQ-1,99.99,48.21
2026-05-09T16:28:11.2298050Z,EQ-4,89.38,42.46
2026-05-09T16:28:21.2298050Z,EQ-3,86.37,47.92
2026-05-09T16:28:31.2298050Z,EQ-3,87.70,48.83
2026-05-09T16:28:41.2298050Z,EQ-4,91.98,48.86
2026-05-09T16:28:51.2298050Z,EQ-4,85.09,48.92
2026-05-09T16:29:01.2298050Z,EQ-1,86.53,43.83
2026-05-09T16:29:11.2298050Z,EQ-1,98.92,41.06
2026-05-09T16:29:21.2298050Z,EQ-3,95.21,42.44
2026-05-09T16:29:31.2298050Z,EQ-4,87.11,43.23
2026-05-09T16:29:41.2298050Z,EQ-3,95.66,48.87
2026-05-09T16:29:51.2298050Z,EQ-3,91.39,42.19
2026-05-09T16:30:01.2298050Z,EQ-2,96.77,49.51
2026-05-09T16:30:11.2298050Z,EQ-3,90.41,46.27
2026-05-09T16:30:21.2298050Z,EQ-4,88.78,49.35
2026-05-09T16:30:31.2298050Z,EQ-2,89.66,40.76
2026-05-09T16:30:41.2298050Z,EQ-4,93.42,43.62
2026-05-09T16:30:51.2298050Z,EQ-2,96.80,41.60
2026-05-09T16:31:01.2298050Z,EQ-4,85.10,45.17
2026-05-09T16:31:11.2298050Z,EQ-4,88.51,45.73
2026-05-09T16:31:21.2298050Z,EQ-3,88.47,43.54
2026-05-09T16:31:31.2298050Z,EQ-4,97.38,49.01
2026-05-09T16:31:41.2298050Z,EQ-4,85.76,41.52
2026-05-09T16:31:51.2298050Z,EQ-3,95.16,46.03
2026-05-09T16:32:01.2298050Z,EQ-4,92.63,42.63
2026-05-09T16:32:11.2298050Z,EQ-3,96.09,44.53
2026-05-09T16:32:21.2298050Z,EQ-1,85.93,43.15
2026-05-09T16:32:31.2298050Z,EQ-2,90.07,48.23
2026-05-09T16:32:41.2298050Z,EQ-4,87.18,49.49
2026-05-09T16:32:51.2298050Z,EQ-4,87.40,40.61
2026-05-09T16:33:01.2298050Z,EQ-1,86.02,41.58
2026-05-09T16:33:11.2298050Z,EQ-4,96.10,43.38
2026-05-09T16:33:21.2298050Z,EQ-2,96.84,47.84
2026-05-09T16:33:31.2298050Z,EQ-2,89.19,45.68
2026-05-09T16:33:41.2298050Z,EQ-1,94.05,41.31
2026-05-09T16:33:51.2298050Z,EQ-1,85.89,42.37
2026-05-09T16:34:01.2298050Z,EQ-1,99.07,44.02
2026-05-09T16:34:11.2298050Z,EQ-2,94.40,49.96
2026-05-09T16:34:21.2298050Z,EQ-1,90.66,46.35
2026-05-09T16:34:31.2298050Z,EQ-3,94.57,48.08
2026-05-09T16:34:41.2298050Z,EQ-3,89.21,44.52
2026-05-09T16:34:51.2298050Z,EQ-2,97.48,46.17
2026-05-09T16:35:01.2298050Z,EQ-4,94.12,41.25
2026-05-09T16:35:11.2298050Z,EQ-1,93.32,41.27
2026-05-09T16:35:21.2298050Z,EQ-4,96.52,44.16
2026-05-09T16:35:31.2298050Z,EQ-1,86.92,40.24
2026-05-09T16:35:41.2298050Z,EQ-2,98.67,44.55
2026-05-09T16:35:51.2298050Z,EQ-3,97.78,40.57
2026-05-09T16:36:01.2298050Z,EQ-3,94.35,44.76
2026-05-09T16:36:11.2298050Z,EQ-1,94.17,46.65
2026-05-09T16:36:21.2298050Z,EQ-2,88.87,48.15
2026-05-09T16:36:31.2298050Z,EQ-1,97.10,48.29
2026-05-09T16:36:41.2298050Z,EQ-1,86.46,40.28
2026-05-09T16:36:51.2298050Z,EQ-4,97.80,47.99
2026-05-09T16:37:01.2298050Z,EQ-1,89.76,47.95
2026-05-09T16:37:11.2298050Z,EQ-3,85.59,43.63
2026-05-09T16:37:21.2298050Z,EQ-1,93.60,44.57
2026-05-09T16:37:31.2298050Z,EQ-1,93.08,41.54
2026-05-09T16:37:41.2298050Z,EQ-1,99.28,41.44
2026-05-09T16:37:51.2298050Z,EQ-2,92.76,44.35
2026-05-09T16:38:01.2298050Z,EQ-4,91.57,46.02
2026-05-09T16:38:11.2298050Z,EQ-2,86.39,43.03
2026-05-09T16:38:21.2298050Z,EQ-1,86.21,41.18
2026-05-09T16:38:31.2298050Z,EQ-1,90.69,44.15
2026-05-09T16:38:41.2298050Z,EQ-4,92.27,40.26
2026-05-09T16:38:51.2298050Z,EQ-1,91.74,47.14
2026-05-09T16:39:01.2298050Z,EQ-1,86.21,48.24
2026-05-09T16:39:11.2298050Z,EQ-2,99.18,42.34
2026-05-09T16:39:21.2298050Z,EQ-4,90.64,49.79
2026-05-09T16:39:31.2298050Z,EQ-2,85.12,40.71
2026-05-09T16:39:41.2298050Z,EQ-1,98.16,41.70
2026-05-09T16:39:51.2298050Z,EQ-2,96.54,43.02
2026-05-09T16:40:01.2298050Z,EQ-3,93.85,47.72
2026-05-09T16:40:11.2298050Z,EQ-1,99.00,43.30
2026-05-09T16:40:21.2298050Z,EQ-4,95.66,40.87
2026-05-09T16:40:31.2298050Z,EQ-4,87.43,47.74
2026-05-09T16:40:41.2298050Z,EQ-3,97.44,46.12
2026-05-09T16:40:51.2298050Z,EQ-2,87.59,42.39
2026-05-09T16:41:01.2298050Z,EQ-3,89.40,41.81
2026-05-09T16:41:11.2298050Z,EQ-3,89.15,47.26
2026-05-09T16:41:21.2298050Z,EQ-4,91.46,47.00
2026-05-09T16:41:31.2298050Z,EQ-3,85.07,48.57
2026-05-09T16:41:41.2298050Z,EQ-1,87.81,43.78
2026-05-09T16:41:51.2298050Z,EQ-4,97.73,47.71
2026-05-09T16:42:01.2298050Z,EQ-3,98.85,43.61
2026-05-09T16:42:11.2298050Z,EQ-3,87.12,42.84
2026-05-09T16:42:21.2298050Z,EQ-2,94.90,41.00
2026-05-09T16:42:31.2298050Z,EQ-2,92.54,49.31
2026-05-09T16:42:41.2298050Z,EQ-4,86.03,47.22
2026-05-09T16:42:51.2298050Z,EQ-2,95.14,43.41
2026-05-09T16:43:01.2298050Z,EQ-3,90.79,42.89
2026-05-09T16:43:11.2298050Z,EQ-4,89.08,45.00
2026-05-09T16:43:21.2298050Z,EQ-1,86.47,41.51
2026-05-09T16:43:31.2298050Z,EQ-2,92.58,49.75
2026-05-09T16:43:41.2298050Z,EQ-2,94.28,42.52
2026-05-09T16:43:51.2298050Z,EQ-4,93.34,40.75
2026-05-09T16:44:01.2298050Z,EQ-3,89.37,43.67
2026-05-09T16:44:11.2298050Z,EQ-1,94.36,41.35
2026-05-09T16:44:21.2298050Z,EQ-4,91.41,49.48
2026-05-09T16:44:31.2298050Z,EQ-1,94.33,43.36
2026-05-09T16:44:41.2298050Z,EQ-3,87.56,47.73
2026-05-09T16:44:51.2298050Z,EQ-4,91.88,41.68
2026-05-09T16:45:01.2298050Z,EQ-2,85.53,48.05
2026-05-09T16:45:11.2298050Z,EQ-4,96.75,49.44
2026-05-09T16:45:21.2298050Z,EQ-4,89.01,44.03
2026-05-09T16:45:31.2298050Z,EQ-1,86.53,48.92
2026-05-09T16:45:41.2298050Z,EQ-3,99.06,45.29
2026-05-09T16:45:51.2298050Z,EQ-2,89.04,48.82
2026-05-09T16:46:01.2298050Z,EQ-2,97.89,48.59
2026-05-09T16:46:11.2298050Z,EQ-4,91.52,43.25
2026-05-09T16:46:21.2298050Z,EQ-1,90.97,48.07
2026-05-09T16:46:31.2298050Z,EQ-2,88.61,43.78
2026-05-09T16:46:41.2298050Z,EQ-3,99.63,41.43
2026-05-09T16:46:51.2298050Z,EQ-3,98.69,43.64
2026-05-09T16:47:01.2298050Z,EQ-2,89.80,44.73
2026-05-09T16:47:11.2298050Z,EQ-2,86.44,44.96
2026-05-09T16:47:21.2298050Z,EQ-1,98.63,46.95
2026-05-09T16:47:31.2298050Z,EQ-3,88.49,43.87
2026-05-09T16:47:41.2298050Z,EQ-4,96.56,42.97
2026-05-09T16:47:51.2298050Z,EQ-3,89.63,47.66
2026-05-09T16:48:01.2298050Z,EQ-4,94.38,42.89
2026-05-09T16:48:11.2298050Z,EQ-4,85.04,40.97
2026-05-09T16:48:21.2298050Z,EQ-2,87.12,47.64
2026-05-09T16:48:31.2298050Z,EQ-2,91.38,43.06
2026-05-09T16:48:41.2298050Z,EQ-1,96.17,40.19
2026-05-09T16:48:51.2298050Z,EQ-4,85.55,40.16
2026-05-09T16:49:01.2298050Z,EQ-2,89.82,49.49
2026-05-09T16:49:11.2298050Z,EQ-4,91.96,47.14
2026-05-09T16:49:21.2298050Z,EQ-2,91.23,43.13
2026-05-09T16:49:31.2298050Z,EQ-4,89.53,41.82
2026-05-09T16:49:41.2298050Z,EQ-4,94.52,48.43
2026-05-09T16:49:51.2298050Z,EQ-2,86.80,47.00
2026-05-09T16:50:01.2298050Z,EQ-3,89.85,47.15
2026-05-09T16:50:11.2298050Z,EQ-1,99.81,46.29
2026-05-09T16:50:21.2298050Z,EQ-1,90.76,43.78
2026-05-09T16:50:31.2298050Z,EQ-4,95.06,45.83
2026-05-09T16:50:41.2298050Z,EQ-1,92.33,43.69
2026-05-09T16:50:51.2298050Z,EQ-1,95.43,44.24
2026-05-09T16:51:01.2298050Z,EQ-3,93.80,48.82
2026-05-09T16:51:11.2298050Z,EQ-1,95.27,40.73
2026-05-09T16:51:21.2298050Z,EQ-4,85.84,45.30
2026-05-09T16:51:31.2298050Z,EQ-1,97.26,42.97
2026-05-09T16:51:41.2298050Z,EQ-2,98.60,47.02
2026-05-09T16:51:51.2298050Z,EQ-2,87.51,42.05
2026-05-09T16:52:01.2298050Z,EQ-2,89.53,43.15
2026-05-09T16:52:11.2298050Z,EQ-4,87.91,47.94
2026-05-09T16:52:21.2298050Z,EQ-3,85.72,42.45
2026-05-09T16:52:31.2298050Z,EQ-4,92.46,48.04
2026-05-09T16:52:41.2298050Z,EQ-4,88.71,44.47
2026-05-09T16:52:51.2298050Z,EQ-4,90.11,43.79
2026-05-09T16:53:01.2298050Z,EQ-1,86.19,49.98
2026-05-09T16:53:11.2298050Z,EQ-1,87.67,45.76
2026-05-09T16:53:21.2298050Z,EQ-1,93.53,43.82
2026-05-09T16:53:31.2298050Z,EQ-1,85.35,47.96
2026-05-09T16:53:41.2298050Z,EQ-2,85.46,48.20
2026-05-09T16:53:51.2298050Z,EQ-4,88.76,41.43
2026-05-09T16:54:01.2298050Z,EQ-4,94.62,42.50
2026-05-09T16:54:11.2298050Z,EQ-4,94.29,47.58
2026-05-09T16:54:21.2298050Z,EQ-2,93.54,44.61
2026-05-09T16:54:31.2298050Z,EQ-2,99.50,47.20
2026-05-09T16:54:41.2298050Z,EQ-3,94.81,49.87
2026-05-09T16:54:51.2298050Z,EQ-2,99.92,45.14
2026-05-09T16:55:01.2298050Z,EQ-2,97.39,42.78
2026-05-09T16:55:11.2298050Z,EQ-3,99.87,45.01
2026-05-09T16:55:21.2298050Z,EQ-1,88.07,42.63
2026-05-09T16:55:31.2298050Z,EQ-2,86.15,40.34
2026-05-09T16:55:41.2298050Z,EQ-4,86.58,47.79
2026-05-09T16:55:51.2298050Z,EQ-4,92.37,41.23
2026-05-09T16:56:01.2298050Z,EQ-2,99.28,40.64
2026-05-09T16:56:11.2298050Z,EQ-2,91.82,46.29
2026-05-09T16:56:21.2298050Z,EQ-4,88.88,44.42
2026-05-09T16:56:31.2298050Z,EQ-1,91.99,46.06
2026-05-09T16:56:41.2298050Z,EQ-2,93.10,43.00
2026-05-09T16:56:51.2298050Z,EQ-1,86.21,44.24
2026-05-09T16:57:01.2298050Z,EQ-3,93.69,49.50
2026-05-09T16:57:11.2298050Z,EQ-4,86.90,47.67
2026-05-09T16:57:21.2298050Z,EQ-4,85.08,41.43
2026-05-09T16:57:31.2298050Z,EQ-1,88.21,46.42
2026-05-09T16:57:41.2298050Z,EQ-2,92.36,41.64
2026-05-09T16:57:51.2298050Z,EQ-1,97.66,48.06
2026-05-09T16:58:01.2298050Z,EQ-4,87.71,41.08
2026-05-09T16:58:11.2298050Z,EQ-3,96.22,48.17
2026-05-09T16:58:21.2298050Z,EQ-2,98.65,49.77
2026-05-09T16:58:31.2298050Z,EQ-2,90.81,45.14
2026-05-09T16:58:41.2298050Z,EQ-3,91.39,40.52
2026-05-09T16:58:51.2298050Z,EQ-2,86.83,40.11
2026-05-09T16:59:01.2298050Z,EQ-2,85.27,42.16
2026-05-09T16:59:11.2298050Z,EQ-3,95.59,46.13
2026-05-09T16:59:21.2298050Z,EQ-3,90.66,45.85
2026-05-09T16:59:31.2298050Z,EQ-2,90.75,45.17
2026-05-09T16:59:41.2298050Z,EQ-1,85.73,48.55
2026-05-09T16:59:51.2298050Z,EQ-2,93.81,44.77
2026-05-09T17:00:01.2298050Z,EQ-2,99.06,42.89
2026-05-09T17:00:11.2298050Z,EQ-2,91.13,44.88
2026-05-09T17:00:21.2298050Z,EQ-1,88.80,44.92
2026-05-09T17:00:31.2298050Z,EQ-2,85.07,45.84
2026-05-09T17:00:41.2298050Z,EQ-3,86.99,45.01
2026-05-09T17:00:51.2298050Z,EQ-2,88.55,45.92
2026-05-09T17:01:01.2298050Z,EQ-2,98.21,43.77
2026-05-09T17:01:11.2298050Z,EQ-4,93.77,44.88
2026-05-09T17:01:21.2298050Z,EQ-1,95.46,49.57
2026-05-09T17:01:31.2298050Z,EQ-1,98.88,49.06
2026-05-09T17:01:41.2298050Z,EQ-1,90.40,46.70
2026-05-09T17:01:51.2298050Z,EQ-1,93.07,47.48
2026-05-09T17:02:01.2298050Z,EQ-4,89.51,48.58
2026-05-09T17:02:11.2298050Z,EQ-4,97.36,47.42
2026-05-09T17:02:21.2298050Z,EQ-4,92.87,45.45
2026-05-09T17:02:31.2298050Z,EQ-4,89.66,40.30
2026-05-09T17:02:41.2298050Z,EQ-4,86.27,47.58
2026-05-09T17:02:51.2298050Z,EQ-1,94.23,41.44
2026-05-09T17:03:01.2298050Z,EQ-1,94.08,44.85
2026-05-09T17:03:11.2298050Z,EQ-1,92.78,49.66
2026-05-09T17:03:21.2298050Z,EQ-4,87.67,46.60
2026-05-09T17:03:31.2298050Z,EQ-1,85.16,42.90
2026-05-09T17:03:41.2298050Z,EQ-1,93.27,42.09
2026-05-09T17:03:51.2298050Z,EQ-1,91.91,44.07
2026-05-09T17:04:01.2298050Z,EQ-3,94.70,40.09
2026-05-09T17:04:11.2298050Z,EQ-1,99.41,43.64
2026-05-09T17:04:21.2298050Z,EQ-1,93.38,48.50
2026-05-09T17:04:31.2298050Z,EQ-4,87.44,41.70
2026-05-09T17:04:41.2298050Z,EQ-4,95.73,44.84
2026-05-09T17:04:51.2298050Z,EQ-1,92.76,45.11
2026-05-09T17:05:01.2298050Z,EQ-1,87.11,46.42
2026-05-09T17:05:11.2298050Z,EQ-2,97.84,40.78
2026-05-09T17:05:21.2298050Z,EQ-1,89.09,48.82
2026-05-09T17:05:31.2298050Z,EQ-4,95.22,40.14
2026-05-09T17:05:41.2298050Z,EQ-1,95.25,48.95
2026-05-09T17:05:51.2298050Z,EQ-2,95.52,47.74
2026-05-09T17:06:01.2298050Z,EQ-1,86.63,41.44
2026-05-09T17:06:11.2298050Z,EQ-1,89.76,49.50
2026-05-09T17:06:21.2298050Z,EQ-2,98.23,43.99
2026-05-09T17:06:31.2298050Z,EQ-1,85.80,49.63
2026-05-09T17:06:41.2298050Z,EQ-3,90.00,43.98
2026-05-09T17:06:51.2298050Z,EQ-2,99.43,47.10
2026-05-09T17:07:01.2298050Z,EQ-3,96.25,47.80
2026-05-09T17:07:11.2298050Z,EQ-1,90.46,49.91
2026-05-09T17:07:21.2298050Z,EQ-2,89.41,43.42
2026-05-09T17:07:31.2298050Z,EQ-2,93.32,49.51
2026-05-09T17:07:41.2298050Z,EQ-2,92.57,49.58
2026-05-09T17:07:51.2298050Z,EQ-4,99.78,40.32
2026-05-09T17:08:01.2298050Z,EQ-3,95.25,43.46
2026-05-09T17:08:11.2298050Z,EQ-2,86.00,45.87
2026-05-09T17:08:21.2298050Z,EQ-2,91.07,44.47
2026-05-09T17:08:31.2298050Z,EQ-4,99.80,42.29
2026-05-09T17:08:41.2298050Z,EQ-3,94.65,42.39
2026-05-09T17:08:51.2298050Z,EQ-4,96.67,44.62
2026-05-09T17:09:01.2298050Z,EQ-4,89.14,47.97
2026-05-09T17:09:11.2298050Z,EQ-4,90.52,43.31
2026-05-09T17:09:21.2298050Z,EQ-2,86.42,44.27
2026-05-09T17:09:31.2298050Z,EQ-1,86.70,44.18
2026-05-09T17:09:41.2298050Z,EQ-1,97.21,49.05
2026-05-09T17:09:51.2298050Z,EQ-4,94.95,49.90
2026-05-09T17:10:01.2298050Z,EQ-1,93.49,46.68
2026-05-09T17:10:11.2298050Z,EQ-4,96.67,47.78
2026-05-09T17:10:21.2298050Z,EQ-1,85.95,44.02
2026-05-09T17:10:31.2298050Z,EQ-2,88.85,42.28
2026-05-09T17:10:41.2298050Z,EQ-1,99.20,46.60
2026-05-09T17:10:51.2298050Z,EQ-2,93.59,47.81
2026-05-09T17:11:01.2298050Z,EQ-3,90.85,49.96
2026-05-09T17:11:11.2298050Z,EQ-3,89.96,49.23
2026-05-09T17:11:21.2298050Z,EQ-3,99.19,44.48
2026-05-09T17:11:31.2298050Z,EQ-2,94.15,49.07
2026-05-09T17:11:41.2298050Z,EQ-3,96.60,47.80
2026-05-09T17:11:51.2298050Z,EQ-4,88.57,48.37
2026-05-09T17:12:01.2298050Z,EQ-2,99.38,42.69
2026-05-09T17:12:11.2298050Z,EQ-1,90.12,47.08
2026-05-09T17:12:21.2298050Z,EQ-2,96.62,46.65
2026-05-09T17:12:31.2298050Z,EQ-1,98.13,44.20
2026-05-09T17:12:41.2298050Z,EQ-2,98.60,41.42
2026-05-09T17:12:51.2298050Z,EQ-3,95.30,45.56
2026-05-09T17:13:01.2298050Z,EQ-2,87.79,49.80
2026-05-09T17:13:11.2298050Z,EQ-4,93.17,44.15
2026-05-09T17:13:21.2298050Z,EQ-3,86.69,47.29
2026-05-09T17:13:31.2298050Z,EQ-2,88.11,46.73
2026-05-09T17:13:41.2298050Z,EQ-4,94.87,45.72
2026-05-09T17:13:51.2298050Z,EQ-4,89.27,45.66
2026-05-09T17:14:01.2298050Z,EQ-1,88.23,42.63
2026-05-09T17:14:11.2298050Z,EQ-1,95.34,44.86
2026-05-09T17:14:21.2298050Z,EQ-1,92.46,45.18
2026-05-09T17:14:31.2298050Z,EQ-3,94.98,49.32
2026-05-09T17:14:41.2298050Z,EQ-3,96.46,41.82
2026-05-09T17:14:51.2298050Z,EQ-2,90.92,47.62
2026-05-09T17:15:01.2298050Z,EQ-3,91.55,43.28
2026-05-09T17:15:11.2298050Z,EQ-2,92.02,41.75
2026-05-09T17:15:21.2298050Z,EQ-4,96.14,42.87
2026-05-09T17:15:31.2298050Z,EQ-4,89.21,41.74
2026-05-09T17:15:41.2298050Z,EQ-3,90.12,40.37
2026-05-09T17:15:51.2298050Z,EQ-3,97.78,46.66
2026-05-09T17:16:01.2298050Z,EQ-3,94.15,47.96
2026-05-09T17:16:11.2298050Z,EQ-1,97.10,48.11
2026-05-09T17:16:21.2298050Z,EQ-1,88.34,45.02
2026-05-09T17:16:31.2298050Z,EQ-4,91.29,49.20
2026-05-09T17:16:41.2298050Z,EQ-2,99.03,49.20
2026-05-09T17:16:51.2298050Z,EQ-1,86.05,45.39
2026-05-09T17:17:01.2298050Z,EQ-2,99.28,49.52
2026-05-09T17:17:11.2298050Z,EQ-1,89.90,44.95
2026-05-09T17:17:21.2298050Z,EQ-2,86.15,43.43
2026-05-09T17:17:31.2298050Z,EQ-2,85.67,42.55
2026-05-09T17:17:41.2298050Z,EQ-4,92.03,48.98
2026-05-09T17:17:51.2298050Z,EQ-3,91.23,46.15
2026-05-09T17:18:01.2298050Z,EQ-3,88.68,49.89
2026-05-09T17:18:11.2298050Z,EQ-3,93.36,47.98
2026-05-09T17:18:21.2298050Z,EQ-2,85.85,46.65
2026-05-09T17:18:31.2298050Z,EQ-3,94.40,41.05
2026-05-09T17:18:41.2298050Z,EQ-3,100.00,42.29
2026-05-09T17:18:51.2298050Z,EQ-2,98.80,47.09
2026-05-09T17:19:01.2298050Z,EQ-1,88.28,42.81
2026-05-09T17:19:11.2298050Z,EQ-3,95.70,41.43
2026-05-09T17:19:21.2298050Z,EQ-1,88.19,44.21
2026-05-09T17:19:31.2298050Z,EQ-1,89.26,48.70
2026-05-09T17:19:41.2298050Z,EQ-3,87.35,41.97
2026-05-09T17:19:51.2298050Z,EQ-3,96.31,44.06
2026-05-09T17:20:01.2298050Z,EQ-2,90.13,47.10
2026-05-09T17:20:11.2298050Z,EQ-2,90.63,44.92
2026-05-09T17:20:21.2298050Z,EQ-2,92.60,41.94
2026-05-09T17:20:31.2298050Z,EQ-2,89.46,49.17
2026-05-09T17:20:41.2298050Z,EQ-2,89.66,41.19
2026-05-09T17:20:51.2298050Z,EQ-1,91.70,42.87
2026-05-09T17:21:01.2298050Z,EQ-3,90.40,48.26
2026-05-09T17:21:11.2298050Z,EQ-4,96.47,41.34
2026-05-09T17:21:21.2298050Z,EQ-4,93.80,43.37
2026-05-09T17:21:31.2298050Z,EQ-2,95.45,41.00
2026-05-09T17:21:41.2298050Z,EQ-3,89.17,47.86
2026-05-09T17:21:51.2298050Z,EQ-3,93.02,43.84
2026-05-09T17:22:01.2298050Z,EQ-4,87.40,48.80
2026-05-09T17:22:11.2298050Z,EQ-4,99.35,40.53
2026-05-09T17:22:21.2298050Z,EQ-1,87.61,47.92
2026-05-09T17:22:31.2298050Z,EQ-3,99.14,40.13
2026-05-09T17:22:41.2298050Z,EQ-2,89.30,44.55
2026-05-09T17:22:51.2298050Z,EQ-1,90.58,43.27
2026-05-09T17:23:01.2298050Z,EQ-3,98.45,46.61
2026-05-09T17:23:11.2298050Z,EQ-4,97.92,40.42
2026-05-09T17:23:21.2298050Z,EQ-1,93.19,47.65
2026-05-09T17:23:31.2298050Z,EQ-1,92.67,45.95
2026-05-09T17:23:41.2298050Z,EQ-3,86.42,48.25
2026-05-09T17:23:51.2298050Z,EQ-4,95.96,48.80
2026-05-09T17:24:01.2298050Z,EQ-4,91.27,47.57
2026-05-09T17:24:11.2298050Z,EQ-2,98.33,49.61
2026-05-09T17:24:21.2298050Z,EQ-4,91.10,46.69
2026-05-09T17:24:31.2298050Z,EQ-2,95.08,49.23
2026-05-09T17:24:41.2298050Z,EQ-3,98.44,41.42
2026-05-09T17:24:51.2298050Z,EQ-4,93.77,41.97
2026-05-09T17:25:01.2298050Z,EQ-4,97.89,49.65
2026-05-09T17:25:11.2298050Z,EQ-1,85.15,47.09
2026-05-09T17:25:21.2298050Z,EQ-2,86.17,42.49
2026-05-09T17:25:31.2298050Z,EQ-3,90.65,40.50
2026-05-09T17:25:41.2298050Z,EQ-2,87.20,41.23
2026-05-09T17:25:51.2298050Z,EQ-2,88.83,47.27
2026-05-09T17:26:01.2298050Z,EQ-4,91.46,48.69
2026-05-09T17:26:11.2298050Z,EQ-4,88.64,46.11
2026-05-09T17:26:21.2298050Z,EQ-1,88.56,46.25
2026-05-09T17:26:31.2298050Z,EQ-1,89.23,40.86
2026-05-09T17:26:41.2298050Z,EQ-2,90.26,44.39
2026-05-09T17:26:51.2298050Z,EQ-1,92.64,41.14
2026-05-09T17:27:01.2298050Z,EQ-1,86.04,49.53
2026-05-09T17:27:11.2298050Z,EQ-1,90.07,47.43
2026-05-09T17:27:21.2298050Z,EQ-2,91.70,41.92
2026-05-09T17:27:31.2298050Z,EQ-1,88.62,47.96
2026-05-09T17:27:41.2298050Z,EQ-1,90.46,42.93
2026-05-09T17:27:51.2298050Z,EQ-4,86.19,47.28
2026-05-09T17:28:01.2298050Z,EQ-4,93.46,45.34
2026-05-09T17:28:11.2298050Z,EQ-4,88.62,47.47
2026-05-09T17:28:21.2298050Z,EQ-2,86.16,45.25
2026-05-09T17:28:31.2298050Z,EQ-4,92.72,43.66
2026-05-09T17:28:41.2298050Z,EQ-2,97.62,45.39
2026-05-09T17:28:51.2298050Z,EQ-3,99.10,48.67
2026-05-09T17:29:01.2298050Z,EQ-3,96.66,46.24
2026-05-09T17:29:11.2298050Z,EQ-2,99.17,42.51
2026-05-09T17:29:21.2298050Z,EQ-1,95.15,40.52
2026-05-09T17:29:31.2298050Z,EQ-4,98.16,41.65
2026-05-09T17:29:41.2298050Z,EQ-4,89.44,47.26
2026-05-09T17:29:51.2298050Z,EQ-4,96.98,45.05
2026-05-09T17:30:01.2298050Z,EQ-3,89.48,48.06
2026-05-09T17:30:11.2298050Z,EQ-4,97.90,47.39
2026-05-09T17:30:21.2298050Z,EQ-4,95.50,40.07
2026-05-09T17:30:31.2298050Z,EQ-1,97.76,40.02
2026-05-09T17:30:41.2298050Z,EQ-2,90.15,42.48
2026-05-09T17:30:51.2298050Z,EQ-1,96.08,40.30
2026-05-09T17:31:01.2298050Z,EQ-1,93.16,45.45
2026-05-09T17:31:11.2298050Z,EQ-4,99.63,40.37
2026-05-09T17:31:21.2298050Z,EQ-1,99.78,49.92
2026-05-09T17:31:31.2298050Z,EQ-3,98.39,45.79
2026-05-09T17:31:41.2298050Z,EQ-1,97.66,45.23
2026-05-09T17:31:51.2298050Z,EQ-2,86.60,43.21
2026-05-09T17:32:01.2298050Z,EQ-4,91.42,45.99
2026-05-09T17:32:11.2298050Z,EQ-3,99.02,48.83
2026-05-09T17:32:21.2298050Z,EQ-2,87.65,42.63
2026-05-09T17:32:31.2298050Z,EQ-1,85.63,46.98
2026-05-09T17:32:41.2298050Z,EQ-2,97.76,41.08
2026-05-09T17:32:51.2298050Z,EQ-3,86.52,42.90
2026-05-09T17:33:01.2298050Z,EQ-1,92.23,45.85
2026-05-09T17:33:11.2298050Z,EQ-3,93.22,45.68
2026-05-09T17:33:21.2298050Z,EQ-1,93.09,41.13
2026-05-09T17:33:31.2298050Z,EQ-1,92.62,46.91
2026-05-09T17:33:41.2298050Z,EQ-1,97.71,43.93
2026-05-09T17:33:51.2298050Z,EQ-3,96.13,40.85
2026-05-09T17:34:01.2298050Z,EQ-3,89.74,43.62
2026-05-09T17:34:11.2298050Z,EQ-2,92.37,41.88
2026-05-09T17:34:21.2298050Z,EQ-2,87.30,48.03
2026-05-09T17:34:31.2298050Z,EQ-1,87.87,40.95
2026-05-09T17:34:41.2298050Z,EQ-4,95.89,42.83
2026-05-09T17:34:51.2298050Z,EQ-4,94.70,46.79
2026-05-09T17:35:01.2298050Z,EQ-3,93.77,45.55
2026-05-09T17:35:11.2298050Z,EQ-3,93.95,41.46
2026-05-09T17:35:21.2298050Z,EQ-2,98.76,43.48
2026-05-09T17:35:31.2298050Z,EQ-2,85.85,46.20
2026-05-09T17:35:41.2298050Z,EQ-2,94.86,44.74
2026-05-09T17:35:51.2298050Z,EQ-4,88.33,41.93
2026-05-09T17:36:01.2298050Z,EQ-2,91.31,42.73
2026-05-09T17:36:11.2298050Z,EQ-4,87.17,44.22
2026-05-09T17:36:21.2298050Z,EQ-3,95.10,47.54
2026-05-09T17:36:31.2298050Z,EQ-4,99.87,45.80
2026-05-09T17:36:41.2298050Z,EQ-1,98.79,43.19
2026-05-09T17:36:51.2298050Z,EQ-1,96.39,48.48
2026-05-09T17:37:01.2298050Z,EQ-4,95.92,45.50
2026-05-09T17:37:11.2298050Z,EQ-4,91.44,46.26
2026-05-09T17:37:21.2298050Z,EQ-3,85.95,40.06
2026-05-09T17:37:31.2298050Z,EQ-3,91.31,42.27
2026-05-09T17:37:41.2298050Z,EQ-1,97.53,46.62
2026-05-09T17:37:51.2298050Z,EQ-1,88.09,50.00
2026-05-09T17:38:01.2298050Z,EQ-4,86.39,41.84
2026-05-09T17:38:11.2298050Z,EQ-1,99.91,47.60
2026-05-09T17:38:21.2298050Z,EQ-3,86.82,46.70
2026-05-09T17:38:31.2298050Z,EQ-1,91.51,40.36
2026-05-09T17:38:41.2298050Z,EQ-4,98.35,45.36
2026-05-09T17:38:51.2298050Z,EQ-2,91.20,46.87
2026-05-09T17:39:01.2298050Z,EQ-2,85.50,40.85
2026-05-09T17:39:11.2298050Z,EQ-4,92.25,49.79
2026-05-09T17:39:21.2298050Z,EQ-1,96.86,47.98
2026-05-09T17:39:31.2298050Z,EQ-2,98.94,45.90
2026-05-09T17:39:41.2298050Z,EQ-4,94.27,42.06
2026-05-09T17:39:51.2298050Z,EQ-4,93.02,45.18
2026-05-09T17:40:01.2298050Z,EQ-1,97.38,43.20
2026-05-09T17:40:11.2298050Z,EQ-2,94.55,45.76
2026-05-09T17:40:21.2298050Z,EQ-1,97.97,49.49
2026-05-09T17:40:31.2298050Z,EQ-1,93.29,41.77
2026-05-09T17:40:41.2298050Z,EQ-2,95.79,48.44
2026-05-09T17:40:51.2298050Z,EQ-3,87.84,46.59
2026-05-09T17:41:01.2298050Z,EQ-4,88.47,44.73
2026-05-09T17:41:11.2298050Z,EQ-2,95.81,45.30
2026-05-09T17:41:21.2298050Z,EQ-1,99.17,48.62
2026-05-09T17:41:31.2298050Z,EQ-4,99.75,42.61
2026-05-09T17:41:41.2298050Z,EQ-4,90.16,40.76
2026-05-09T17:41:51.2298050Z,EQ-1,93.10,47.49
2026-05-09T17:42:01.2298050Z,EQ-1,90.23,47.52
2026-05-09T17:42:11.2298050Z,EQ-3,94.28,43.06
2026-05-09T17:42:21.2298050Z,EQ-1,96.02,42.24
2026-05-09T17:42:31.2298050Z,EQ-1,91.38,44.09
2026-05-09T17:42:41.2298050Z,EQ-2,96.04,40.00
2026-05-09T17:42:51.2298050Z,EQ-1,98.41,46.39
2026-05-09T17:43:01.2298050Z,EQ-4,86.51,49.85
2026-05-09T17:43:11.2298050Z,EQ-2,92.41,47.80
2026-05-09T17:43:21.2298050Z,EQ-3,96.41,45.71
2026-05-09T17:43:31.2298050Z,EQ-2,94.84,48.57
2026-05-09T17:43:41.2298050Z,EQ-1,85.65,46.96
2026-05-09T17:43:51.2298050Z,EQ-3,90.96,42.78
2026-05-09T17:44:01.2298050Z,EQ-2,85.63,49.65
2026-05-09T17:44:11.2298050Z,EQ-2,91.55,47.66
2026-05-09T17:44:21.2298050Z,EQ-3,92.58,47.27
2026-05-09T17:44:31.2298050Z,EQ-1,96.54,47.19
2026-05-09T17:44:41.2298050Z,EQ-3,93.85,45.46
2026-05-09T17:44:51.2298050Z,EQ-4,98.45,48.88
2026-05-09T17:45:01.2298050Z,EQ-1,98.77,42.07
2026-05-09T17:45:11.2298050Z,EQ-1,94.95,42.40
2026-05-09T17:45:21.2298050Z,EQ-3,85.38,43.51
2026-05-09T17:45:31.2298050Z,EQ-2,90.29,41.57
2026-05-09T17:45:41.2298050Z,EQ-1,93.70,46.38
2026-05-09T17:45:51.2298050Z,EQ-3,87.88,46.72
2026-05-09T17:46:01.2298050Z,EQ-3,98.77,47.03
2026-05-09T17:46:11.2298050Z,EQ-4,95.69,40.55
2026-05-09T17:46:21.2298050Z,EQ-2,86.58,42.38
2026-05-09T17:46:31.2298050Z,EQ-3,86.24,46.50
2026-05-09T17:46:41.2298050Z,EQ-3,91.65,40.16
2026-05-09T17:46:51.2298050Z,EQ-4,99.53,44.93
2026-05-09T17:47:01.2298050Z,EQ-4,94.91,43.93
2026-05-09T17:47:11.2298050Z,EQ-2,94.27,44.33
2026-05-09T17:47:21.2298050Z,EQ-2,85.00,44.96
2026-05-09T17:47:31.2298050Z,EQ-4,91.64,41.17
2026-05-09T17:47:41.2298050Z,EQ-2,98.28,49.84
2026-05-09T17:47:51.2298050Z,EQ-1,98.20,45.89
2026-05-09T17:48:01.2298050Z,EQ-2,93.84,47.14
2026-05-09T17:48:11.2298050Z,EQ-3,88.65,43.04
2026-05-09T17:48:21.2298050Z,EQ-4,93.41,43.72
2026-05-09T17:48:31.2298050Z,EQ-4,92.57,46.54
2026-05-09T17:48:41.2298050Z,EQ-4,89.65,48.64
2026-05-09T17:48:51.2298050Z,EQ-3,93.94,43.03
2026-05-09T17:49:01.2298050Z,EQ-2,97.38,42.07
2026-05-09T17:49:11.2298050Z,EQ-1,99.17,42.94
2026-05-09T17:49:21.2298050Z,EQ-4,91.37,46.06
2026-05-09T17:49:31.2298050Z,EQ-2,86.31,43.70
2026-05-09T17:49:41.2298050Z,EQ-1,89.40,47.22
2026-05-09T17:49:51.2298050Z,EQ-1,96.76,46.02
2026-05-09T17:50:01.2298050Z,EQ-3,88.10,49.63
2026-05-09T17:50:11.2298050Z,EQ-2,93.95,49.87
2026-05-09T17:50:21.2298050Z,EQ-2,92.66,48.06
2026-05-09T17:50:31.2298050Z,EQ-3,90.23,43.02
2026-05-09T17:50:41.2298050Z,EQ-3,90.84,42.80
2026-05-09T17:50:51.2298050Z,EQ-1,93.05,49.04
2026-05-09T17:51:01.2298050Z,EQ-2,99.23,44.79
2026-05-09T17:51:11.2298050Z,EQ-2,91.44,46.89
2026-05-09T17:51:21.2298050Z,EQ-1,88.69,46.64
2026-05-09T17:51:31.2298050Z,EQ-2,99.46,47.85
2026-05-09T17:51:41.2298050Z,EQ-2,96.82,42.47
2026-05-09T17:51:51.2298050Z,EQ-3,94.68,40.35
2026-05-09T17:52:01.2298050Z,EQ-1,86.66,44.47
2026-05-09T17:52:11.2298050Z,EQ-1,85.33,40.11
2026-05-09T17:52:21.2298050Z,EQ-4,89.49,41.93
2026-05-09T17:52:31.2298050Z,EQ-4,98.82,46.69
2026-05-09T17:52:41.2298050Z,EQ-1,92.65,47.36
2026-05-09T17:52:51.2298050Z,EQ-3,91.07,44.85
2026-05-09T17:53:01.2298050Z,EQ-3,99.12,42.36
2026-05-09T17:53:11.2298050Z,EQ-3,88.50,40.94
2026-05-09T17:53:21.2298050Z,EQ-3,88.34,41.03
2026-05-09T17:53:31.2298050Z,EQ-3,85.11,41.30
2026-05-09T17:53:41.2298050Z,EQ-4,97.25,45.13
2026-05-09T17:53:51.2298050Z,EQ-2,95.27,41.68
2026-05-09T17:54:01.2298050Z,EQ-1,98.46,45.21
2026-05-09T17:54:11.2298050Z,EQ-1,92.49,44.88
2026-05-09T17:54:21.2298050Z,EQ-2,88.98,48.13
2026-05-09T17:54:31.2298050Z,EQ-1,91.50,42.11
2026-05-09T17:54:41.2298050Z,EQ-4,88.31,41.52
2026-05-09T17:54:51.2298050Z,EQ-1,91.98,49.61
2026-05-09T17:55:01.2298050Z,EQ-1,86.21,49.86
2026-05-09T17:55:11.2298050Z,EQ-2,94.87,41.09
2026-05-09T17:55:21.2298050Z,EQ-1,98.24,41.42
2026-05-09T17:55:31.2298050Z,EQ-4,87.61,47.85
2026-05-09T17:55:41.2298050Z,EQ-4,92.90,45.82
2026-05-09T17:55:51.2298050Z,EQ-1,85.92,48.55
2026-05-09T17:56:01.2298050Z,EQ-2,98.58,45.55
2026-05-09T17:56:11.2298050Z,EQ-2,85.04,44.67
2026-05-09T17:56:21.2298050Z,EQ-4,92.57,43.56
2026-05-09T17:56:31.2298050Z,EQ-3,97.67,46.48
2026-05-09T17:56:41.2298050Z,EQ-1,90.83,47.56
2026-05-09T17:56:51.2298050Z,EQ-4,91.30,46.10
2026-05-09T17:57:01.2298050Z,EQ-4,96.12,49.27
2026-05-09T17:57:11.2298050Z,EQ-1,90.13,49.27
2026-05-09T17:57:21.2298050Z,EQ-4,90.26,41.20
2026-05-09T17:57:31.2298050Z,EQ-4,90.94,45.04
2026-05-09T17:57:41.2298050Z,EQ-4,98.56,45.97
2026-05-09T17:57:51.2298050Z,EQ-1,94.87,41.65
2026-05-09T17:58:01.2298050Z,EQ-4,95.53,48.16
2026-05-09T17:58:11.2298050Z,EQ-3,88.43,41.48
2026-05-09T17:58:21.2298050Z,EQ-4,90.85,46.10
2026-05-09T17:58:31.2298050Z,EQ-3,93.51,43.61
2026-05-09T17:58:41.2298050Z,EQ-2,98.42,47.58
2026-05-09T17:58:51.2298050Z,EQ-1,86.75,40.69
2026-05-09T17:59:01.2298050Z,EQ-3,93.86,40.39
2026-05-09T17:59:11.2298050Z,EQ-3,99.48,42.79
2026-05-09T17:59:21.2298050Z,EQ-1,96.13,40.54
2026-05-09T17:59:31.2298050Z,EQ-1,96.31,44.87
2026-05-09T17:59:41.2298050Z,EQ-4,90.26,47.48
2026-05-09T17:59:51.2298050Z,EQ-2,88.10,41.56
2026-05-09T18:00:01.2298050Z,EQ-4,93.92,42.95
2026-05-09T18:00:11.2298050Z,EQ-2,96.18,43.15
2026-05-09T18:00:21.2298050Z,EQ-1,88.11,45.44
2026-05-09T18:00:31.2298050Z,EQ-4,96.94,44.46
2026-05-09T18:00:41.2298050Z,EQ-3,96.03,45.28
2026-05-09T18:00:51.2298050Z,EQ-3,90.89,44.89
2026-05-09T18:01:01.2298050Z,EQ-4,90.56,42.60
2026-05-09T18:01:11.2298050Z,EQ-4,96.33,40.80
2026-05-09T18:01:21.2298050Z,EQ-4,93.95,46.01
2026-05-09T18:01:31.2298050Z,EQ-4,90.83,46.44
2026-05-09T18:01:41.2298050Z,EQ-3,89.76,44.12
2026-05-09T18:01:51.2298050Z,EQ-2,88.97,41.61
2026-05-09T18:02:01.2298050Z,EQ-3,94.60,46.58
2026-05-09T18:02:11.2298050Z,EQ-2,86.09,48.52
2026-05-09T18:02:21.2298050Z,EQ-1,85.34,41.58
2026-05-09T18:02:31.2298050Z,EQ-4,98.19,44.95
2026-05-09T18:02:41.2298050Z,EQ-3,93.15,40.11
2026-05-09T18:02:51.2298050Z,EQ-4,99.03,49.41
2026-05-09T18:03:01.2298050Z,EQ-4,97.59,44.09
2026-05-09T18:03:11.2298050Z,EQ-3,94.01,46.87
2026-05-09T18:03:21.2298050Z,EQ-4,95.91,44.75
2026-05-09T18:03:31.2298050Z,EQ-1,90.12,40.34
2026-05-09T18:03:41.2298050Z,EQ-3,86.46,45.86
2026-05-09T18:03:51.2298050Z,EQ-4,85.34,43.57
2026-05-09T18:04:01.2298050Z,EQ-2,97.80,43.93
2026-05-09T18:04:11.2298050Z,EQ-3,90.46,48.08
2026-05-09T18:04:21.2298050Z,EQ-4,89.06,40.28
2026-05-09T18:04:31.2298050Z,EQ-3,86.72,44.55
2026-05-09T18:04:41.2298050Z,EQ-2,89.30,49.87
2026-05-09T18:04:51.2298050Z,EQ-3,89.89,48.69
2026-05-09T18:05:01.2298050Z,EQ-4,97.30,46.90
2026-05-09T18:05:11.2298050Z,EQ-3,89.00,41.20
2026-05-09T18:05:21.2298050Z,EQ-1,90.41,46.82
2026-05-09T18:05:31.2298050Z,EQ-4,87.38,44.21
2026-05-09T18:05:41.2298050Z,EQ-2,89.57,41.55
2026-05-09T18:05:51.2298050Z,EQ-3,91.78,43.04
2026-05-09T18:06:01.2298050Z,EQ-2,90.33,44.14
2026-05-09T18:06:11.2298050Z,EQ-1,99.62,40.33
2026-05-09T18:06:21.2298050Z,EQ-2,92.29,43.58
2026-05-09T18:06:31.2298050Z,EQ-3,97.08,48.35
2026-05-09T18:06:41.2298050Z,EQ-3,89.53,49.90
2026-05-09T18:06:51.2298050Z,EQ-1,91.96,47.18
2026-05-09T18:07:01.2298050Z,EQ-2,88.16,49.84
2026-05-09T18:07:11.2298050Z,EQ-4,98.48,45.56
2026-05-09T18:07:21.2298050Z,EQ-3,96.07,47.03
2026-05-09T18:07:31.2298050Z,EQ-1,95.26,49.28
2026-05-09T18:07:41.2298050Z,EQ-2,89.18,46.46
2026-05-09T18:07:51.2298050Z,EQ-1,91.97,47.57
2026-05-09T18:08:01.2298050Z,EQ-2,91.85,48.64
2026-05-09T18:08:11.2298050Z,EQ-2,87.82,40.83
2026-05-09T18:08:21.2298050Z,EQ-2,93.46,49.21
2026-05-09T18:08:31.2298050Z,EQ-4,95.11,42.24
2026-05-09T18:08:41.2298050Z,EQ-4,85.87,40.10
2026-05-09T18:08:51.2298050Z,EQ-1,92.42,40.90
2026-05-09T18:09:01.2298050Z,EQ-2,90.89,40.17
2026-05-09T18:09:11.2298050Z,EQ-2,93.48,47.36
2026-05-09T18:09:21.2298050Z,EQ-3,99.53,41.13
2026-05-09T18:09:31.2298050Z,EQ-3,85.66,40.27
2026-05-09T18:09:41.2298050Z,EQ-4,92.89,47.46
2026-05-09T18:09:51.2298050Z,EQ-1,88.12,48.78
2026-05-09T18:10:01.2298050Z,EQ-3,85.42,43.37
2026-05-09T18:10:11.2298050Z,EQ-3,98.74,45.72
2026-05-09T18:10:21.2298050Z,EQ-2,91.94,46.49
2026-05-09T18:10:31.2298050Z,EQ-2,93.54,48.73
2026-05-09T18:10:41.2298050Z,EQ-3,98.54,49.07
2026-05-09T18:10:51.2298050Z,EQ-3,94.97,46.26
2026-05-09T18:11:01.2298050Z,EQ-1,98.18,40.62
2026-05-09T18:11:11.2298050Z,EQ-4,92.59,48.63
2026-05-09T18:11:21.2298050Z,EQ-4,92.90,43.36
2026-05-09T18:11:31.2298050Z,EQ-3,85.44,48.71
2026-05-09T18:11:41.2298050Z,EQ-2,96.39,46.68
2026-05-09T18:11:51.2298050Z,EQ-4,90.43,44.36
2026-05-09T18:12:01.2298050Z,EQ-3,88.83,48.93
2026-05-09T18:12:11.2298050Z,EQ-2,88.14,48.75
2026-05-09T18:12:21.2298050Z,EQ-1,91.53,48.06
2026-05-09T18:12:31.2298050Z,EQ-4,92.71,41.18
2026-05-09T18:12:41.2298050Z,EQ-2,98.56,42.80
2026-05-09T18:12:51.2298050Z,EQ-1,88.21,42.04
2026-05-09T18:13:01.2298050Z,EQ-2,97.83,49.75
2026-05-09T18:13:11.2298050Z,EQ-1,92.93,41.34
2026-05-09T18:13:21.2298050Z,EQ-4,90.28,42.65
2026-05-09T18:13:31.2298050Z,EQ-4,95.15,45.85
2026-05-09T18:13:41.2298050Z,EQ-3,85.71,44.82
2026-05-09T18:13:51.2298050Z,EQ-1,99.42,45.87
2026-05-09T18:14:01.2298050Z,EQ-4,91.80,45.80
2026-05-09T18:14:11.2298050Z,EQ-3,90.29,44.59
2026-05-09T18:14:21.2298050Z,EQ-3,96.26,41.77
2026-05-09T18:14:31.2298050Z,EQ-1,93.14,40.17
2026-05-09T18:14:41.2298050Z,EQ-2,86.08,43.10
2026-05-09T18:14:51.2298050Z,EQ-2,94.07,43.07
2026-05-09T18:15:01.2298050Z,EQ-1,95.42,45.11
2026-05-09T18:15:11.2298050Z,EQ-3,95.81,48.40
2026-05-09T18:15:21.2298050Z,EQ-3,87.08,43.83
2026-05-09T18:15:31.2298050Z,EQ-4,91.62,41.27
2026-05-09T18:15:41.2298050Z,EQ-2,95.44,47.89
2026-05-09T18:15:51.2298050Z,EQ-2,87.94,49.36
2026-05-09T18:16:01.2298050Z,EQ-3,86.28,43.50
2026-05-09T18:16:11.2298050Z,EQ-4,93.20,44.14
2026-05-09T18:16:21.2298050Z,EQ-4,95.63,45.00
2026-05-09T18:16:31.2298050Z,EQ-1,89.53,48.98
2026-05-09T18:16:41.2298050Z,EQ-2,97.51,47.76
2026-05-09T18:16:51.2298050Z,EQ-4,94.17,48.39
2026-05-09T18:17:01.2298050Z,EQ-3,93.84,49.60
2026-05-09T18:17:11.2298050Z,EQ-4,99.22,46.85
2026-05-09T18:17:21.2298050Z,EQ-2,99.42,46.46
2026-05-09T18:17:31.2298050Z,EQ-2,97.86,49.39
2026-05-09T18:17:41.2298050Z,EQ-2,96.20,44.72
2026-05-09T18:17:51.2298050Z,EQ-2,97.79,46.16
2026-05-09T18:18:01.2298050Z,EQ-4,87.56,44.44
2026-05-09T18:18:11.2298050Z,EQ-2,96.66,42.95
2026-05-09T18:18:21.2298050Z,EQ-3,85.65,44.61
2026-05-09T18:18:31.2298050Z,EQ-1,95.30,48.81
2026-05-09T18:18:41.2298050Z,EQ-4,96.19,40.10
2026-05-09T18:18:51.2298050Z,EQ-4,93.69,40.11
2026-05-09T18:19:01.2298050Z,EQ-1,87.21,46.41
2026-05-09T18:19:11.2298050Z,EQ-3,86.47,48.39
2026-05-09T18:19:21.2298050Z,EQ-1,90.20,48.06
2026-05-09T18:19:31.2298050Z,EQ-2,85.73,42.84
2026-05-09T18:19:41.2298050Z,EQ-1,96.53,46.65
2026-05-09T18:19:51.2298050Z,EQ-3,93.12,42.16
2026-05-09T18:20:01.2298050Z,EQ-1,92.83,43.98
2026-05-09T18:20:11.2298050Z,EQ-1,85.60,46.44
2026-05-09T18:20:21.2298050Z,EQ-3,88.27,45.38
2026-05-09T18:20:31.2298050Z,EQ-2,99.10,49.90
2026-05-09T18:20:41.2298050Z,EQ-3,86.66,42.73
2026-05-09T18:20:51.2298050Z,EQ-2,94.63,47.26
2026-05-09T18:21:01.2298050Z,EQ-4,91.64,42.54
2026-05-09T18:21:11.2298050Z,EQ-1,98.50,45.90
2026-05-09T18:21:21.2298050Z,EQ-2,94.47,44.97
2026-05-09T18:21:31.2298050Z,EQ-2,85.73,48.74
2026-05-09T18:21:41.2298050Z,EQ-4,95.63,44.99
2026-05-09T18:21:51.2298050Z,EQ-3,91.93,44.74
2026-05-09T18:22:01.2298050Z,EQ-3,88.92,41.92
2026-05-09T18:22:11.2298050Z,EQ-2,99.23,44.33
2026-05-09T18:22:21.2298050Z,EQ-3,97.07,49.08
2026-05-09T18:22:31.2298050Z,EQ-2,98.66,46.80
2026-05-09T18:22:41.2298050Z,EQ-3,99.75,49.94
2026-05-09T18:22:51.2298050Z,EQ-2,94.07,47.10
2026-05-09T18:23:01.2298050Z,EQ-3,90.75,49.23
2026-05-09T18:23:11.2298050Z,EQ-4,87.65,48.36
2026-05-09T18:23:21.2298050Z,EQ-3,90.57,46.36
2026-05-09T18:23:31.2298050Z,EQ-2,99.94,45.78
2026-05-09T18:23:41.2298050Z,EQ-1,97.71,46.27
2026-05-09T18:23:51.2298050Z,EQ-1,86.99,43.86
2026-05-09T18:24:01.2298050Z,EQ-2,89.46,45.97
2026-05-09T18:24:11.2298050Z,EQ-2,92.59,48.95
2026-05-09T18:24:21.2298050Z,EQ-1,91.90,48.58
2026-05-09T18:24:31.2298050Z,EQ-2,87.10,44.09
2026-05-09T18:24:41.2298050Z,EQ-2,89.62,48.08
2026-05-09T18:24:51.2298050Z,EQ-4,89.93,43.71
2026-05-09T18:25:01.2298050Z,EQ-2,91.46,44.85
2026-05-09T18:25:11.2298050Z,EQ-1,99.87,46.85
2026-05-09T18:25:21.2298050Z,EQ-1,91.18,48.56
2026-05-09T18:25:31.2298050Z,EQ-1,95.49,42.44
2026-05-09T18:25:41.2298050Z,EQ-4,88.23,49.80
2026-05-09T18:25:51.2298050Z,EQ-1,97.93,47.91
2026-05-09T18:26:01.2298050Z,EQ-1,93.88,42.77
2026-05-09T18:26:11.2298050Z,EQ-1,89.57,49.80
2026-05-09T18:26:21.2298050Z,EQ-1,93.77,49.95
2026-05-09T18:26:31.2298050Z,EQ-4,87.40,49.48
2026-05-09T18:26:41.2298050Z,EQ-1,94.65,47.03
2026-05-09T18:26:51.2298050Z,EQ-1,88.25,43.70
2026-05-09T18:27:01.2298050Z,EQ-1,88.94,44.78
2026-05-09T18:27:11.2298050Z,EQ-2,96.58,44.26
2026-05-09T18:27:21.2298050Z,EQ-2,93.15,46.38
2026-05-09T18:27:31.2298050Z,EQ-4,89.46,41.45
2026-05-09T18:27:41.2298050Z,EQ-3,99.44,46.01
2026-05-09T18:27:51.2298050Z,EQ-1,95.37,46.77
2026-05-09T18:28:01.2298050Z,EQ-3,97.36,48.78
2026-05-09T18:28:11.2298050Z,EQ-2,86.30,46.52
2026-05-09T18:28:21.2298050Z,EQ-2,95.74,45.55
2026-05-09T18:28:31.2298050Z,EQ-2,87.93,48.02
2026-05-09T18:28:41.2298050Z,EQ-3,96.25,40.08
2026-05-09T18:28:51.2298050Z,EQ-2,94.33,42.61
2026-05-09T18:29:01.2298050Z,EQ-4,97.90,42.34
2026-05-09T18:29:11.2298050Z,EQ-2,96.25,48.03
2026-05-09T18:29:21.2298050Z,EQ-2,97.07,48.54
2026-05-09T18:29:31.2298050Z,EQ-3,94.46,42.81
2026-05-09T18:29:41.2298050Z,EQ-2,93.11,43.83
2026-05-09T18:29:51.2298050Z,EQ-2,87.46,46.03
2026-05-09T18:30:01.2298050Z,EQ-2,88.04,44.81
2026-05-09T18:30:11.2298050Z,EQ-1,96.20,40.51
2026-05-09T18:30:21.2298050Z,EQ-1,99.48,46.10
2026-05-09T18:30:31.2298050Z,EQ-2,85.83,42.63
2026-05-09T18:30:41.2298050Z,EQ-4,98.88,49.11
2026-05-09T18:30:51.2298050Z,EQ-2,92.07,46.90
2026-05-09T18:31:01.2298050Z,EQ-3,89.52,45.01
2026-05-09T18:31:11.2298050Z,EQ-2,96.51,43.30
2026-05-09T18:31:21.2298050Z,EQ-1,85.56,43.33
2026-05-09T18:31:31.2298050Z,EQ-3,88.73,40.72
2026-05-09T18:31:41.2298050Z,EQ-3,96.14,42.97
2026-05-09T18:31:51.2298050Z,EQ-1,87.72,45.03
2026-05-09T18:32:01.2298050Z,EQ-2,87.89,44.05
2026-05-09T18:32:11.2298050Z,EQ-2,89.62,40.25
2026-05-09T18:32:21.2298050Z,EQ-4,92.80,47.08
2026-05-09T18:32:31.2298050Z,EQ-1,92.60,43.41
2026-05-09T18:32:41.2298050Z,EQ-4,99.95,42.46
2026-05-09T18:32:51.2298050Z,EQ-3,87.61,47.09
2026-05-09T18:33:01.2298050Z,EQ-3,87.67,48.55
2026-05-09T18:33:11.2298050Z,EQ-1,95.78,46.68
2026-05-09T18:33:21.2298050Z,EQ-2,88.73,40.01
2026-05-09T18:33:31.2298050Z,EQ-1,91.85,44.84
2026-05-09T18:33:41.2298050Z,EQ-2,95.78,43.13
2026-05-09T18:33:51.2298050Z,EQ-4,94.59,43.10
2026-05-09T18:34:01.2298050Z,EQ-4,90.41,47.85
2026-05-09T18:34:11.2298050Z,EQ-1,98.48,41.11
2026-05-09T18:34:21.2298050Z,EQ-3,97.66,40.99
2026-05-09T18:34:31.2298050Z,EQ-2,91.05,44.26
2026-05-09T18:34:41.2298050Z,EQ-4,88.88,47.76
2026-05-09T18:34:51.2298050Z,EQ-4,95.98,41.80
2026-05-09T18:35:01.2298050Z,EQ-4,99.83,42.77
2026-05-09T18:35:11.2298050Z,EQ-2,93.38,47.93
2026-05-09T18:35:21.2298050Z,EQ-1,93.56,41.19
2026-05-09T18:35:31.2298050Z,EQ-2,98.27,46.70
2026-05-09T18:35:41.2298050Z,EQ-4,96.13,44.47
2026-05-09T18:35:51.2298050Z,EQ-2,93.43,40.20
2026-05-09T18:36:01.2298050Z,EQ-2,95.07,40.70
2026-05-09T18:36:11.2298050Z,EQ-2,88.67,46.66
2026-05-09T18:36:21.2298050Z,EQ-2,99.59,49.70
2026-05-09T18:36:31.2298050Z,EQ-1,95.32,49.89
2026-05-09T18:36:41.2298050Z,EQ-2,86.98,41.56
2026-05-09T18:36:51.2298050Z,EQ-4,97.69,40.72
2026-05-09T18:37:01.2298050Z,EQ-2,90.94,43.24
2026-05-09T18:37:11.2298050Z,EQ-3,92.88,47.45
2026-05-09T18:37:21.2298050Z,EQ-4,99.82,45.61
2026-05-09T18:37:31.2298050Z,EQ-4,93.31,43.91
2026-05-09T18:37:41.2298050Z,EQ-2,90.03,46.51
2026-05-09T18:37:51.2298050Z,EQ-3,93.66,42.12
2026-05-09T18:38:01.2298050Z,EQ-1,85.81,43.46
2026-05-09T18:38:11.2298050Z,EQ-2,95.84,45.22
2026-05-09T18:38:21.2298050Z,EQ-1,95.46,43.46
2026-05-09T18:38:31.2298050Z,EQ-1,92.78,40.31
2026-05-09T18:38:41.2298050Z,EQ-2,92.12,42.04
2026-05-09T18:38:51.2298050Z,EQ-1,92.15,42.03
2026-05-09T18:39:01.2298050Z,EQ-1,94.53,46.17
2026-05-09T18:39:11.2298050Z,EQ-1,97.00,42.25
2026-05-09T18:39:21.2298050Z,EQ-1,91.83,42.44
2026-05-09T18:39:31.2298050Z,EQ-1,97.96,44.04
2026-05-09T18:39:41.2298050Z,EQ-2,91.74,44.79
2026-05-09T18:39:51.2298050Z,EQ-4,92.57,40.97
2026-05-09T18:40:01.2298050Z,EQ-1,99.21,42.87
2026-05-09T18:40:11.2298050Z,EQ-1,98.29,47.25
2026-05-09T18:40:21.2298050Z,EQ-4,94.58,40.90
2026-05-09T18:40:31.2298050Z,EQ-1,98.47,46.97
2026-05-09T18:40:41.2298050Z,EQ-3,87.27,42.24
2026-05-09T18:40:51.2298050Z,EQ-1,86.50,42.99
2026-05-09T18:41:01.2298050Z,EQ-3,89.58,45.68
2026-05-09T18:41:11.2298050Z,EQ-3,93.13,44.88
2026-05-09T18:41:21.2298050Z,EQ-3,99.16,49.41
2026-05-09T18:41:31.2298050Z,EQ-3,88.75,49.99
2026-05-09T18:41:41.2298050Z,EQ-2,87.31,44.29
2026-05-09T18:41:51.2298050Z,EQ-4,99.62,48.43
2026-05-09T18:42:01.2298050Z,EQ-2,98.14,47.71
2026-05-09T18:42:11.2298050Z,EQ-3,89.97,42.23
2026-05-09T18:42:21.2298050Z,EQ-4,91.54,44.50
2026-05-09T18:42:31.2298050Z,EQ-3,86.64,42.74
2026-05-09T18:42:41.2298050Z,EQ-4,96.55,41.93
2026-05-09T18:42:51.2298050Z,EQ-3,90.86,48.52
2026-05-09T18:43:01.2298050Z,EQ-4,90.86,41.79
2026-05-09T18:43:11.2298050Z,EQ-1,99.99,44.61
2026-05-09T18:43:21.2298050Z,EQ-3,93.77,42.89
2026-05-09T18:43:31.2298050Z,EQ-4,92.47,49.57
2026-05-09T18:43:41.2298050Z,EQ-3,99.62,41.95
2026-05-09T18:43:51.2298050Z,EQ-3,91.88,41.95
2026-05-09T18:44:01.2298050Z,EQ-4,96.32,42.01
2026-05-09T18:44:11.2298050Z,EQ-3,94.11,42.69
2026-05-09T18:44:21.2298050Z,EQ-1,100.00,49.95
2026-05-09T18:44:31.2298050Z,EQ-1,93.69,48.10
2026-05-09T18:44:41.2298050Z,EQ-1,94.21,49.97
2026-05-09T18:44:51.2298050Z,EQ-4,91.88,44.24
2026-05-09T18:45:01.2298050Z,EQ-1,92.44,43.71
2026-05-09T18:45:11.2298050Z,EQ-3,86.21,43.98
2026-05-09T18:45:21.2298050Z,EQ-1,85.06,49.63
2026-05-09T18:45:31.2298050Z,EQ-3,85.88,46.72
2026-05-09T18:45:41.2298050Z,EQ-2,90.46,46.36
2026-05-09T18:45:51.2298050Z,EQ-2,90.91,45.63
2026-05-09T18:46:01.2298050Z,EQ-2,89.85,42.67
2026-05-09T18:46:11.2298050Z,EQ-1,90.68,42.30
2026-05-09T18:46:21.2298050Z,EQ-3,97.33,48.06
2026-05-09T18:46:31.2298050Z,EQ-3,91.19,41.46
2026-05-09T18:46:41.2298050Z,EQ-1,95.97,41.09
2026-05-09T18:46:51.2298050Z,EQ-2,88.27,46.57
2026-05-09T18:47:01.2298050Z,EQ-2,99.08,43.01
2026-05-09T18:47:11.2298050Z,EQ-2,86.21,43.43
2026-05-09T18:47:21.2298050Z,EQ-1,97.67,41.43
2026-05-09T18:47:31.2298050Z,EQ-4,91.18,41.75
2026-05-09T18:47:41.2298050Z,EQ-2,89.19,45.53
2026-05-09T18:47:51.2298050Z,EQ-1,88.92,40.65
2026-05-09T18:48:01.2298050Z,EQ-3,96.03,43.64
2026-05-09T18:48:11.2298050Z,EQ-1,85.28,41.02
2026-05-09T18:48:21.2298050Z,EQ-4,86.85,41.79
2026-05-09T18:48:31.2298050Z,EQ-1,98.47,47.38
2026-05-09T18:48:41.2298050Z,EQ-3,85.83,40.14
2026-05-09T18:48:51.2298050Z,EQ-1,98.78,46.50
2026-05-09T18:49:01.2298050Z,EQ-1,91.55,43.50
2026-05-09T18:49:11.2298050Z,EQ-3,85.15,48.87
2026-05-09T18:49:21.2298050Z,EQ-1,97.30,48.59
2026-05-09T18:49:31.2298050Z,EQ-2,91.80,40.67
2026-05-09T18:49:41.2298050Z,EQ-4,97.43,43.93
2026-05-09T18:49:51.2298050Z,EQ-3,89.56,44.90
2026-05-09T18:50:01.2298050Z,EQ-2,87.53,42.19
2026-05-09T18:50:11.2298050Z,EQ-4,85.76,44.78
2026-05-09T18:50:21.2298050Z,EQ-2,97.98,45.78
2026-05-09T18:50:31.2298050Z,EQ-1,89.72,42.44
2026-05-09T18:50:41.2298050Z,EQ-1,86.31,44.62
2026-05-09T18:50:51.2298050Z,EQ-2,97.07,45.73
2026-05-09T18:51:01.2298050Z,EQ-1,96.02,41.21
2026-05-09T18:51:11.2298050Z,EQ-4,94.10,48.12
2026-05-09T18:51:21.2298050Z,EQ-2,86.86,49.57
2026-05-09T18:51:31.2298050Z,EQ-4,87.26,45.08
2026-05-09T18:51:41.2298050Z,EQ-4,98.69,49.71
2026-05-09T18:51:51.2298050Z,EQ-2,95.27,44.58
2026-05-09T18:52:01.2298050Z,EQ-3,92.38,45.47
2026-05-09T18:52:11.2298050Z,EQ-3,91.32,48.97
2026-05-09T18:52:21.2298050Z,EQ-2,94.26,49.25
2026-05-09T18:52:31.2298050Z,EQ-3,99.02,42.19
2026-05-09T18:52:41.2298050Z,EQ-2,98.56,42.02
2026-05-09T18:52:51.2298050Z,EQ-1,98.88,45.07
2026-05-09T18:53:01.2298050Z,EQ-2,86.54,47.20
2026-05-09T18:53:11.2298050Z,EQ-3,90.58,45.77
2026-05-09T18:53:21.2298050Z,EQ-3,97.50,47.39
2026-05-09T18:53:31.2298050Z,EQ-2,86.04,46.64
2026-05-09T18:53:41.2298050Z,EQ-3,87.89,48.73
2026-05-09T18:53:51.2298050Z,EQ-3,93.93,40.73
2026-05-09T18:54:01.2298050Z,EQ-4,88.38,42.38
2026-05-09T18:54:11.2298050Z,EQ-1,98.43,46.42
2026-05-09T18:54:21.2298050Z,EQ-4,92.01,44.08
2026-05-09T18:54:31.2298050Z,EQ-3,94.65,44.70
2026-05-09T18:54:41.2298050Z,EQ-4,90.99,42.61
2026-05-09T18:54:51.2298050Z,EQ-3,96.70,45.41
2026-05-09T18:55:01.2298050Z,EQ-4,87.08,46.49
2026-05-09T18:55:11.2298050Z,EQ-4,85.05,41.00
2026-05-09T18:55:21.2298050Z,EQ-1,91.62,42.64
2026-05-09T18:55:31.2298050Z,EQ-2,95.93,42.22
2026-05-09T18:55:41.2298050Z,EQ-2,97.97,42.51
2026-05-09T18:55:51.2298050Z,EQ-2,87.66,41.36
2026-05-09T18:56:01.2298050Z,EQ-2,92.16,45.63
2026-05-09T18:56:11.2298050Z,EQ-3,95.13,40.28
2026-05-09T18:56:21.2298050Z,EQ-3,99.61,48.25
2026-05-09T18:56:31.2298050Z,EQ-3,94.51,49.87
2026-05-09T18:56:41.2298050Z,EQ-2,88.80,49.50
2026-05-09T18:56:51.2298050Z,EQ-1,90.71,48.22
2026-05-09T18:57:01.2298050Z,EQ-3,94.47,47.30
2026-05-09T18:57:11.2298050Z,EQ-1,99.31,47.28
2026-05-09T18:57:21.2298050Z,EQ-3,94.09,42.57
2026-05-09T18:57:31.2298050Z,EQ-3,89.62,44.05
2026-05-09T18:57:41.2298050Z,EQ-1,96.32,44.72
2026-05-09T18:57:51.2298050Z,EQ-1,87.40,45.70
2026-05-09T18:58:01.2298050Z,EQ-2,90.79,47.06
2026-05-09T18:58:11.2298050Z,EQ-4,97.19,48.48
2026-05-09T18:58:21.2298050Z,EQ-1,88.78,48.17
2026-05-09T18:58:31.2298050Z,EQ-3,93.00,40.56
2026-05-09T18:58:41.2298050Z,EQ-1,86.35,43.07
2026-05-09T18:58:51.2298050Z,EQ-1,98.92,45.23
2026-05-09T18:59:01.2298050Z,EQ-2,85.53,46.89
2026-05-09T18:59:11.2298050Z,EQ-2,90.50,48.24
2026-05-09T18:59:21.2298050Z,EQ-3,92.57,41.03
2026-05-09T18:59:31.2298050Z,EQ-4,95.81,42.94
2026-05-09T18:59:41.2298050Z,EQ-2,95.88,42.24
2026-05-09T18:59:51.2298050Z,EQ-1,96.74,48.44
2026-05-09T19:00:01.2298050Z,EQ-2,90.34,42.36
2026-05-09T19:00:11.2298050Z,EQ-2,97.68,48.91
2026-05-09T19:00:21.2298050Z,EQ-1,95.95,41.36
2026-05-09T19:00:31.2298050Z,EQ-3,90.32,42.95
2026-05-09T19:00:41.2298050Z,EQ-3,95.45,46.13
2026-05-09T19:00:51.2298050Z,EQ-4,86.14,41.35
2026-05-09T19:01:01.2298050Z,EQ-3,85.25,45.38
2026-05-09T19:01:11.2298050Z,EQ-4,94.53,40.22
2026-05-09T19:01:21.2298050Z,EQ-1,93.42,43.06
2026-05-09T19:01:31.2298050Z,EQ-4,91.02,40.34
2026-05-09T19:01:41.2298050Z,EQ-4,99.00,41.77
2026-05-09T19:01:51.2298050Z,EQ-4,94.95,42.81
2026-05-09T19:02:01.2298050Z,EQ-1,98.30,40.19
2026-05-09T19:02:11.2298050Z,EQ-1,91.21,40.30
2026-05-09T19:02:21.2298050Z,EQ-4,85.70,48.88
2026-05-09T19:02:31.2298050Z,EQ-4,93.93,49.68
2026-05-09T19:02:41.2298050Z,EQ-2,99.24,46.90
2026-05-09T19:02:51.2298050Z,EQ-4,87.00,48.35
2026-05-09T19:03:01.2298050Z,EQ-2,96.96,44.50
2026-05-09T19:03:11.2298050Z,EQ-3,93.80,42.17
2026-05-09T19:03:21.2298050Z,EQ-2,89.24,45.12
2026-05-09T19:03:31.2298050Z,EQ-3,99.46,42.34
2026-05-09T19:03:41.2298050Z,EQ-2,99.18,49.69
2026-05-09T19:03:51.2298050Z,EQ-1,92.68,43.65
2026-05-09T19:04:01.2298050Z,EQ-4,90.37,46.82
2026-05-09T19:04:11.2298050Z,EQ-4,95.70,42.02
2026-05-09T19:04:21.2298050Z,EQ-4,91.97,44.09
2026-05-09T19:04:31.2298050Z,EQ-1,91.85,41.44
2026-05-09T19:04:41.2298050Z,EQ-2,88.72,49.97
2026-05-09T19:04:51.2298050Z,EQ-4,93.15,40.18
2026-05-09T19:05:01.2298050Z,EQ-4,86.87,40.60
2026-05-09T19:05:11.2298050Z,EQ-4,87.20,46.15
2026-05-09T19:05:21.2298050Z,EQ-2,87.67,44.77
2026-05-09T19:05:31.2298050Z,EQ-2,94.21,47.38
2026-05-09T19:05:41.2298050Z,EQ-2,86.81,42.31
2026-05-09T19:05:51.2298050Z,EQ-2,92.22,46.86
2026-05-09T19:06:01.2298050Z,EQ-2,98.86,48.77
2026-05-09T19:06:11.2298050Z,EQ-2,96.62,49.66
2026-05-09T19:06:21.2298050Z,EQ-4,87.22,49.76
2026-05-09T19:06:31.2298050Z,EQ-3,97.76,42.16
2026-05-09T19:06:41.2298050Z,EQ-3,91.74,41.93
2026-05-09T19:06:51.2298050Z,EQ-2,87.61,43.46
2026-05-09T19:07:01.2298050Z,EQ-2,92.39,40.89
2026-05-09T19:07:11.2298050Z,EQ-1,95.38,47.40
2026-05-09T19:07:21.2298050Z,EQ-3,94.94,44.47
2026-05-09T19:07:31.2298050Z,EQ-1,93.12,45.45
2026-05-09T19:07:41.2298050Z,EQ-2,99.45,47.91
2026-05-09T19:07:51.2298050Z,EQ-4,87.07,45.01
2026-05-09T19:08:01.2298050Z,EQ-2,92.17,49.64
2026-05-09T19:08:11.2298050Z,EQ-3,90.21,45.38
2026-05-09T19:08:21.2298050Z,EQ-3,94.31,42.76
2026-05-09T19:08:31.2298050Z,EQ-2,89.78,43.88
2026-05-09T19:08:41.2298050Z,EQ-1,90.66,40.17
2026-05-09T19:08:51.2298050Z,EQ-1,94.09,44.27
2026-05-09T19:09:01.2298050Z,EQ-2,91.90,47.59
2026-05-09T19:09:11.2298050Z,EQ-3,98.56,40.54
2026-05-09T19:09:21.2298050Z,EQ-1,85.84,42.23
2026-05-09T19:09:31.2298050Z,EQ-4,94.96,44.84
2026-05-09T19:09:41.2298050Z,EQ-2,89.38,44.98
2026-05-09T19:09:51.2298050Z,EQ-3,98.14,45.40
2026-05-09T19:10:01.2298050Z,EQ-4,97.35,40.41
2026-05-09T19:10:11.2298050Z,EQ-2,96.72,44.89
2026-05-09T19:10:21.2298050Z,EQ-1,93.13,46.19
2026-05-09T19:10:31.2298050Z,EQ-2,90.72,42.46
2026-05-09T19:10:41.2298050Z,EQ-3,95.17,42.04
2026-05-09T19:10:51.2298050Z,EQ-4,89.50,47.98
2026-05-09T19:11:01.2298050Z,EQ-4,96.77,49.10
2026-05-09T19:11:11.2298050Z,EQ-1,99.03,41.41
2026-05-09T19:11:21.2298050Z,EQ-4,97.88,48.75
2026-05-09T19:11:31.2298050Z,EQ-4,93.45,47.54
2026-05-09T19:11:41.2298050Z,EQ-1,86.19,43.24
2026-05-09T19:11:51.2298050Z,EQ-1,85.16,47.61
2026-05-09T19:12:01.2298050Z,EQ-2,99.61,48.78
2026-05-09T19:12:11.2298050Z,EQ-1,90.23,43.72
2026-05-09T19:12:21.2298050Z,EQ-3,95.86,42.83
2026-05-09T19:12:31.2298050Z,EQ-1,89.21,40.41
2026-05-09T19:12:41.2298050Z,EQ-1,97.01,42.62
2026-05-09T19:12:51.2298050Z,EQ-3,96.69,45.16
2026-05-09T19:13:01.2298050Z,EQ-3,96.78,49.30
2026-05-09T19:13:11.2298050Z,EQ-1,97.56,41.21
2026-05-09T19:13:21.2298050Z,EQ-4,90.34,47.26
2026-05-09T19:13:31.2298050Z,EQ-1,97.74,46.20
2026-05-09T19:13:41.2298050Z,EQ-1,85.21,40.28
2026-05-09T19:13:51.2298050Z,EQ-4,89.77,41.21
2026-05-09T19:14:01.2298050Z,EQ-2,99.37,41.48
2026-05-09T19:14:11.2298050Z,EQ-2,97.84,45.45
2026-05-09T19:14:21.2298050Z,EQ-2,93.01,48.12
2026-05-09T19:14:31.2298050Z,EQ-2,97.70,40.08
2026-05-09T19:14:41.2298050Z,EQ-2,98.40,44.70
2026-05-09T19:14:51.2298050Z,EQ-4,88.10,46.28
2026-05-09T19:15:01.2298050Z,EQ-2,98.41,49.35
2026-05-09T19:15:11.2298050Z,EQ-2,88.38,47.21
2026-05-09T19:15:21.2298050Z,EQ-1,99.26,42.96
2026-05-09T19:15:31.2298050Z,EQ-2,95.12,46.15
2026-05-09T19:15:41.2298050Z,EQ-2,96.87,43.21
2026-05-09T19:15:51.2298050Z,EQ-4,88.73,43.21
2026-05-09T19:16:01.2298050Z,EQ-1,91.94,43.68
2026-05-09T19:16:11.2298050Z,EQ-2,99.08,47.87
2026-05-09T19:16:21.2298050Z,EQ-1,90.78,45.71
2026-05-09T19:16:31.2298050Z,EQ-2,97.98,42.38
2026-05-09T19:16:41.2298050Z,EQ-1,97.32,49.30
2026-05-09T19:16:51.2298050Z,EQ-3,89.95,42.84
2026-05-09T19:17:01.2298050Z,EQ-4,95.89,40.26
2026-05-09T19:17:11.2298050Z,EQ-2,92.11,41.61
2026-05-09T19:17:21.2298050Z,EQ-3,87.20,47.63
2026-05-09T19:17:31.2298050Z,EQ-2,89.75,48.92
2026-05-09T19:17:41.2298050Z,EQ-4,92.92,46.77
2026-05-09T19:17:51.2298050Z,EQ-2,86.79,45.57
2026-05-09T19:18:01.2298050Z,EQ-2,95.51,49.05
2026-05-09T19:18:11.2298050Z,EQ-1,98.54,42.08
2026-05-09T19:18:21.2298050Z,EQ-3,98.48,49.63
2026-05-09T19:18:31.2298050Z,EQ-2,87.92,42.73
2026-05-09T19:18:41.2298050Z,EQ-4,89.19,44.23
2026-05-09T19:18:51.2298050Z,EQ-3,86.79,45.45
2026-05-09T19:19:01.2298050Z,EQ-4,94.35,43.60
2026-05-09T19:19:11.2298050Z,EQ-2,85.23,46.88
2026-05-09T19:19:21.2298050Z,EQ-2,89.00,46.23
2026-05-09T19:19:31.2298050Z,EQ-1,95.18,44.03
2026-05-09T19:19:41.2298050Z,EQ-2,97.78,46.51
2026-05-09T19:19:51.2298050Z,EQ-2,98.33,41.02
2026-05-09T19:20:01.2298050Z,EQ-4,99.45,45.02
2026-05-09T19:20:11.2298050Z,EQ-3,94.76,45.66
2026-05-09T19:20:21.2298050Z,EQ-4,92.77,41.38
2026-05-09T19:20:31.2298050Z,EQ-2,91.53,44.54
2026-05-09T19:20:41.2298050Z,EQ-3,92.20,45.23
2026-05-09T19:20:51.2298050Z,EQ-3,87.77,42.46
2026-05-09T19:21:01.2298050Z,EQ-1,97.88,47.06
2026-05-09T19:21:11.2298050Z,EQ-1,91.35,42.47
2026-05-09T19:21:21.2298050Z,EQ-1,98.35,42.87
2026-05-09T19:21:31.2298050Z,EQ-3,92.92,42.04
2026-05-09T19:21:41.2298050Z,EQ-4,99.44,42.58
2026-05-09T19:21:51.2298050Z,EQ-4,94.64,40.02
2026-05-09T19:22:01.2298050Z,EQ-4,89.41,43.29
2026-05-09T19:22:11.2298050Z,EQ-1,97.04,48.58
2026-05-09T19:22:21.2298050Z,EQ-1,94.59,44.64
2026-05-09T19:22:31.2298050Z,EQ-1,86.03,46.76
2026-05-09T19:22:41.2298050Z,EQ-3,91.82,44.99
2026-05-09T19:22:51.2298050Z,EQ-4,87.36,45.32
2026-05-09T19:23:01.2298050Z,EQ-4,86.92,48.46
2026-05-09T19:23:11.2298050Z,EQ-3,89.13,48.78
2026-05-09T19:23:21.2298050Z,EQ-1,94.35,44.91
2026-05-09T19:23:31.2298050Z,EQ-4,88.58,44.92
2026-05-09T19:23:41.2298050Z,EQ-2,94.39,47.12
2026-05-09T19:23:51.2298050Z,EQ-2,99.34,47.13
2026-05-09T19:24:01.2298050Z,EQ-4,93.92,47.56
2026-05-09T19:24:11.2298050Z,EQ-4,86.88,48.67
2026-05-09T19:24:21.2298050Z,EQ-2,88.01,41.37
2026-05-09T19:24:31.2298050Z,EQ-1,92.81,47.93
2026-05-09T19:24:41.2298050Z,EQ-1,95.18,49.25
2026-05-09T19:24:51.2298050Z,EQ-4,99.91,43.90
2026-05-09T19:25:01.2298050Z,EQ-3,89.42,42.02
2026-05-09T19:25:11.2298050Z,EQ-1,95.96,46.13
2026-05-09T19:25:21.2298050Z,EQ-1,97.57,49.32
2026-05-09T19:25:31.2298050Z,EQ-1,88.27,41.04
2026-05-09T19:25:41.2298050Z,EQ-1,95.88,42.78
2026-05-09T19:25:51.2298050Z,EQ-3,99.64,46.71
2026-05-09T19:26:01.2298050Z,EQ-2,91.50,45.86
2026-05-09T19:26:11.2298050Z,EQ-3,97.47,48.10
2026-05-09T19:26:21.2298050Z,EQ-4,93.71,47.96
2026-05-09T19:26:31.2298050Z,EQ-1,85.59,42.78
2026-05-09T19:26:41.2298050Z,EQ-1,92.82,49.80
2026-05-09T19:26:51.2298050Z,EQ-1,99.56,41.37
2026-05-09T19:27:01.2298050Z,EQ-3,90.92,46.78
2026-05-09T19:27:11.2298050Z,EQ-3,89.33,44.13
2026-05-09T19:27:21.2298050Z,EQ-3,88.59,44.77
2026-05-09T19:27:31.2298050Z,EQ-3,87.13,45.34
2026-05-09T19:27:41.2298050Z,EQ-3,91.44,41.15
2026-05-09T19:27:51.2298050Z,EQ-1,86.39,40.27
2026-05-09T19:28:01.2298050Z,EQ-3,94.13,45.06
2026-05-09T19:28:11.2298050Z,EQ-3,89.45,45.11
2026-05-09T19:28:21.2298050Z,EQ-4,87.19,48.07
2026-05-09T19:28:31.2298050Z,EQ-1,96.35,46.46
2026-05-09T19:28:41.2298050Z,EQ-1,98.57,41.23
2026-05-09T19:28:51.2298050Z,EQ-4,94.57,46.31
2026-05-09T19:29:01.2298050Z,EQ-3,94.39,49.26
2026-05-09T19:29:11.2298050Z,EQ-4,96.51,40.43
2026-05-09T19:29:21.2298050Z,EQ-3,91.97,43.07
2026-05-09T19:29:31.2298050Z,EQ-3,95.62,46.88
2026-05-09T19:29:41.2298050Z,EQ-2,91.98,48.67
2026-05-09T19:29:51.2298050Z,EQ-2,91.06,44.97
2026-05-09T19:30:01.2298050Z,EQ-2,92.01,45.55
2026-05-09T19:30:11.2298050Z,EQ-2,98.75,47.47
2026-05-09T19:30:21.2298050Z,EQ-1,93.92,45.72
2026-05-09T19:30:31.2298050Z,EQ-3,91.23,45.70
2026-05-09T19:30:41.2298050Z,EQ-4,87.19,45.35
2026-05-09T19:30:51.2298050Z,EQ-2,88.08,44.39
2026-05-09T19:31:01.2298050Z,EQ-1,88.54,49.61
2026-05-09T19:31:11.2298050Z,EQ-4,98.57,49.69
2026-05-09T19:31:21.2298050Z,EQ-2,87.66,47.08
2026-05-09T19:31:31.2298050Z,EQ-1,91.42,48.18
2026-05-09T19:31:41.2298050Z,EQ-2,98.69,46.45
2026-05-09T19:31:51.2298050Z,EQ-1,99.80,45.61
2026-05-09T19:32:01.2298050Z,EQ-3,92.10,48.31
2026-05-09T19:32:11.2298050Z,EQ-1,91.89,48.37
2026-05-09T19:32:21.2298050Z,EQ-2,98.86,49.84
2026-05-09T19:32:31.2298050Z,EQ-2,87.64,45.81
2026-05-09T19:32:41.2298050Z,EQ-2,88.28,45.57
2026-05-09T19:32:51.2298050Z,EQ-1,92.58,48.05
2026-05-09T19:33:01.2298050Z,EQ-3,89.46,49.40
2026-05-09T19:33:11.2298050Z,EQ-2,90.43,42.25
2026-05-09T19:33:21.2298050Z,EQ-1,99.25,49.45
2026-05-09T19:33:31.2298050Z,EQ-2,90.82,43.64
2026-05-09T19:33:41.2298050Z,EQ-1,86.65,42.99
2026-05-09T19:33:51.2298050Z,EQ-2,90.70,40.07
2026-05-09T19:34:01.2298050Z,EQ-4,91.55,42.87
2026-05-09T19:34:11.2298050Z,EQ-3,87.64,41.33
2026-05-09T19:34:21.2298050Z,EQ-4,93.84,43.95
2026-05-09T19:34:31.2298050Z,EQ-3,95.34,42.94
2026-05-09T19:34:41.2298050Z,EQ-1,85.16,40.49
2026-05-09T19:34:51.2298050Z,EQ-1,92.61,45.31
2026-05-09T19:35:01.2298050Z,EQ-4,89.01,49.39
2026-05-09T19:35:11.2298050Z,EQ-4,88.63,41.23
2026-05-09T19:35:21.2298050Z,EQ-1,85.39,46.48
2026-05-09T19:35:31.2298050Z,EQ-1,94.55,44.36
2026-05-09T19:35:41.2298050Z,EQ-2,96.61,41.43
2026-05-09T19:35:51.2298050Z,EQ-4,96.86,46.88
2026-05-09T19:36:01.2298050Z,EQ-2,88.17,47.35
2026-05-09T19:36:11.2298050Z,EQ-4,91.97,40.64
2026-05-09T19:36:21.2298050Z,EQ-3,85.74,44.57
2026-05-09T19:36:31.2298050Z,EQ-2,94.01,43.91
2026-05-09T19:36:41.2298050Z,EQ-1,91.48,42.11
2026-05-09T19:36:51.2298050Z,EQ-3,98.39,44.49
2026-05-09T19:37:01.2298050Z,EQ-4,97.47,44.45
2026-05-09T19:37:11.2298050Z,EQ-1,95.14,48.77
2026-05-09T19:37:21.2298050Z,EQ-2,91.72,43.90
2026-05-09T19:37:31.2298050Z,EQ-1,97.12,48.43
2026-05-09T19:37:41.2298050Z,EQ-1,93.92,44.63
2026-05-09T19:37:51.2298050Z,EQ-4,86.79,42.78
2026-05-09T19:38:01.2298050Z,EQ-3,97.18,47.06
2026-05-09T19:38:11.2298050Z,EQ-2,96.98,47.41
2026-05-09T19:38:21.2298050Z,EQ-2,96.96,43.94
2026-05-09T19:38:31.2298050Z,EQ-1,89.13,42.14
2026-05-09T19:38:41.2298050Z,EQ-2,93.24,45.77
2026-05-09T19:38:51.2298050Z,EQ-2,99.53,47.86
2026-05-09T19:39:01.2298050Z,EQ-3,99.34,41.25
2026-05-09T19:39:11.2298050Z,EQ-3,88.65,46.39
2026-05-09T19:39:21.2298050Z,EQ-3,91.36,40.48
2026-05-09T19:39:31.2298050Z,EQ-4,88.72,42.58
2026-05-09T19:39:41.2298050Z,EQ-2,88.98,49.99
2026-05-09T19:39:51.2298050Z,EQ-1,90.80,40.86
2026-05-09T19:40:01.2298050Z,EQ-4,96.00,47.93
2026-05-09T19:40:11.2298050Z,EQ-4,89.75,44.60
2026-05-09T19:40:21.2298050Z,EQ-4,88.90,43.67
2026-05-09T19:40:31.2298050Z,EQ-1,98.86,43.46
2026-05-09T19:40:41.2298050Z,EQ-4,94.84,49.17
2026-05-09T19:40:51.2298050Z,EQ-3,87.92,49.13
2026-05-09T19:41:01.2298050Z,EQ-3,87.05,43.30
2026-05-09T19:41:11.2298050Z,EQ-3,88.76,49.72
2026-05-09T19:41:21.2298050Z,EQ-4,97.99,49.46
2026-05-09T19:41:31.2298050Z,EQ-3,87.70,49.55
2026-05-09T19:41:41.2298050Z,EQ-4,92.12,45.31
2026-05-09T19:41:51.2298050Z,EQ-2,85.25,43.47
2026-05-09T19:42:01.2298050Z,EQ-2,86.91,45.61
2026-05-09T19:42:11.2298050Z,EQ-1,99.58,47.06
2026-05-09T19:42:21.2298050Z,EQ-3,95.98,42.66
2026-05-09T19:42:31.2298050Z,EQ-4,88.17,45.43
2026-05-09T19:42:41.2298050Z,EQ-3,90.86,47.47
2026-05-09T19:42:51.2298050Z,EQ-3,90.71,45.74
2026-05-09T19:43:01.2298050Z,EQ-1,96.45,45.37
2026-05-09T19:43:11.2298050Z,EQ-4,85.51,46.83
2026-05-09T19:43:21.2298050Z,EQ-4,99.29,43.77
2026-05-09T19:43:31.2298050Z,EQ-4,99.35,47.21
2026-05-09T19:43:41.2298050Z,EQ-3,99.61,47.43
2026-05-09T19:43:51.2298050Z,EQ-4,85.43,42.28
2026-05-09T19:44:01.2298050Z,EQ-3,91.56,41.42
2026-05-09T19:44:11.2298050Z,EQ-2,97.54,46.40
2026-05-09T19:44:21.2298050Z,EQ-1,99.14,40.90
2026-05-09T19:44:31.2298050Z,EQ-1,95.08,44.04
2026-05-09T19:44:41.2298050Z,EQ-3,86.57,44.06
2026-05-09T19:44:51.2298050Z,EQ-4,96.43,49.26
2026-05-09T19:45:01.2298050Z,EQ-4,98.63,47.41
2026-05-09T19:45:11.2298050Z,EQ-2,100.00,42.74
2026-05-09T19:45:21.2298050Z,EQ-3,86.88,47.25
2026-05-09T19:45:31.2298050Z,EQ-3,87.80,46.22
2026-05-09T19:45:41.2298050Z,EQ-1,88.70,42.00
2026-05-09T19:45:51.2298050Z,EQ-4,85.29,42.04
2026-05-09T19:46:01.2298050Z,EQ-1,88.80,43.65
2026-05-09T19:46:11.2298050Z,EQ-4,90.52,46.62
2026-05-09T19:46:21.2298050Z,EQ-3,87.66,43.42
2026-05-09T19:46:31.2298050Z,EQ-2,85.23,48.36
2026-05-09T19:46:41.2298050Z,EQ-3,94.32,42.14
2026-05-09T19:46:51.2298050Z,EQ-4,90.61,40.18
2026-05-09T19:47:01.2298050Z,EQ-3,93.24,49.05
2026-05-09T19:47:11.2298050Z,EQ-3,86.61,46.49
2026-05-09T19:47:21.2298050Z,EQ-4,92.05,41.38
2026-05-09T19:47:31.2298050Z,EQ-1,92.66,41.37
2026-05-09T19:47:41.2298050Z,EQ-3,94.91,48.81
2026-05-09T19:47:51.2298050Z,EQ-4,89.34,44.18
2026-05-09T19:48:01.2298050Z,EQ-4,88.71,40.69
2026-05-09T19:48:11.2298050Z,EQ-4,95.68,48.77
2026-05-09T19:48:21.2298050Z,EQ-1,86.83,46.46
2026-05-09T19:48:31.2298050Z,EQ-4,87.62,40.29
2026-05-09T19:48:41.2298050Z,EQ-1,93.36,46.51
2026-05-09T19:48:51.2298050Z,EQ-4,95.13,41.11
2026-05-09T19:49:01.2298050Z,EQ-4,90.28,42.96
2026-05-09T19:49:11.2298050Z,EQ-4,92.88,45.70
2026-05-09T19:49:21.2298050Z,EQ-2,92.74,49.95
2026-05-09T19:49:31.2298050Z,EQ-1,90.42,45.77
2026-05-09T19:49:41.2298050Z,EQ-4,91.14,48.94
2026-05-09T19:49:51.2298050Z,EQ-3,92.72,40.11
2026-05-09T19:50:01.2298050Z,EQ-4,92.76,40.14
2026-05-09T19:50:11.2298050Z,EQ-3,94.73,46.91
2026-05-09T19:50:21.2298050Z,EQ-2,97.61,45.91
2026-05-09T19:50:31.2298050Z,EQ-3,98.67,42.47
2026-05-09T19:50:41.2298050Z,EQ-2,91.17,49.30
2026-05-09T19:50:51.2298050Z,EQ-4,95.55,49.45
2026-05-09T19:51:01.2298050Z,EQ-4,91.61,46.28
2026-05-09T19:51:11.2298050Z,EQ-1,91.47,45.35
2026-05-09T19:51:21.2298050Z,EQ-4,94.79,42.01
2026-05-09T19:51:31.2298050Z,EQ-4,89.15,43.10
2026-05-09T19:51:41.2298050Z,EQ-2,98.14,45.41
2026-05-09T19:51:51.2298050Z,EQ-4,91.99,45.67
2026-05-09T19:52:01.2298050Z,EQ-4,98.59,43.98
2026-05-09T19:52:11.2298050Z,EQ-4,90.67,41.71
2026-05-09T19:52:21.2298050Z,EQ-3,88.86,45.61
2026-05-09T19:52:31.2298050Z,EQ-2,91.27,43.82
2026-05-09T19:52:41.2298050Z,EQ-1,93.14,44.73
2026-05-09T19:52:51.2298050Z,EQ-3,93.16,44.48
2026-05-09T19:53:01.2298050Z,EQ-4,89.06,44.64
2026-05-09T19:53:11.2298050Z,EQ-4,89.91,47.63
2026-05-09T19:53:21.2298050Z,EQ-3,98.98,45.28
2026-05-09T19:53:31.2298050Z,EQ-1,86.78,43.52
2026-05-09T19:53:41.2298050Z,EQ-1,85.64,43.99
2026-05-09T19:53:51.2298050Z,EQ-2,87.60,42.29
2026-05-09T19:54:01.2298050Z,EQ-3,94.17,49.44
2026-05-09T19:54:11.2298050Z,EQ-4,95.10,41.75
2026-05-09T19:54:21.2298050Z,EQ-3,91.20,44.07
2026-05-09T19:54:31.2298050Z,EQ-1,93.04,45.83
2026-05-09T19:54:41.2298050Z,EQ-1,85.04,49.07
2026-05-09T19:54:51.2298050Z,EQ-1,96.72,44.24
2026-05-09T19:55:01.2298050Z,EQ-3,86.83,49.42
2026-05-09T19:55:11.2298050Z,EQ-3,94.08,46.80
2026-05-09T19:55:21.2298050Z,EQ-1,92.09,45.09
2026-05-09T19:55:31.2298050Z,EQ-1,91.98,44.84
2026-05-09T19:55:41.2298050Z,EQ-4,92.04,44.74
2026-05-09T19:55:51.2298050Z,EQ-3,98.01,49.75
2026-05-09T19:56:01.2298050Z,EQ-2,89.31,45.57
2026-05-09T19:56:11.2298050Z,EQ-1,85.59,45.32
2026-05-09T19:56:21.2298050Z,EQ-4,92.98,46.81
2026-05-09T19:56:31.2298050Z,EQ-4,89.07,41.81
2026-05-09T19:56:41.2298050Z,EQ-4,96.17,40.07
2026-05-09T19:56:51.2298050Z,EQ-4,91.61,40.54
2026-05-09T19:57:01.2298050Z,EQ-4,88.19,41.40
2026-05-09T19:57:11.2298050Z,EQ-3,95.34,45.53
2026-05-09T19:57:21.2298050Z,EQ-1,86.36,47.28
2026-05-09T19:57:31.2298050Z,EQ-3,90.80,41.14
2026-05-09T19:57:41.2298050Z,EQ-2,92.51,41.90
2026-05-09T19:57:51.2298050Z,EQ-4,93.11,44.09
2026-05-09T19:58:01.2298050Z,EQ-3,95.62,40.88
2026-05-09T19:58:11.2298050Z,EQ-4,91.55,48.74
2026-05-09T19:58:21.2298050Z,EQ-4,93.09,46.23
2026-05-09T19:58:31.2298050Z,EQ-1,86.48,47.66
2026-05-09T19:58:41.2298050Z,EQ-3,93.55,44.01
2026-05-09T19:58:51.2298050Z,EQ-4,88.47,44.74
2026-05-09T19:59:01.2298050Z,EQ-2,95.04,45.01
2026-05-09T19:59:11.2298050Z,EQ-2,96.86,47.34
2026-05-09T19:59:21.2298050Z,EQ-2,99.26,48.84
2026-05-09T19:59:31.2298050Z,EQ-4,85.74,47.60
2026-05-09T19:59:41.2298050Z,EQ-3,87.28,44.96
2026-05-09T19:59:51.2298050Z,EQ-3,95.25,40.61
2026-05-09T20:00:01.2298050Z,EQ-1,96.57,44.13
2026-05-09T20:00:11.2298050Z,EQ-2,95.82,48.67
2026-05-09T20:00:21.2298050Z,EQ-4,85.75,41.23
2026-05-09T20:00:31.2298050Z,EQ-2,97.67,44.30
2026-05-09T20:00:41.2298050Z,EQ-1,97.39,46.82
2026-05-09T20:00:51.2298050Z,EQ-3,87.60,49.07
2026-05-09T20:01:01.2298050Z,EQ-4,93.64,44.34
2026-05-09T20:01:11.2298050Z,EQ-3,96.63,47.35
2026-05-09T20:01:21.2298050Z,EQ-2,90.89,44.32
2026-05-09T20:01:31.2298050Z,EQ-1,92.77,42.84
2026-05-09T20:01:41.2298050Z,EQ-1,88.16,48.07
2026-05-09T20:01:51.2298050Z,EQ-4,99.56,45.67
2026-05-09T20:02:01.2298050Z,EQ-3,96.17,49.96
2026-05-09T20:02:11.2298050Z,EQ-2,96.32,47.75
2026-05-09T20:02:21.2298050Z,EQ-1,85.62,40.84
2026-05-09T20:02:31.2298050Z,EQ-3,97.95,43.10
2026-05-09T20:02:41.2298050Z,EQ-1,91.44,40.39
2026-05-09T20:02:51.2298050Z,EQ-4,85.10,40.47
2026-05-09T20:03:01.2298050Z,EQ-2,88.22,45.36
2026-05-09T20:03:11.2298050Z,EQ-3,92.39,40.28
2026-05-09T20:03:21.2298050Z,EQ-3,95.32,43.62
2026-05-09T20:03:31.2298050Z,EQ-3,97.95,43.09
2026-05-09T20:03:41.2298050Z,EQ-1,85.14,49.66
2026-05-09T20:03:51.2298050Z,EQ-3,87.01,44.71
2026-05-09T20:04:01.2298050Z,EQ-3,95.11,44.35
2026-05-09T20:04:11.2298050Z,EQ-2,97.36,42.44
2026-05-09T20:04:21.2298050Z,EQ-2,88.77,42.92
2026-05-09T20:04:31.2298050Z,EQ-2,95.08,43.79
2026-05-09T20:04:41.2298050Z,EQ-1,97.24,49.70
2026-05-09T20:04:51.2298050Z,EQ-4,89.27,43.36
2026-05-09T20:05:01.2298050Z,EQ-1,88.63,43.40
2026-05-09T20:05:11.2298050Z,EQ-2,88.22,43.30
2026-05-09T20:05:21.2298050Z,EQ-1,90.85,47.20
2026-05-09T20:05:31.2298050Z,EQ-1,96.96,43.65
2026-05-09T20:05:41.2298050Z,EQ-1,90.77,48.51
2026-05-09T20:05:51.2298050Z,EQ-4,89.84,41.99
2026-05-09T20:06:01.2298050Z,EQ-4,89.27,47.86
2026-05-09T20:06:11.2298050Z,EQ-1,95.83,41.08
2026-05-09T20:06:21.2298050Z,EQ-2,89.03,45.99
2026-05-09T20:06:31.2298050Z,EQ-1,88.03,48.15
2026-05-09T20:06:41.2298050Z,EQ-3,85.55,46.02
2026-05-09T20:06:51.2298050Z,EQ-1,99.97,45.77
2026-05-09T20:07:01.2298050Z,EQ-1,98.06,41.15
2026-05-09T20:07:11.2298050Z,EQ-1,91.82,41.87
2026-05-09T20:07:21.2298050Z,EQ-4,87.89,45.62
2026-05-09T20:07:31.2298050Z,EQ-3,85.91,47.67
2026-05-09T20:07:41.2298050Z,EQ-1,90.41,44.80
2026-05-09T20:07:51.2298050Z,EQ-2,94.02,45.20
2026-05-09T20:08:01.2298050Z,EQ-4,99.05,42.69
2026-05-09T20:08:11.2298050Z,EQ-4,89.42,43.64
2026-05-09T20:08:21.2298050Z,EQ-3,97.84,40.33
2026-05-09T20:08:31.2298050Z,EQ-4,95.60,43.11
2026-05-09T20:08:41.2298050Z,EQ-2,93.94,43.61
2026-05-09T20:08:51.2298050Z,EQ-2,92.47,45.16
2026-05-09T20:09:01.2298050Z,EQ-3,90.87,47.14
2026-05-09T20:09:11.2298050Z,EQ-1,98.66,48.34
2026-05-09T20:09:21.2298050Z,EQ-4,89.15,44.84
2026-05-09T20:09:31.2298050Z,EQ-4,90.77,40.31
2026-05-09T20:09:41.2298050Z,EQ-2,98.49,47.98
2026-05-09T20:09:51.2298050Z,EQ-2,85.27,43.05
2026-05-09T20:10:01.2298050Z,EQ-1,88.18,42.92
2026-05-09T20:10:11.2298050Z,EQ-3,95.74,43.97
2026-05-09T20:10:21.2298050Z,EQ-1,91.73,48.25
2026-05-09T20:10:31.2298050Z,EQ-4,90.65,47.42
2026-05-09T20:10:41.2298050Z,EQ-3,96.96,44.43
2026-05-09T20:10:51.2298050Z,EQ-4,85.29,49.82
2026-05-09T20:11:01.2298050Z,EQ-3,90.45,44.70
2026-05-09T20:11:11.2298050Z,EQ-1,98.61,42.59
2026-05-09T20:11:21.2298050Z,EQ-3,96.38,47.60
2026-05-09T20:11:31.2298050Z,EQ-2,89.78,41.81
2026-05-09T20:11:41.2298050Z,EQ-3,87.59,49.31
2026-05-09T20:11:51.2298050Z,EQ-4,86.47,44.94
2026-05-09T20:12:01.2298050Z,EQ-1,86.18,44.90
2026-05-09T20:12:11.2298050Z,EQ-2,89.04,46.67
2026-05-09T20:12:21.2298050Z,EQ-2,89.29,49.18
2026-05-09T20:12:31.2298050Z,EQ-4,91.47,41.93
2026-05-09T20:12:41.2298050Z,EQ-4,86.21,41.18
2026-05-09T20:12:51.2298050Z,EQ-1,91.32,46.15
2026-05-09T20:13:01.2298050Z,EQ-4,98.99,41.58
2026-05-09T20:13:11.2298050Z,EQ-2,94.45,46.82
2026-05-09T20:13:21.2298050Z,EQ-4,90.47,46.02
2026-05-09T20:13:31.2298050Z,EQ-3,94.41,47.66
2026-05-09T20:13:41.2298050Z,EQ-3,98.22,46.39
2026-05-09T20:13:51.2298050Z,EQ-1,85.89,47.80
2026-05-09T20:14:01.2298050Z,EQ-1,91.96,46.66
2026-05-09T20:14:11.2298050Z,EQ-2,85.14,42.78
2026-05-09T20:14:21.2298050Z,EQ-2,95.28,42.66
2026-05-09T20:14:31.2298050Z,EQ-2,85.02,46.06
2026-05-09T20:14:41.2298050Z,EQ-3,87.20,49.37
2026-05-09T20:14:51.2298050Z,EQ-3,97.79,46.81
2026-05-09T20:15:01.2298050Z,EQ-4,91.83,45.04
2026-05-09T20:15:11.2298050Z,EQ-4,90.09,49.94
2026-05-09T20:15:21.2298050Z,EQ-4,96.28,48.82
2026-05-09T20:15:31.2298050Z,EQ-1,97.51,40.83
2026-05-09T20:15:41.2298050Z,EQ-3,85.88,41.25
2026-05-09T20:15:51.2298050Z,EQ-4,90.36,50.00
2026-05-09T20:16:01.2298050Z,EQ-4,89.37,44.69
2026-05-09T20:16:11.2298050Z,EQ-3,93.69,47.83
2026-05-09T20:16:21.2298050Z,EQ-3,98.33,46.29
2026-05-09T20:16:31.2298050Z,EQ-2,89.61,44.35
2026-05-09T20:16:41.2298050Z,EQ-2,86.23,45.24
2026-05-09T20:16:51.2298050Z,EQ-3,88.68,42.12
2026-05-09T20:17:01.2298050Z,EQ-1,87.39,44.68
2026-05-09T20:17:11.2298050Z,EQ-4,97.39,48.65
2026-05-09T20:17:21.2298050Z,EQ-2,86.34,47.13
2026-05-09T20:17:31.2298050Z,EQ-4,87.79,48.83
2026-05-09T20:17:41.2298050Z,EQ-4,95.39,49.72
2026-05-09T20:17:51.2298050Z,EQ-2,98.29,41.00
2026-05-09T20:18:01.2298050Z,EQ-1,95.89,45.01
2026-05-09T20:18:11.2298050Z,EQ-2,89.97,46.67
2026-05-09T20:18:21.2298050Z,EQ-2,87.05,47.58
2026-05-09T20:18:31.2298050Z,EQ-1,98.88,44.28
2026-05-09T20:18:41.2298050Z,EQ-3,96.72,47.03
2026-05-09T20:18:51.2298050Z,EQ-4,87.04,48.72
2026-05-09T20:19:01.2298050Z,EQ-2,92.93,44.93
2026-05-09T20:19:11.2298050Z,EQ-2,91.38,46.04
2026-05-09T20:19:21.2298050Z,EQ-4,87.65,40.21
2026-05-09T20:19:31.2298050Z,EQ-4,92.26,42.80
2026-05-09T20:19:41.2298050Z,EQ-4,95.76,43.62
2026-05-09T20:19:51.2298050Z,EQ-3,90.30,49.54
2026-05-09T20:20:01.2298050Z,EQ-3,91.32,43.55
2026-05-09T20:20:11.2298050Z,EQ-1,93.48,49.08
2026-05-09T20:20:21.2298050Z,EQ-4,86.01,41.96
2026-05-09T20:20:31.2298050Z,EQ-3,87.97,46.86
2026-05-09T20:20:41.2298050Z,EQ-4,93.79,49.03
2026-05-09T20:20:51.2298050Z,EQ-2,96.75,43.43
2026-05-09T20:21:01.2298050Z,EQ-2,95.33,43.04
2026-05-09T20:21:11.2298050Z,EQ-3,94.30,43.20
2026-05-09T20:21:21.2298050Z,EQ-1,92.93,40.07
2026-05-09T20:21:31.2298050Z,EQ-4,89.93,45.76
2026-05-09T20:21:41.2298050Z,EQ-4,96.16,48.82
2026-05-09T20:21:51.2298050Z,EQ-4,99.55,45.09
2026-05-09T20:22:01.2298050Z,EQ-3,98.43,42.45
2026-05-09T20:22:11.2298050Z,EQ-4,91.95,40.77
2026-05-09T20:22:21.2298050Z,EQ-3,93.56,43.64
2026-05-09T20:22:31.2298050Z,EQ-3,98.34,48.95
2026-05-09T20:22:41.2298050Z,EQ-1,99.10,46.75
2026-05-09T20:22:51.2298050Z,EQ-4,97.65,44.31
2026-05-09T20:23:01.2298050Z,EQ-2,93.90,43.50
2026-05-09T20:23:11.2298050Z,EQ-4,94.15,43.39
2026-05-09T20:23:21.2298050Z,EQ-3,85.72,49.02
2026-05-09T20:23:31.2298050Z,EQ-4,94.40,49.96
2026-05-09T20:23:41.2298050Z,EQ-3,95.71,42.34
2026-05-09T20:23:51.2298050Z,EQ-3,89.57,43.54
2026-05-09T20:24:01.2298050Z,EQ-4,98.97,41.00
2026-05-09T20:24:11.2298050Z,EQ-1,97.08,40.09
2026-05-09T20:24:21.2298050Z,EQ-2,96.35,42.54
2026-05-09T20:24:31.2298050Z,EQ-4,85.27,46.91
2026-05-09T20:24:41.2298050Z,EQ-2,90.85,45.63
2026-05-09T20:24:51.2298050Z,EQ-3,85.77,41.72
2026-05-09T20:25:01.2298050Z,EQ-3,96.50,47.46
2026-05-09T20:25:11.2298050Z,EQ-3,88.78,49.23
2026-05-09T20:25:21.2298050Z,EQ-1,93.27,43.01
2026-05-09T20:25:31.2298050Z,EQ-2,96.97,41.57
2026-05-09T20:25:41.2298050Z,EQ-2,89.18,43.30
2026-05-09T20:25:51.2298050Z,EQ-3,93.97,45.29
2026-05-09T20:26:01.2298050Z,EQ-4,85.93,40.83
2026-05-09T20:26:11.2298050Z,EQ-1,92.71,46.56
2026-05-09T20:26:21.2298050Z,EQ-2,89.47,46.17
2026-05-09T20:26:31.2298050Z,EQ-2,92.04,49.79
2026-05-09T20:26:41.2298050Z,EQ-2,94.60,42.61
2026-05-09T20:26:51.2298050Z,EQ-2,90.84,40.84
2026-05-09T20:27:01.2298050Z,EQ-2,96.67,46.44
2026-05-09T20:27:11.2298050Z,EQ-1,93.80,46.86
2026-05-09T20:27:21.2298050Z,EQ-2,98.76,48.02
2026-05-09T20:27:31.2298050Z,EQ-3,94.72,42.63
2026-05-09T20:27:41.2298050Z,EQ-4,93.07,49.89
2026-05-09T20:27:51.2298050Z,EQ-1,94.63,44.02
2026-05-09T20:28:01.2298050Z,EQ-3,98.60,49.69
2026-05-09T20:28:11.2298050Z,EQ-1,90.18,41.53
2026-05-09T20:28:21.2298050Z,EQ-2,97.50,42.61
2026-05-09T20:28:31.2298050Z,EQ-2,93.54,49.63
2026-05-09T20:28:41.2298050Z,EQ-2,85.59,48.11
2026-05-09T20:28:51.2298050Z,EQ-4,98.41,46.42
2026-05-09T20:29:01.2298050Z,EQ-4,86.28,42.94
2026-05-09T20:29:11.2298050Z,EQ-2,98.36,47.07
2026-05-09T20:29:21.2298050Z,EQ-3,87.62,49.41
2026-05-09T20:29:31.2298050Z,EQ-4,99.80,49.26
2026-05-09T20:29:41.2298050Z,EQ-2,88.35,47.38
2026-05-09T20:29:51.2298050Z,EQ-2,92.39,49.52
2026-05-09T20:30:01.2298050Z,EQ-3,95.80,48.21
2026-05-09T20:30:11.2298050Z,EQ-4,91.05,45.00
2026-05-09T20:30:21.2298050Z,EQ-1,87.48,44.60
2026-05-09T20:30:31.2298050Z,EQ-1,86.20,45.60
2026-05-09T20:30:41.2298050Z,EQ-1,98.95,49.73
2026-05-09T20:30:51.2298050Z,EQ-2,96.59,43.07
2026-05-09T20:31:01.2298050Z,EQ-4,90.11,41.63
2026-05-09T20:31:11.2298050Z,EQ-4,99.70,49.51
2026-05-09T20:31:21.2298050Z,EQ-4,90.02,42.19
2026-05-09T20:31:31.2298050Z,EQ-3,87.15,48.28
2026-05-09T20:31:41.2298050Z,EQ-3,89.91,46.79
2026-05-09T20:31:51.2298050Z,EQ-2,91.74,42.26
2026-05-09T20:32:01.2298050Z,EQ-3,93.91,40.68
2026-05-09T20:32:11.2298050Z,EQ-4,88.01,43.28
2026-05-09T20:32:21.2298050Z,EQ-2,97.09,41.12
2026-05-09T20:32:31.2298050Z,EQ-4,91.92,44.80
2026-05-09T20:32:41.2298050Z,EQ-3,89.70,40.47
2026-05-09T20:32:51.2298050Z,EQ-4,88.24,48.86
2026-05-09T20:33:01.2298050Z,EQ-3,88.43,46.49
2026-05-09T20:33:11.2298050Z,EQ-3,96.64,49.43
2026-05-09T20:33:21.2298050Z,EQ-2,98.17,48.49
2026-05-09T20:33:31.2298050Z,EQ-4,96.03,43.64
2026-05-09T20:33:41.2298050Z,EQ-2,92.27,42.10
2026-05-09T20:33:51.2298050Z,EQ-2,89.54,49.97
2026-05-09T20:34:01.2298050Z,EQ-3,96.77,46.37
2026-05-09T20:34:11.2298050Z,EQ-3,89.66,47.06
2026-05-09T20:34:21.2298050Z,EQ-1,89.48,43.57
2026-05-09T20:34:31.2298050Z,EQ-1,98.01,47.37
2026-05-09T20:34:41.2298050Z,EQ-2,92.87,42.83
2026-05-09T20:34:51.2298050Z,EQ-3,90.55,47.84
2026-05-09T20:35:01.2298050Z,EQ-1,90.03,47.56
2026-05-09T20:35:11.2298050Z,EQ-3,86.34,49.40
2026-05-09T20:35:21.2298050Z,EQ-3,94.20,45.73
2026-05-09T20:35:31.2298050Z,EQ-1,97.14,49.28
2026-05-09T20:35:41.2298050Z,EQ-2,91.79,44.05
2026-05-09T20:35:51.2298050Z,EQ-2,97.53,45.85
2026-05-09T20:36:01.2298050Z,EQ-1,89.86,40.87
2026-05-09T20:36:11.2298050Z,EQ-1,93.36,48.30
2026-05-09T20:36:21.2298050Z,EQ-4,96.25,43.86
2026-05-09T20:36:31.2298050Z,EQ-1,89.37,49.76
2026-05-09T20:36:41.2298050Z,EQ-4,93.74,49.87
2026-05-09T20:36:51.2298050Z,EQ-1,89.74,44.96
2026-05-09T20:37:01.2298050Z,EQ-2,93.97,46.29
2026-05-09T20:37:11.2298050Z,EQ-3,89.74,48.51
2026-05-09T20:37:21.2298050Z,EQ-2,95.19,40.09
2026-05-09T20:37:31.2298050Z,EQ-4,97.23,49.53
2026-05-09T20:37:41.2298050Z,EQ-3,93.13,45.15
2026-05-09T20:37:51.2298050Z,EQ-4,96.17,44.75
2026-05-09T20:38:01.2298050Z,EQ-1,94.55,47.43
2026-05-09T20:38:11.2298050Z,EQ-1,92.22,40.30
2026-05-09T20:38:21.2298050Z,EQ-1,91.81,41.18
2026-05-09T20:38:31.2298050Z,EQ-1,86.15,46.78
2026-05-09T20:38:41.2298050Z,EQ-1,93.74,42.73
2026-05-09T20:38:51.2298050Z,EQ-3,91.44,44.00
2026-05-09T20:39:01.2298050Z,EQ-1,89.73,48.74
2026-05-09T20:39:11.2298050Z,EQ-2,86.24,44.19
2026-05-09T20:39:21.2298050Z,EQ-2,88.50,40.00
2026-05-09T20:39:31.2298050Z,EQ-2,89.08,44.61
2026-05-09T20:39:41.2298050Z,EQ-2,88.94,42.20
2026-05-09T20:39:51.2298050Z,EQ-2,98.46,47.13
2026-05-09T20:40:01.2298050Z,EQ-3,93.31,48.27
2026-05-09T20:40:11.2298050Z,EQ-3,98.01,49.69
2026-05-09T20:40:21.2298050Z,EQ-2,86.88,40.25
2026-05-09T20:40:31.2298050Z,EQ-2,88.07,43.63
2026-05-09T20:40:41.2298050Z,EQ-1,86.32,40.68
2026-05-09T20:40:51.2298050Z,EQ-3,85.03,47.32
2026-05-09T20:41:01.2298050Z,EQ-3,85.67,41.26
2026-05-09T20:41:11.2298050Z,EQ-3,87.15,41.01
2026-05-09T20:41:21.2298050Z,EQ-4,94.77,45.67
2026-05-09T20:41:31.2298050Z,EQ-1,94.21,48.94
2026-05-09T20:41:41.2298050Z,EQ-2,97.83,43.23
2026-05-09T20:41:51.2298050Z,EQ-2,90.14,40.57
2026-05-09T20:42:01.2298050Z,EQ-2,88.85,41.66
2026-05-09T20:42:11.2298050Z,EQ-4,90.62,46.11
2026-05-09T20:42:21.2298050Z,EQ-4,94.44,45.36
2026-05-09T20:42:31.2298050Z,EQ-3,90.57,40.88
2026-05-09T20:42:41.2298050Z,EQ-2,98.86,44.48
2026-05-09T20:42:51.2298050Z,EQ-3,96.49,45.99
2026-05-09T20:43:01.2298050Z,EQ-3,98.72,40.38
2026-05-09T20:43:11.2298050Z,EQ-2,98.29,49.21
2026-05-09T20:43:21.2298050Z,EQ-3,92.13,41.67
2026-05-09T20:43:31.2298050Z,EQ-3,88.53,41.71
2026-05-09T20:43:41.2298050Z,EQ-4,96.69,47.71
2026-05-09T20:43:51.2298050Z,EQ-3,96.82,46.55
2026-05-09T20:44:01.2298050Z,EQ-2,86.19,40.77
2026-05-09T20:44:11.2298050Z,EQ-3,90.71,42.69
2026-05-09T20:44:21.2298050Z,EQ-3,94.31,47.58
2026-05-09T20:44:31.2298050Z,EQ-1,88.57,41.10
2026-05-09T20:44:41.2298050Z,EQ-3,92.41,40.58
2026-05-09T20:44:51.2298050Z,EQ-2,92.14,46.43
2026-05-09T20:45:01.2298050Z,EQ-3,90.69,44.68
2026-05-09T20:45:11.2298050Z,EQ-4,88.80,49.54
2026-05-09T20:45:21.2298050Z,EQ-2,99.67,42.66
2026-05-09T20:45:31.2298050Z,EQ-2,95.47,41.62
2026-05-09T20:45:41.2298050Z,EQ-1,89.97,49.49
2026-05-09T20:45:51.2298050Z,EQ-3,99.52,48.63
2026-05-09T20:46:01.2298050Z,EQ-1,91.82,49.81
2026-05-09T20:46:11.2298050Z,EQ-3,88.41,41.03
2026-05-09T20:46:21.2298050Z,EQ-2,85.98,40.53
2026-05-09T20:46:31.2298050Z,EQ-3,97.99,44.31
2026-05-09T20:46:41.2298050Z,EQ-4,93.29,43.88
2026-05-09T20:46:51.2298050Z,EQ-3,99.16,46.51
2026-05-09T20:47:01.2298050Z,EQ-2,89.11,45.08
2026-05-09T20:47:11.2298050Z,EQ-3,85.77,41.81
2026-05-09T20:47:21.2298050Z,EQ-2,86.85,49.40
2026-05-09T20:47:31.2298050Z,EQ-3,88.29,48.89
2026-05-09T20:47:41.2298050Z,EQ-3,97.98,45.85
2026-05-09T20:47:51.2298050Z,EQ-2,89.62,48.95
2026-05-09T20:48:01.2298050Z,EQ-4,99.63,42.48
2026-05-09T20:48:11.2298050Z,EQ-4,92.16,49.95
2026-05-09T20:48:21.2298050Z,EQ-1,86.91,46.31
2026-05-09T20:48:31.2298050Z,EQ-2,96.80,43.70
2026-05-09T20:48:41.2298050Z,EQ-2,99.70,45.34
2026-05-09T20:48:51.2298050Z,EQ-4,91.25,43.17
2026-05-09T20:49:01.2298050Z,EQ-1,97.84,46.93
2026-05-09T20:49:11.2298050Z,EQ-2,85.14,45.98
2026-05-09T20:49:21.2298050Z,EQ-1,95.03,41.73
2026-05-09T20:49:31.2298050Z,EQ-3,98.43,48.40
2026-05-09T20:49:41.2298050Z,EQ-2,87.24,49.29
2026-05-09T20:49:51.2298050Z,EQ-4,98.07,45.77
2026-05-09T20:50:01.2298050Z,EQ-2,97.07,41.79
2026-05-09T20:50:11.2298050Z,EQ-4,86.79,43.09
2026-05-09T20:50:21.2298050Z,EQ-2,96.51,40.61
2026-05-09T20:50:31.2298050Z,EQ-1,86.80,43.57
2026-05-09T20:50:41.2298050Z,EQ-3,94.26,49.06
2026-05-09T20:50:51.2298050Z,EQ-4,98.71,45.09
2026-05-09T20:51:01.2298050Z,EQ-4,99.76,41.97
2026-05-09T20:51:11.2298050Z,EQ-4,88.61,48.97
2026-05-09T20:51:21.2298050Z,EQ-1,95.51,49.86
2026-05-09T20:51:31.2298050Z,EQ-3,98.53,48.86
2026-05-09T20:51:41.2298050Z,EQ-4,93.17,42.74
2026-05-09T20:51:51.2298050Z,EQ-3,86.31,47.79
2026-05-09T20:52:01.2298050Z,EQ-2,94.61,48.91
2026-05-09T20:52:11.2298050Z,EQ-3,94.09,43.80
2026-05-09T20:52:21.2298050Z,EQ-4,98.19,42.52
2026-05-09T20:52:31.2298050Z,EQ-3,96.94,42.12
2026-05-09T20:52:41.2298050Z,EQ-4,96.24,41.84
2026-05-09T20:52:51.2298050Z,EQ-3,91.53,42.50
2026-05-09T20:53:01.2298050Z,EQ-4,89.95,47.17
2026-05-09T20:53:11.2298050Z,EQ-1,88.38,40.24
2026-05-09T20:53:21.2298050Z,EQ-3,86.79,49.52
2026-05-09T20:53:31.2298050Z,EQ-4,96.07,43.15
2026-05-09T20:53:41.2298050Z,EQ-4,85.91,45.71
2026-05-09T20:53:51.2298050Z,EQ-4,95.19,46.80
2026-05-09T20:54:01.2298050Z,EQ-3,87.65,45.27
2026-05-09T20:54:11.2298050Z,EQ-2,92.77,41.14
2026-05-09T20:54:21.2298050Z,EQ-4,96.38,49.54
2026-05-09T20:54:31.2298050Z,EQ-3,95.21,40.93
2026-05-09T20:54:41.2298050Z,EQ-4,92.55,47.94
2026-05-09T20:54:51.2298050Z,EQ-4,86.39,47.28
2026-05-09T20:55:01.2298050Z,EQ-3,98.68,49.56
2026-05-09T20:55:11.2298050Z,EQ-1,96.04,42.66
2026-05-09T20:55:21.2298050Z,EQ-2,99.97,41.49
2026-05-09T20:55:31.2298050Z,EQ-3,91.09,41.92
2026-05-09T20:55:41.2298050Z,EQ-4,93.84,41.27
2026-05-09T20:55:51.2298050Z,EQ-4,92.10,48.08
2026-05-09T20:56:01.2298050Z,EQ-4,93.58,42.10
2026-05-09T20:56:11.2298050Z,EQ-3,94.79,44.40
2026-05-09T20:56:21.2298050Z,EQ-1,91.68,44.87
2026-05-09T20:56:31.2298050Z,EQ-3,96.80,46.86
2026-05-09T20:56:41.2298050Z,EQ-2,96.98,49.94
2026-05-09T20:56:51.2298050Z,EQ-2,88.48,44.80
2026-05-09T20:57:01.2298050Z,EQ-3,96.69,46.87
2026-05-09T20:57:11.2298050Z,EQ-3,97.50,45.11
2026-05-09T20:57:21.2298050Z,EQ-4,92.73,43.88
2026-05-09T20:57:31.2298050Z,EQ-3,94.61,41.27
2026-05-09T20:57:41.2298050Z,EQ-2,97.83,48.33
2026-05-09T20:57:51.2298050Z,EQ-2,97.38,46.02
2026-05-09T20:58:01.2298050Z,EQ-4,94.81,42.94
2026-05-09T20:58:11.2298050Z,EQ-1,94.80,45.29
2026-05-09T20:58:21.2298050Z,EQ-3,92.52,40.60
2026-05-09T20:58:31.2298050Z,EQ-3,98.08,47.16
2026-05-09T20:58:41.2298050Z,EQ-3,86.15,42.64
2026-05-09T20:58:51.2298050Z,EQ-2,87.25,43.94
2026-05-09T20:59:01.2298050Z,EQ-2,94.53,41.08
2026-05-09T20:59:11.2298050Z,EQ-3,95.15,40.63
2026-05-09T20:59:21.2298050Z,EQ-2,94.70,45.04
2026-05-09T20:59:31.2298050Z,EQ-4,99.53,49.43
2026-05-09T20:59:41.2298050Z,EQ-2,95.01,40.40
2026-05-09T20:59:51.2298050Z,EQ-4,89.49,40.96
2026-05-09T21:00:01.2298050Z,EQ-2,88.08,47.14
2026-05-09T21:00:11.2298050Z,EQ-3,87.75,43.89
2026-05-09T21:00:21.2298050Z,EQ-3,99.80,48.97
2026-05-09T21:00:31.2298050Z,EQ-3,85.21,41.60
2026-05-09T21:00:41.2298050Z,EQ-4,92.30,48.29
2026-05-09T21:00:51.2298050Z,EQ-1,96.19,41.44
2026-05-09T21:01:01.2298050Z,EQ-1,97.20,42.97
2026-05-09T21:01:11.2298050Z,EQ-1,88.93,48.28
2026-05-09T21:01:21.2298050Z,EQ-4,92.47,41.28
2026-05-09T21:01:31.2298050Z,EQ-3,97.09,41.04
2026-05-09T21:01:41.2298050Z,EQ-1,98.38,40.61
2026-05-09T21:01:51.2298050Z,EQ-4,96.47,46.63
2026-05-09T21:02:01.2298050Z,EQ-4,99.97,46.97
2026-05-09T21:02:11.2298050Z,EQ-2,97.85,49.24
2026-05-09T21:02:21.2298050Z,EQ-2,93.64,40.64
2026-05-09T21:02:31.2298050Z,EQ-2,94.86,42.42
2026-05-09T21:02:41.2298050Z,EQ-2,85.58,44.60
2026-05-09T21:02:51.2298050Z,EQ-2,85.53,43.55
2026-05-09T21:03:01.2298050Z,EQ-1,92.58,40.39
2026-05-09T21:03:11.2298050Z,EQ-2,89.04,41.01
2026-05-09T21:03:21.2298050Z,EQ-4,85.79,41.51
2026-05-09T21:03:31.2298050Z,EQ-2,85.04,47.79
2026-05-09T21:03:41.2298050Z,EQ-2,89.27,45.90
2026-05-09T21:03:51.2298050Z,EQ-3,99.21,44.89
2026-05-09T21:04:01.2298050Z,EQ-3,97.43,41.43
2026-05-09T21:04:11.2298050Z,EQ-4,96.95,49.99
2026-05-09T21:04:21.2298050Z,EQ-1,96.73,46.56
2026-05-09T21:04:31.2298050Z,EQ-4,90.79,47.29
2026-05-09T21:04:41.2298050Z,EQ-3,90.35,40.16
2026-05-09T21:04:51.2298050Z,EQ-3,96.14,40.93
2026-05-09T21:05:01.2298050Z,EQ-4,89.58,44.13
2026-05-09T21:05:11.2298050Z,EQ-3,85.41,42.97
2026-05-09T21:05:21.2298050Z,EQ-4,94.90,42.34
2026-05-09T21:05:31.2298050Z,EQ-2,91.04,44.37
2026-05-09T21:05:41.2298050Z,EQ-3,86.47,48.76
2026-05-09T21:05:51.2298050Z,EQ-4,97.21,48.82
2026-05-09T21:06:01.2298050Z,EQ-2,95.69,43.60
2026-05-09T21:06:11.2298050Z,EQ-3,91.94,45.05
2026-05-09T21:06:21.2298050Z,EQ-3,97.81,47.54
2026-05-09T21:06:31.2298050Z,EQ-2,88.77,47.58
2026-05-09T21:06:41.2298050Z,EQ-3,91.45,46.87
2026-05-09T21:06:51.2298050Z,EQ-2,94.35,49.09
2026-05-09T21:07:01.2298050Z,EQ-1,89.14,48.50
2026-05-09T21:07:11.2298050Z,EQ-4,88.15,40.01
2026-05-09T21:07:21.2298050Z,EQ-1,85.35,42.08
2026-05-09T21:07:31.2298050Z,EQ-2,91.40,42.52
2026-05-09T21:07:41.2298050Z,EQ-1,97.06,40.11
2026-05-09T21:07:51.2298050Z,EQ-1,92.09,48.87
2026-05-09T21:08:01.2298050Z,EQ-1,99.57,46.63
2026-05-09T21:08:11.2298050Z,EQ-4,89.93,42.69
2026-05-09T21:08:21.2298050Z,EQ-2,89.61,40.82
2026-05-09T21:08:31.2298050Z,EQ-3,93.90,42.67
2026-05-09T21:08:41.2298050Z,EQ-4,99.44,42.80
2026-05-09T21:08:51.2298050Z,EQ-2,96.47,44.12
2026-05-09T21:09:01.2298050Z,EQ-2,85.46,44.04
2026-05-09T21:09:11.2298050Z,EQ-4,96.24,43.53
2026-05-09T21:09:21.2298050Z,EQ-2,96.10,41.59
2026-05-09T21:09:31.2298050Z,EQ-2,96.13,49.69
2026-05-09T21:09:41.2298050Z,EQ-2,91.27,41.62
2026-05-09T21:09:51.2298050Z,EQ-3,89.00,42.77
2026-05-09T21:10:01.2298050Z,EQ-4,87.10,45.82
2026-05-09T21:10:11.2298050Z,EQ-2,91.39,48.46
2026-05-09T21:10:21.2298050Z,EQ-1,97.58,41.29
2026-05-09T21:10:31.2298050Z,EQ-3,86.04,43.88
2026-05-09T21:10:41.2298050Z,EQ-4,97.74,41.57
2026-05-09T21:10:51.2298050Z,EQ-3,87.83,48.87
2026-05-09T21:11:01.2298050Z,EQ-2,89.20,47.73
2026-05-09T21:11:11.2298050Z,EQ-3,95.01,42.61
2026-05-09T21:11:21.2298050Z,EQ-1,90.32,41.66
2026-05-09T21:11:31.2298050Z,EQ-4,89.13,47.56
2026-05-09T21:11:41.2298050Z,EQ-3,98.99,43.60
2026-05-09T21:11:51.2298050Z,EQ-3,88.85,48.15
2026-05-09T21:12:01.2298050Z,EQ-1,90.41,47.12
2026-05-09T21:12:11.2298050Z,EQ-2,90.83,44.30
2026-05-09T21:12:21.2298050Z,EQ-4,87.58,47.33
2026-05-09T21:12:31.2298050Z,EQ-2,86.65,43.69
2026-05-09T21:12:41.2298050Z,EQ-1,88.29,49.69
2026-05-09T21:12:51.2298050Z,EQ-2,88.21,44.01
2026-05-09T21:13:01.2298050Z,EQ-2,91.55,40.64
2026-05-09T21:13:11.2298050Z,EQ-4,91.45,46.72
2026-05-09T21:13:21.2298050Z,EQ-2,91.72,41.54
2026-05-09T21:13:31.2298050Z,EQ-3,99.30,48.22
2026-05-09T21:13:41.2298050Z,EQ-3,92.70,43.55
2026-05-09T21:13:51.2298050Z,EQ-2,98.74,40.83
2026-05-09T21:14:01.2298050Z,EQ-3,87.14,44.78
2026-05-09T21:14:11.2298050Z,EQ-4,98.80,45.84
2026-05-09T21:14:21.2298050Z,EQ-4,98.04,44.55
2026-05-09T21:14:31.2298050Z,EQ-1,91.52,45.41
2026-05-09T21:14:41.2298050Z,EQ-1,91.40,43.94
2026-05-09T21:14:51.2298050Z,EQ-2,89.72,44.61
2026-05-09T21:15:01.2298050Z,EQ-1,96.13,43.89
2026-05-09T21:15:11.2298050Z,EQ-1,90.76,47.75
2026-05-09T21:15:21.2298050Z,EQ-1,91.48,47.30
2026-05-09T21:15:31.2298050Z,EQ-3,99.22,49.60
2026-05-09T21:15:41.2298050Z,EQ-1,99.67,47.75
2026-05-09T21:15:51.2298050Z,EQ-2,97.12,44.03
2026-05-09T21:16:01.2298050Z,EQ-3,99.59,47.95
2026-05-09T21:16:11.2298050Z,EQ-1,93.45,43.81
2026-05-09T21:16:21.2298050Z,EQ-3,94.12,45.02
2026-05-09T21:16:31.2298050Z,EQ-2,90.57,44.54
2026-05-09T21:16:41.2298050Z,EQ-1,86.92,49.13
2026-05-09T21:16:51.2298050Z,EQ-2,85.01,45.16
2026-05-09T21:17:01.2298050Z,EQ-3,98.16,47.50
2026-05-09T21:17:11.2298050Z,EQ-4,86.19,42.08
2026-05-09T21:17:21.2298050Z,EQ-4,98.23,44.24
2026-05-09T21:17:31.2298050Z,EQ-1,91.37,49.36
2026-05-09T21:17:41.2298050Z,EQ-4,86.83,45.72
2026-05-09T21:17:51.2298050Z,EQ-2,86.36,46.65
2026-05-09T21:18:01.2298050Z,EQ-3,86.17,43.80
2026-05-09T21:18:11.2298050Z,EQ-3,97.55,45.91
2026-05-09T21:18:21.2298050Z,EQ-1,91.58,40.60
2026-05-09T21:18:31.2298050Z,EQ-2,87.58,49.16
2026-05-09T21:18:41.2298050Z,EQ-1,90.66,41.39
2026-05-09T21:18:51.2298050Z,EQ-1,98.43,47.81
2026-05-09T21:19:01.2298050Z,EQ-2,89.09,49.91
2026-05-09T21:19:11.2298050Z,EQ-1,94.75,47.24
2026-05-09T21:19:21.2298050Z,EQ-3,89.56,40.17
2026-05-09T21:19:31.2298050Z,EQ-2,88.67,48.64
2026-05-09T21:19:41.2298050Z,EQ-4,95.87,44.80
2026-05-09T21:19:51.2298050Z,EQ-1,90.19,43.05
2026-05-09T21:20:01.2298050Z,EQ-2,97.19,42.73
2026-05-09T21:20:11.2298050Z,EQ-4,92.97,47.99
2026-05-09T21:20:21.2298050Z,EQ-1,90.34,40.42
2026-05-09T21:20:31.2298050Z,EQ-1,96.03,49.70
2026-05-09T21:20:41.2298050Z,EQ-3,96.69,42.74
2026-05-09T21:20:51.2298050Z,EQ-4,98.17,48.41
2026-05-09T21:21:01.2298050Z,EQ-2,98.03,48.95
2026-05-09T21:21:11.2298050Z,EQ-3,86.29,45.31
2026-05-09T21:21:21.2298050Z,EQ-1,96.39,40.76
2026-05-09T21:21:31.2298050Z,EQ-3,93.68,47.24
2026-05-09T21:21:41.2298050Z,EQ-1,93.00,41.56
2026-05-09T21:21:51.2298050Z,EQ-2,91.46,41.81
2026-05-09T21:22:01.2298050Z,EQ-2,91.10,43.61
2026-05-09T21:22:11.2298050Z,EQ-2,96.15,42.56
2026-05-09T21:22:21.2298050Z,EQ-2,98.35,45.06
2026-05-09T21:22:31.2298050Z,EQ-2,96.61,43.95
2026-05-09T21:22:41.2298050Z,EQ-4,85.11,45.08
2026-05-09T21:22:51.2298050Z,EQ-4,88.51,49.85
2026-05-09T21:23:01.2298050Z,EQ-1,91.56,42.06
2026-05-09T21:23:11.2298050Z,EQ-1,96.28,42.88
2026-05-09T21:23:21.2298050Z,EQ-2,89.10,45.33
2026-05-09T21:23:31.2298050Z,EQ-3,97.04,40.96
2026-05-09T21:23:41.2298050Z,EQ-3,93.87,42.89
2026-05-09T21:23:51.2298050Z,EQ-2,86.22,45.18
2026-05-09T21:24:01.2298050Z,EQ-4,97.71,40.29
2026-05-09T21:24:11.2298050Z,EQ-1,93.04,46.46
2026-05-09T21:24:21.2298050Z,EQ-3,86.29,47.16
2026-05-09T21:24:31.2298050Z,EQ-2,97.27,46.47
2026-05-09T21:24:41.2298050Z,EQ-3,99.10,43.25
2026-05-09T21:24:51.2298050Z,EQ-2,98.53,49.78
2026-05-09T21:25:01.2298050Z,EQ-3,89.71,47.12
2026-05-09T21:25:11.2298050Z,EQ-4,91.57,49.11
2026-05-09T21:25:21.2298050Z,EQ-1,89.52,49.70
2026-05-09T21:25:31.2298050Z,EQ-3,92.50,45.48
2026-05-09T21:25:41.2298050Z,EQ-1,97.32,41.17
2026-05-09T21:25:51.2298050Z,EQ-2,87.16,43.48
2026-05-09T21:26:01.2298050Z,EQ-2,88.67,46.17
2026-05-09T21:26:11.2298050Z,EQ-4,89.89,48.14
2026-05-09T21:26:21.2298050Z,EQ-3,95.35,43.23
2026-05-09T21:26:31.2298050Z,EQ-4,96.77,45.55
2026-05-09T21:26:41.2298050Z,EQ-3,90.56,48.84
2026-05-09T21:26:51.2298050Z,EQ-2,98.81,43.75
2026-05-09T21:27:01.2298050Z,EQ-2,96.53,46.29
2026-05-09T21:27:11.2298050Z,EQ-1,98.06,46.64
2026-05-09T21:27:21.2298050Z,EQ-2,93.61,47.96
2026-05-09T21:27:31.2298050Z,EQ-3,88.21,41.02
2026-05-09T21:27:41.2298050Z,EQ-3,94.71,42.71
2026-05-09T21:27:51.2298050Z,EQ-1,87.67,49.23
2026-05-09T21:28:01.2298050Z,EQ-2,93.44,44.32
2026-05-09T21:28:11.2298050Z,EQ-2,98.69,43.23
2026-05-09T21:28:21.2298050Z,EQ-3,92.96,47.92
2026-05-09T21:28:31.2298050Z,EQ-3,85.51,46.09
2026-05-09T21:28:41.2298050Z,EQ-4,92.36,40.58
2026-05-09T21:28:51.2298050Z,EQ-3,91.53,48.86
2026-05-09T21:29:01.2298050Z,EQ-4,87.14,47.46
2026-05-09T21:29:11.2298050Z,EQ-4,92.94,41.85
2026-05-09T21:29:21.2298050Z,EQ-2,99.09,42.09
2026-05-09T21:29:31.2298050Z,EQ-1,87.92,48.74
2026-05-09T21:29:41.2298050Z,EQ-2,89.53,47.49
2026-05-09T21:29:51.2298050Z,EQ-2,90.85,43.26
2026-05-09T21:30:01.2298050Z,EQ-4,90.92,42.28
2026-05-09T21:30:11.2298050Z,EQ-4,98.63,46.93
2026-05-09T21:30:21.2298050Z,EQ-3,93.38,41.88
2026-05-09T21:30:31.2298050Z,EQ-2,91.55,43.88
2026-05-09T21:30:41.2298050Z,EQ-2,96.31,47.81
2026-05-09T21:30:51.2298050Z,EQ-1,93.82,42.81
2026-05-09T21:31:01.2298050Z,EQ-2,90.22,44.94
2026-05-09T21:31:11.2298050Z,EQ-1,87.87,49.83
2026-05-09T21:31:21.2298050Z,EQ-1,92.46,42.62
2026-05-09T21:31:31.2298050Z,EQ-4,92.12,43.19
2026-05-09T21:31:41.2298050Z,EQ-3,96.56,44.54
2026-05-09T21:31:51.2298050Z,EQ-1,90.18,46.90
2026-05-09T21:32:01.2298050Z,EQ-3,97.37,40.10
2026-05-09T21:32:11.2298050Z,EQ-1,91.67,44.71
2026-05-09T21:32:21.2298050Z,EQ-2,91.90,40.64
2026-05-09T21:32:31.2298050Z,EQ-3,96.03,48.58
2026-05-09T21:32:41.2298050Z,EQ-2,95.11,40.83
2026-05-09T21:32:51.2298050Z,EQ-1,96.48,40.26
2026-05-09T21:33:01.2298050Z,EQ-3,91.11,41.67
2026-05-09T21:33:11.2298050Z,EQ-4,91.10,49.69
2026-05-09T21:33:21.2298050Z,EQ-2,92.76,41.66
2026-05-09T21:33:31.2298050Z,EQ-3,93.27,42.25
2026-05-09T21:33:41.2298050Z,EQ-4,99.23,44.38
2026-05-09T21:33:51.2298050Z,EQ-1,88.07,41.18
2026-05-09T21:34:01.2298050Z,EQ-1,89.38,49.91
2026-05-09T21:34:11.2298050Z,EQ-3,94.36,49.58
2026-05-09T21:34:21.2298050Z,EQ-4,95.81,46.24
2026-05-09T21:34:31.2298050Z,EQ-3,87.23,44.90
2026-05-09T21:34:41.2298050Z,EQ-2,92.90,40.07
2026-05-09T21:34:51.2298050Z,EQ-4,98.78,48.61
2026-05-09T21:35:01.2298050Z,EQ-4,94.90,49.70
2026-05-09T21:35:11.2298050Z,EQ-4,92.32,45.95
2026-05-09T21:35:21.2298050Z,EQ-4,90.44,40.95
2026-05-09T21:35:31.2298050Z,EQ-4,87.03,43.04
2026-05-09T21:35:41.2298050Z,EQ-4,87.10,46.59
2026-05-09T21:35:51.2298050Z,EQ-3,86.14,47.55
2026-05-09T21:36:01.2298050Z,EQ-2,91.70,44.15
2026-05-09T21:36:11.2298050Z,EQ-4,88.22,42.24
2026-05-09T21:36:21.2298050Z,EQ-2,96.56,43.11
2026-05-09T21:36:31.2298050Z,EQ-3,95.32,43.32
2026-05-09T21:36:41.2298050Z,EQ-4,89.32,47.44
2026-05-09T21:36:51.2298050Z,EQ-2,88.83,44.88
2026-05-09T21:37:01.2298050Z,EQ-2,86.94,41.41
2026-05-09T21:37:11.2298050Z,EQ-4,99.82,44.86
2026-05-09T21:37:21.2298050Z,EQ-3,87.73,48.53
2026-05-09T21:37:31.2298050Z,EQ-3,85.35,46.93
2026-05-09T21:37:41.2298050Z,EQ-4,93.13,41.85
2026-05-09T21:37:51.2298050Z,EQ-1,91.05,43.40
2026-05-09T21:38:01.2298050Z,EQ-3,97.55,45.62
2026-05-09T21:38:11.2298050Z,EQ-3,86.19,44.82
2026-05-09T21:38:21.2298050Z,EQ-3,87.05,46.29
2026-05-09T21:38:31.2298050Z,EQ-2,90.75,48.39
2026-05-09T21:38:41.2298050Z,EQ-2,93.53,47.67
2026-05-09T21:38:51.2298050Z,EQ-4,96.44,45.18
2026-05-09T21:39:01.2298050Z,EQ-3,94.43,40.81
2026-05-09T21:39:11.2298050Z,EQ-3,98.36,44.68
2026-05-09T21:39:21.2298050Z,EQ-2,86.24,47.37
2026-05-09T21:39:31.2298050Z,EQ-1,90.06,48.85
2026-05-09T21:39:41.2298050Z,EQ-2,91.99,48.02
2026-05-09T21:39:51.2298050Z,EQ-3,85.15,46.25
2026-05-09T21:40:01.2298050Z,EQ-2,94.83,44.58
2026-05-09T21:40:11.2298050Z,EQ-1,96.00,44.73
2026-05-09T21:40:21.2298050Z,EQ-1,90.57,40.46
2026-05-09T21:40:31.2298050Z,EQ-4,91.63,44.32
2026-05-09T21:40:41.2298050Z,EQ-2,94.86,41.88
2026-05-09T21:40:51.2298050Z,EQ-2,99.10,44.71
2026-05-09T21:41:01.2298050Z,EQ-2,91.62,47.39
2026-05-09T21:41:11.2298050Z,EQ-4,91.85,46.06
2026-05-09T21:41:21.2298050Z,EQ-3,95.51,44.78
2026-05-09T21:41:31.2298050Z,EQ-3,86.70,41.84
2026-05-09T21:41:41.2298050Z,EQ-2,85.91,49.35
2026-05-09T21:41:51.2298050Z,EQ-3,99.86,41.70
2026-05-09T21:42:01.2298050Z,EQ-1,89.81,49.11
2026-05-09T21:42:11.2298050Z,EQ-1,89.18,42.49
2026-05-09T21:42:21.2298050Z,EQ-2,92.52,43.89
2026-05-09T21:42:31.2298050Z,EQ-3,95.80,46.04
2026-05-09T21:42:41.2298050Z,EQ-3,94.40,47.91
2026-05-09T21:42:51.2298050Z,EQ-2,91.79,44.00
2026-05-09T21:43:01.2298050Z,EQ-4,92.10,49.75
2026-05-09T21:43:11.2298050Z,EQ-2,91.41,49.77
2026-05-09T21:43:21.2298050Z,EQ-3,93.21,41.60
2026-05-09T21:43:31.2298050Z,EQ-4,95.76,41.15
2026-05-09T21:43:41.2298050Z,EQ-2,90.18,42.92
2026-05-09T21:43:51.2298050Z,EQ-2,87.75,48.22
2026-05-09T21:44:01.2298050Z,EQ-1,94.15,48.46
2026-05-09T21:44:11.2298050Z,EQ-2,91.78,43.68
2026-05-09T21:44:21.2298050Z,EQ-3,85.56,49.39
2026-05-09T21:44:31.2298050Z,EQ-3,97.78,48.74
2026-05-09T21:44:41.2298050Z,EQ-4,88.86,46.55
2026-05-09T21:44:51.2298050Z,EQ-3,96.11,41.90
2026-05-09T21:45:01.2298050Z,EQ-3,92.74,48.44
2026-05-09T21:45:11.2298050Z,EQ-3,94.31,47.35
2026-05-09T21:45:21.2298050Z,EQ-4,85.10,48.36
2026-05-09T21:45:31.2298050Z,EQ-1,98.58,40.09
2026-05-09T21:45:41.2298050Z,EQ-4,98.18,47.45
2026-05-09T21:45:51.2298050Z,EQ-1,87.30,44.67
2026-05-09T21:46:01.2298050Z,EQ-2,85.09,41.50
2026-05-09T21:46:11.2298050Z,EQ-1,93.60,40.94
2026-05-09T21:46:21.2298050Z,EQ-2,92.60,44.76
2026-05-09T21:46:31.2298050Z,EQ-3,86.51,41.36
2026-05-09T21:46:41.2298050Z,EQ-4,94.03,44.57
2026-05-09T21:46:51.2298050Z,EQ-4,97.85,41.84
2026-05-09T21:47:01.2298050Z,EQ-1,95.05,44.30
2026-05-09T21:47:11.2298050Z,EQ-4,99.47,40.41
2026-05-09T21:47:21.2298050Z,EQ-2,91.78,49.92
2026-05-09T21:47:31.2298050Z,EQ-2,94.07,43.11
2026-05-09T21:47:41.2298050Z,EQ-2,95.81,40.90
2026-05-09T21:47:51.2298050Z,EQ-1,92.57,49.54
2026-05-09T21:48:01.2298050Z,EQ-4,93.48,40.91
2026-05-09T21:48:11.2298050Z,EQ-2,93.08,45.30
2026-05-09T21:48:21.2298050Z,EQ-3,97.66,48.88
2026-05-09T21:48:31.2298050Z,EQ-2,92.32,47.94
2026-05-09T21:48:41.2298050Z,EQ-4,88.75,46.17
2026-05-09T21:48:51.2298050Z,EQ-3,94.51,44.76
2026-05-09T21:49:01.2298050Z,EQ-1,94.08,48.39
2026-05-09T21:49:11.2298050Z,EQ-2,93.28,43.69
2026-05-09T21:49:21.2298050Z,EQ-3,87.57,46.65
2026-05-09T21:49:31.2298050Z,EQ-2,91.38,49.55
2026-05-09T21:49:41.2298050Z,EQ-4,99.75,40.18
2026-05-09T21:49:51.2298050Z,EQ-3,97.13,41.15
2026-05-09T21:50:01.2298050Z,EQ-1,92.80,40.75
2026-05-09T21:50:11.2298050Z,EQ-3,94.38,44.72
2026-05-09T21:50:21.2298050Z,EQ-2,96.55,44.26
2026-05-09T21:50:31.2298050Z,EQ-4,96.55,42.95
2026-05-09T21:50:41.2298050Z,EQ-4,88.23,44.69
2026-05-09T21:50:51.2298050Z,EQ-1,94.95,40.66
2026-05-09T21:51:01.2298050Z,EQ-1,87.98,49.89
2026-05-09T21:51:11.2298050Z,EQ-1,98.63,47.90
2026-05-09T21:51:21.2298050Z,EQ-1,93.21,43.64
2026-05-09T21:51:31.2298050Z,EQ-1,98.72,45.52
2026-05-09T21:51:41.2298050Z,EQ-2,89.28,48.64
2026-05-09T21:51:51.2298050Z,EQ-2,97.10,43.21
2026-05-09T21:52:01.2298050Z,EQ-2,94.10,40.26
2026-05-09T21:52:11.2298050Z,EQ-2,96.34,49.81
2026-05-09T21:52:21.2298050Z,EQ-4,92.05,46.41
2026-05-09T21:52:31.2298050Z,EQ-4,98.99,49.30
2026-05-09T21:52:41.2298050Z,EQ-2,96.73,43.37
2026-05-09T21:52:51.2298050Z,EQ-3,87.51,42.43
2026-05-09T21:53:01.2298050Z,EQ-1,85.70,47.71
2026-05-09T21:53:11.2298050Z,EQ-1,94.43,43.46
2026-05-09T21:53:21.2298050Z,EQ-4,98.43,49.40
2026-05-09T21:53:31.2298050Z,EQ-1,95.20,44.80
2026-05-09T21:53:41.2298050Z,EQ-3,98.73,45.98
2026-05-09T21:53:51.2298050Z,EQ-1,97.76,43.63
2026-05-09T21:54:01.2298050Z,EQ-3,99.95,41.30
2026-05-09T21:54:11.2298050Z,EQ-2,88.20,48.99
2026-05-09T21:54:21.2298050Z,EQ-4,91.78,41.30
2026-05-09T21:54:31.2298050Z,EQ-4,87.94,45.32
2026-05-09T21:54:41.2298050Z,EQ-1,92.19,41.55
2026-05-09T21:54:51.2298050Z,EQ-3,94.29,45.74
2026-05-09T21:55:01.2298050Z,EQ-1,96.24,42.75
2026-05-09T21:55:11.2298050Z,EQ-3,87.38,47.66
2026-05-09T21:55:21.2298050Z,EQ-2,86.26,41.40
2026-05-09T21:55:31.2298050Z,EQ-2,91.60,42.97
2026-05-09T21:55:41.2298050Z,EQ-1,93.96,47.17
2026-05-09T21:55:51.2298050Z,EQ-1,91.63,46.89
2026-05-09T21:56:01.2298050Z,EQ-4,87.66,43.97
2026-05-09T21:56:11.2298050Z,EQ-2,96.96,48.99
2026-05-09T21:56:21.2298050Z,EQ-1,90.96,41.95
2026-05-09T21:56:31.2298050Z,EQ-4,85.24,48.99
2026-05-09T21:56:41.2298050Z,EQ-1,92.97,47.95
2026-05-09T21:56:51.2298050Z,EQ-3,99.52,48.96
2026-05-09T21:57:01.2298050Z,EQ-1,87.19,41.38
2026-05-09T21:57:11.2298050Z,EQ-2,96.19,44.95
2026-05-09T21:57:21.2298050Z,EQ-3,90.80,41.94
2026-05-09T21:57:31.2298050Z,EQ-2,89.13,40.39
2026-05-09T21:57:41.2298050Z,EQ-4,93.33,48.16
2026-05-09T21:57:51.2298050Z,EQ-4,97.05,49.34
2026-05-09T21:58:01.2298050Z,EQ-1,90.90,49.67
2026-05-09T21:58:11.2298050Z,EQ-1,94.05,47.48
2026-05-09T21:58:21.2298050Z,EQ-3,99.88,44.52
2026-05-09T21:58:31.2298050Z,EQ-1,93.51,41.40
2026-05-09T21:58:41.2298050Z,EQ-4,94.99,44.13
2026-05-09T21:58:51.2298050Z,EQ-1,88.19,45.61
2026-05-09T21:59:01.2298050Z,EQ-3,91.58,47.11
2026-05-09T21:59:11.2298050Z,EQ-1,90.79,45.15
2026-05-09T21:59:21.2298050Z,EQ-1,97.34,48.59
2026-05-09T21:59:31.2298050Z,EQ-3,95.81,45.91
2026-05-09T21:59:41.2298050Z,EQ-2,90.11,48.56
2026-05-09T21:59:51.2298050Z,EQ-1,96.18,43.55
2026-05-09T22:00:01.2298050Z,EQ-2,97.91,42.92
2026-05-09T22:00:11.2298050Z,EQ-3,88.45,44.19
2026-05-09T22:00:21.2298050Z,EQ-4,86.53,46.08
2026-05-09T22:00:31.2298050Z,EQ-1,98.70,40.51
2026-05-09T22:00:41.2298050Z,EQ-2,92.82,44.18
2026-05-09T22:00:51.2298050Z,EQ-2,86.65,42.35
2026-05-09T22:01:01.2298050Z,EQ-2,87.73,46.96
2026-05-09T22:01:11.2298050Z,EQ-3,87.62,41.03
2026-05-09T22:01:21.2298050Z,EQ-2,98.23,41.52
2026-05-09T22:01:31.2298050Z,EQ-1,88.93,45.53
2026-05-09T22:01:41.2298050Z,EQ-4,94.45,43.02
2026-05-09T22:01:51.2298050Z,EQ-3,93.29,47.46
2026-05-09T22:02:01.2298050Z,EQ-2,91.27,41.25
2026-05-09T22:02:11.2298050Z,EQ-2,99.51,42.40
2026-05-09T22:02:21.2298050Z,EQ-2,91.47,46.48
2026-05-09T22:02:31.2298050Z,EQ-2,95.79,47.11
2026-05-09T22:02:41.2298050Z,EQ-1,85.82,42.42
2026-05-09T22:02:51.2298050Z,EQ-2,97.06,48.62
2026-05-09T22:03:01.2298050Z,EQ-1,88.33,43.54
2026-05-09T22:03:11.2298050Z,EQ-4,97.84,49.89
2026-05-09T22:03:21.2298050Z,EQ-1,95.68,41.89
2026-05-09T22:03:31.2298050Z,EQ-2,88.41,48.78
2026-05-09T22:03:41.2298050Z,EQ-3,92.50,40.79
2026-05-09T22:03:51.2298050Z,EQ-1,98.43,47.62
2026-05-09T22:04:01.2298050Z,EQ-3,88.93,40.80
2026-05-09T22:04:11.2298050Z,EQ-2,91.45,40.24
2026-05-09T22:04:21.2298050Z,EQ-4,85.67,42.58
2026-05-09T22:04:31.2298050Z,EQ-4,97.56,40.25
2026-05-09T22:04:41.2298050Z,EQ-1,93.09,50.00
2026-05-09T22:04:51.2298050Z,EQ-4,86.46,41.36
2026-05-09T22:05:01.2298050Z,EQ-2,97.43,47.52
2026-05-09T22:05:11.2298050Z,EQ-4,98.50,42.77
2026-05-09T22:05:21.2298050Z,EQ-3,98.28,45.55
2026-05-09T22:05:31.2298050Z,EQ-4,87.07,43.31
2026-05-09T22:05:41.2298050Z,EQ-1,92.31,49.87
2026-05-09T22:05:51.2298050Z,EQ-4,88.58,49.69
2026-05-09T22:06:01.2298050Z,EQ-1,95.99,41.61
2026-05-09T22:06:11.2298050Z,EQ-3,98.33,40.88
2026-05-09T22:06:21.2298050Z,EQ-3,88.15,48.17
2026-05-09T22:06:31.2298050Z,EQ-1,86.66,45.08
2026-05-09T22:06:41.2298050Z,EQ-4,86.49,46.10
2026-05-09T22:06:51.2298050Z,EQ-2,95.62,42.22
2026-05-09T22:07:01.2298050Z,EQ-1,91.73,42.30
2026-05-09T22:07:11.2298050Z,EQ-3,85.09,49.24
2026-05-09T22:07:21.2298050Z,EQ-3,97.56,47.47
2026-05-09T22:07:31.2298050Z,EQ-3,99.68,45.89
2026-05-09T22:07:41.2298050Z,EQ-3,86.23,42.04
2026-05-09T22:07:51.2298050Z,EQ-4,94.56,44.03
2026-05-09T22:08:01.2298050Z,EQ-1,97.06,46.99
2026-05-09T22:08:11.2298050Z,EQ-1,85.96,42.33
2026-05-09T22:08:21.2298050Z,EQ-2,97.65,48.01
2026-05-09T22:08:31.2298050Z,EQ-4,88.20,44.03
2026-05-09T22:08:41.2298050Z,EQ-1,93.20,49.74
2026-05-09T22:08:51.2298050Z,EQ-4,91.94,41.70
2026-05-09T22:09:01.2298050Z,EQ-4,91.72,48.47
2026-05-09T22:09:11.2298050Z,EQ-1,97.99,49.10
2026-05-09T22:09:21.2298050Z,EQ-1,89.91,46.79
2026-05-09T22:09:31.2298050Z,EQ-4,86.80,45.06
2026-05-09T22:09:41.2298050Z,EQ-2,99.30,49.43
2026-05-09T22:09:51.2298050Z,EQ-2,93.37,47.93
2026-05-09T22:10:01.2298050Z,EQ-3,93.97,41.73
2026-05-09T22:10:11.2298050Z,EQ-1,90.92,48.11
2026-05-09T22:10:21.2298050Z,EQ-1,86.14,45.79
2026-05-09T22:10:31.2298050Z,EQ-1,91.20,42.13
2026-05-09T22:10:41.2298050Z,EQ-3,99.24,49.92
2026-05-09T22:10:51.2298050Z,EQ-3,99.78,41.47
2026-05-09T22:11:01.2298050Z,EQ-3,96.16,42.99
2026-05-09T22:11:11.2298050Z,EQ-1,96.23,47.90
2026-05-09T22:11:21.2298050Z,EQ-1,90.47,45.92
2026-05-09T22:11:31.2298050Z,EQ-1,86.12,44.60
2026-05-09T22:11:41.2298050Z,EQ-4,91.71,40.40
2026-05-09T22:11:51.2298050Z,EQ-3,93.09,41.64
2026-05-09T22:12:01.2298050Z,EQ-3,86.27,48.52
2026-05-09T22:12:11.2298050Z,EQ-3,98.43,40.24
2026-05-09T22:12:21.2298050Z,EQ-3,93.28,40.74
2026-05-09T22:12:31.2298050Z,EQ-1,96.75,48.02
2026-05-09T22:12:41.2298050Z,EQ-1,88.96,40.92
2026-05-09T22:12:51.2298050Z,EQ-1,86.79,41.90
2026-05-09T22:13:01.2298050Z,EQ-4,94.32,42.27
2026-05-09T22:13:11.2298050Z,EQ-2,94.38,45.04
2026-05-09T22:13:21.2298050Z,EQ-1,89.09,49.19
2026-05-09T22:13:31.2298050Z,EQ-3,96.05,47.29
2026-05-09T22:13:41.2298050Z,EQ-1,85.63,49.26
2026-05-09T22:13:51.2298050Z,EQ-3,91.87,47.59
2026-05-09T22:14:01.2298050Z,EQ-4,86.14,42.52
2026-05-09T22:14:11.2298050Z,EQ-1,86.71,40.51
2026-05-09T22:14:21.2298050Z,EQ-1,95.77,45.62
2026-05-09T22:14:31.2298050Z,EQ-2,85.01,49.37
2026-05-09T22:14:41.2298050Z,EQ-3,90.54,43.23
2026-05-09T22:14:51.2298050Z,EQ-1,99.66,42.26
2026-05-09T22:15:01.2298050Z,EQ-1,93.21,45.02
2026-05-09T22:15:11.2298050Z,EQ-1,91.24,43.19
2026-05-09T22:15:21.2298050Z,EQ-2,93.78,41.42
2026-05-09T22:15:31.2298050Z,EQ-2,95.05,47.99
2026-05-09T22:15:41.2298050Z,EQ-2,97.30,48.53
2026-05-09T22:15:51.2298050Z,EQ-1,87.50,45.06
2026-05-09T22:16:01.2298050Z,EQ-4,92.32,46.71
2026-05-09T22:16:11.2298050Z,EQ-4,88.38,41.33
2026-05-09T22:16:21.2298050Z,EQ-3,94.15,43.04
2026-05-09T22:16:31.2298050Z,EQ-4,92.13,47.02
2026-05-09T22:16:41.2298050Z,EQ-1,98.65,45.11
2026-05-09T22:16:51.2298050Z,EQ-3,92.09,43.98
2026-05-09T22:17:01.2298050Z,EQ-1,86.57,47.67
2026-05-09T22:17:11.2298050Z,EQ-1,87.30,46.11
2026-05-09T22:17:21.2298050Z,EQ-1,91.80,47.78
2026-05-09T22:17:31.2298050Z,EQ-4,86.67,46.56
2026-05-09T22:17:41.2298050Z,EQ-4,89.28,46.43
2026-05-09T22:17:51.2298050Z,EQ-1,92.92,44.06
2026-05-09T22:18:01.2298050Z,EQ-1,85.93,47.22
2026-05-09T22:18:11.2298050Z,EQ-3,98.92,47.10
2026-05-09T22:18:21.2298050Z,EQ-4,94.64,46.92
2026-05-09T22:18:31.2298050Z,EQ-3,92.70,40.93
2026-05-09T22:18:41.2298050Z,EQ-4,85.99,42.78
2026-05-09T22:18:51.2298050Z,EQ-2,90.94,45.14
2026-05-09T22:19:01.2298050Z,EQ-2,88.19,41.74
2026-05-09T22:19:11.2298050Z,EQ-4,93.35,48.57
2026-05-09T22:19:21.2298050Z,EQ-1,96.90,43.82
2026-05-09T22:19:31.2298050Z,EQ-3,86.77,47.06
2026-05-09T22:19:41.2298050Z,EQ-1,95.44,40.38
2026-05-09T22:19:51.2298050Z,EQ-4,97.08,45.44
2026-05-09T22:20:01.2298050Z,EQ-3,93.98,46.06
2026-05-09T22:20:11.2298050Z,EQ-1,100.00,45.61
2026-05-09T22:20:21.2298050Z,EQ-1,94.33,42.02
2026-05-09T22:20:31.2298050Z,EQ-2,91.40,46.70
2026-05-09T22:20:41.2298050Z,EQ-4,95.01,40.93
2026-05-09T22:20:51.2298050Z,EQ-4,88.10,47.31
2026-05-09T22:21:01.2298050Z,EQ-1,85.94,46.29
2026-05-09T22:21:11.2298050Z,EQ-2,89.76,43.17
2026-05-09T22:21:21.2298050Z,EQ-2,87.13,49.25
2026-05-09T22:21:31.2298050Z,EQ-4,99.35,44.43
2026-05-09T22:21:41.2298050Z,EQ-1,95.94,42.15
2026-05-09T22:21:51.2298050Z,EQ-2,94.52,47.29
2026-05-09T22:22:01.2298050Z,EQ-3,93.18,42.71
2026-05-09T22:22:11.2298050Z,EQ-3,99.28,40.42
2026-05-09T22:22:21.2298050Z,EQ-1,96.50,48.44
2026-05-09T22:22:31.2298050Z,EQ-1,87.61,42.13
2026-05-09T22:22:41.2298050Z,EQ-3,90.19,45.33
2026-05-09T22:22:51.2298050Z,EQ-1,93.45,43.98
2026-05-09T22:23:01.2298050Z,EQ-2,89.42,42.75
2026-05-09T22:23:11.2298050Z,EQ-2,91.38,40.82
2026-05-09T22:23:21.2298050Z,EQ-1,99.37,43.46
2026-05-09T22:23:31.2298050Z,EQ-3,93.86,43.41
2026-05-09T22:23:41.2298050Z,EQ-4,98.80,48.41
2026-05-09T22:23:51.2298050Z,EQ-4,99.60,41.76
2026-05-09T22:24:01.2298050Z,EQ-2,95.22,45.79
2026-05-09T22:24:11.2298050Z,EQ-1,93.54,47.43
2026-05-09T22:24:21.2298050Z,EQ-2,94.71,40.22
2026-05-09T22:24:31.2298050Z,EQ-4,95.32,43.31
2026-05-09T22:24:41.2298050Z,EQ-4,87.89,44.25
2026-05-09T22:24:51.2298050Z,EQ-4,86.92,43.90
2026-05-09T22:25:01.2298050Z,EQ-1,95.57,48.18
2026-05-09T22:25:11.2298050Z,EQ-4,98.91,44.98
2026-05-09T22:25:21.2298050Z,EQ-3,90.73,40.81
2026-05-09T22:25:31.2298050Z,EQ-4,94.91,49.96
2026-05-09T22:25:41.2298050Z,EQ-4,97.40,41.07
2026-05-09T22:25:51.2298050Z,EQ-4,91.70,44.55
2026-05-09T22:26:01.2298050Z,EQ-3,86.59,47.21
2026-05-09T22:26:11.2298050Z,EQ-2,89.06,41.34
2026-05-09T22:26:21.2298050Z,EQ-1,99.70,45.94
2026-05-09T22:26:31.2298050Z,EQ-1,91.06,48.02
2026-05-09T22:26:41.2298050Z,EQ-4,99.32,48.28
2026-05-09T22:26:51.2298050Z,EQ-4,86.09,40.11
2026-05-09T22:27:01.2298050Z,EQ-2,90.45,40.33
2026-05-09T22:27:11.2298050Z,EQ-3,95.06,47.40
2026-05-09T22:27:21.2298050Z,EQ-4,95.31,40.74
2026-05-09T22:27:31.2298050Z,EQ-3,91.02,49.43
2026-05-09T22:27:41.2298050Z,EQ-2,89.78,43.09
2026-05-09T22:27:51.2298050Z,EQ-4,96.74,40.31
2026-05-09T22:28:01.2298050Z,EQ-4,96.93,48.64
2026-05-09T22:28:11.2298050Z,EQ-1,92.92,41.80
2026-05-09T22:28:21.2298050Z,EQ-3,98.89,42.47
2026-05-09T22:28:31.2298050Z,EQ-1,88.82,48.22
2026-05-09T22:28:41.2298050Z,EQ-3,96.31,40.03
2026-05-09T22:28:51.2298050Z,EQ-4,91.74,47.35
2026-05-09T22:29:01.2298050Z,EQ-3,95.60,43.96
2026-05-09T22:29:11.2298050Z,EQ-4,86.44,41.92
2026-05-09T22:29:21.2298050Z,EQ-3,93.73,41.99
2026-05-09T22:29:31.2298050Z,EQ-3,98.81,40.86
2026-05-09T22:29:41.2298050Z,EQ-1,90.89,40.53
2026-05-09T22:29:51.2298050Z,EQ-1,99.33,49.85
2026-05-09T22:30:01.2298050Z,EQ-3,85.76,40.35
2026-05-09T22:30:11.2298050Z,EQ-4,91.42,47.00
2026-05-09T22:30:21.2298050Z,EQ-2,95.74,46.97
2026-05-09T22:30:31.2298050Z,EQ-4,95.42,49.55
2026-05-09T22:30:41.2298050Z,EQ-1,90.73,47.99
2026-05-09T22:30:51.2298050Z,EQ-3,86.59,45.82
2026-05-09T22:31:01.2298050Z,EQ-3,95.44,47.89
2026-05-09T22:31:11.2298050Z,EQ-1,87.08,42.50
2026-05-09T22:31:21.2298050Z,EQ-1,92.63,43.35
2026-05-09T22:31:31.2298050Z,EQ-3,99.74,49.13
2026-05-09T22:31:41.2298050Z,EQ-4,90.18,43.13
2026-05-09T22:31:51.2298050Z,EQ-1,91.65,43.42
2026-05-09T22:32:01.2298050Z,EQ-3,88.11,40.89
2026-05-09T22:32:11.2298050Z,EQ-4,91.21,47.16
2026-05-09T22:32:21.2298050Z,EQ-4,88.37,42.00
2026-05-09T22:32:31.2298050Z,EQ-2,87.34,43.73
2026-05-09T22:32:41.2298050Z,EQ-2,87.39,40.24
2026-05-09T22:32:51.2298050Z,EQ-2,88.71,40.82
2026-05-09T22:33:01.2298050Z,EQ-4,98.69,48.81
2026-05-09T22:33:11.2298050Z,EQ-4,90.11,47.92
2026-05-09T22:33:21.2298050Z,EQ-1,92.24,42.36
2026-05-09T22:33:31.2298050Z,EQ-2,99.67,49.99
2026-05-09T22:33:41.2298050Z,EQ-4,96.54,47.79
2026-05-09T22:33:51.2298050Z,EQ-3,96.77,45.78
2026-05-09T22:34:01.2298050Z,EQ-1,96.87,47.37
2026-05-09T22:34:11.2298050Z,EQ-2,93.79,44.90
2026-05-09T22:34:21.2298050Z,EQ-3,97.08,48.76
2026-05-09T22:34:31.2298050Z,EQ-2,85.26,40.91
2026-05-09T22:34:41.2298050Z,EQ-1,99.16,47.06
2026-05-09T22:34:51.2298050Z,EQ-4,92.49,49.87
2026-05-09T22:35:01.2298050Z,EQ-1,89.52,47.01
2026-05-09T22:35:11.2298050Z,EQ-3,87.93,46.99
2026-05-09T22:35:21.2298050Z,EQ-2,96.80,49.53
2026-05-09T22:35:31.2298050Z,EQ-1,92.11,48.21
2026-05-09T22:35:41.2298050Z,EQ-1,92.58,41.73
2026-05-09T22:35:51.2298050Z,EQ-1,88.91,45.94
2026-05-09T22:36:01.2298050Z,EQ-2,87.50,44.43
2026-05-09T22:36:11.2298050Z,EQ-3,95.32,49.73
2026-05-09T22:36:21.2298050Z,EQ-3,87.51,43.73
2026-05-09T22:36:31.2298050Z,EQ-3,87.11,49.20
2026-05-09T22:36:41.2298050Z,EQ-4,89.49,40.36
2026-05-09T22:36:51.2298050Z,EQ-3,92.10,44.54
2026-05-09T22:37:01.2298050Z,EQ-3,87.55,45.87
2026-05-09T22:37:11.2298050Z,EQ-4,90.29,48.67
2026-05-09T22:37:21.2298050Z,EQ-1,99.32,44.73
2026-05-09T22:37:31.2298050Z,EQ-3,87.63,41.17
2026-05-09T22:37:41.2298050Z,EQ-4,93.61,42.97
2026-05-09T22:37:51.2298050Z,EQ-4,99.27,44.33
2026-05-09T22:38:01.2298050Z,EQ-3,95.27,44.44
2026-05-09T22:38:11.2298050Z,EQ-4,98.75,46.35
2026-05-09T22:38:21.2298050Z,EQ-2,91.84,44.22
2026-05-09T22:38:31.2298050Z,EQ-1,97.72,46.21
2026-05-09T22:38:41.2298050Z,EQ-1,86.00,46.77
2026-05-09T22:38:51.2298050Z,EQ-4,88.07,42.85
2026-05-09T22:39:01.2298050Z,EQ-3,85.14,44.18
2026-05-09T22:39:11.2298050Z,EQ-4,93.61,43.74
2026-05-09T22:39:21.2298050Z,EQ-3,85.13,48.58
2026-05-09T22:39:31.2298050Z,EQ-1,97.92,40.52
2026-05-09T22:39:41.2298050Z,EQ-2,99.36,42.96
2026-05-09T22:39:51.2298050Z,EQ-4,94.04,47.74
2026-05-09T22:40:01.2298050Z,EQ-2,87.10,45.42
2026-05-09T22:40:11.2298050Z,EQ-1,88.27,48.81
2026-05-09T22:40:21.2298050Z,EQ-4,94.80,48.50
2026-05-09T22:40:31.2298050Z,EQ-4,95.62,47.23
2026-05-09T22:40:41.2298050Z,EQ-4,88.69,41.85
2026-05-09T22:40:51.2298050Z,EQ-4,89.39,47.42
2026-05-09T22:41:01.2298050Z,EQ-3,97.74,48.20
2026-05-09T22:41:11.2298050Z,EQ-2,98.37,45.94
2026-05-09T22:41:21.2298050Z,EQ-3,94.91,44.49
2026-05-09T22:41:31.2298050Z,EQ-4,87.11,47.14
2026-05-09T22:41:41.2298050Z,EQ-4,87.19,41.79
2026-05-09T22:41:51.2298050Z,EQ-4,87.26,42.10
2026-05-09T22:42:01.2298050Z,EQ-4,86.67,46.52
2026-05-09T22:42:11.2298050Z,EQ-2,89.82,45.47
2026-05-09T22:42:21.2298050Z,EQ-3,89.26,48.19
2026-05-09T22:42:31.2298050Z,EQ-2,93.87,47.71
2026-05-09T22:42:41.2298050Z,EQ-2,97.64,40.50
2026-05-09T22:42:51.2298050Z,EQ-4,86.52,43.21
2026-05-09T22:43:01.2298050Z,EQ-4,99.33,45.56
2026-05-09T22:43:11.2298050Z,EQ-2,87.67,47.16
2026-05-09T22:43:21.2298050Z,EQ-4,98.70,46.04
2026-05-09T22:43:31.2298050Z,EQ-1,95.39,40.13
2026-05-09T22:43:41.2298050Z,EQ-4,94.67,44.21
2026-05-09T22:43:51.2298050Z,EQ-2,98.53,45.40
2026-05-09T22:44:01.2298050Z,EQ-4,87.34,47.67
2026-05-09T22:44:11.2298050Z,EQ-2,85.74,45.49
2026-05-09T22:44:21.2298050Z,EQ-3,98.58,45.47
2026-05-09T22:44:31.2298050Z,EQ-4,97.73,42.28
2026-05-09T22:44:41.2298050Z,EQ-2,87.34,42.52
2026-05-09T22:44:51.2298050Z,EQ-2,88.42,42.42
2026-05-09T22:45:01.2298050Z,EQ-1,93.74,43.01
2026-05-09T22:45:11.2298050Z,EQ-3,96.43,41.10
2026-05-09T22:45:21.2298050Z,EQ-2,85.11,41.03
2026-05-09T22:45:31.2298050Z,EQ-4,91.17,49.07
2026-05-09T22:45:41.2298050Z,EQ-4,89.05,48.22
2026-05-09T22:45:51.2298050Z,EQ-1,97.50,47.23
2026-05-09T22:46:01.2298050Z,EQ-1,89.88,40.99
2026-05-09T22:46:11.2298050Z,EQ-3,87.49,49.33
2026-05-09T22:46:21.2298050Z,EQ-3,99.79,49.45
2026-05-09T22:46:31.2298050Z,EQ-3,97.50,40.95
2026-05-09T22:46:41.2298050Z,EQ-4,91.91,44.83
2026-05-09T22:46:51.2298050Z,EQ-4,85.43,41.99
2026-05-09T22:47:01.2298050Z,EQ-3,85.33,42.07
2026-05-09T22:47:11.2298050Z,EQ-4,87.60,47.98
2026-05-09T22:47:21.2298050Z,EQ-4,86.85,47.22
2026-05-09T22:47:31.2298050Z,EQ-1,89.13,48.07
2026-05-09T22:47:41.2298050Z,EQ-2,89.65,49.86
2026-05-09T22:47:51.2298050Z,EQ-4,96.19,48.91
2026-05-09T22:48:01.2298050Z,EQ-3,87.42,47.62
2026-05-09T22:48:11.2298050Z,EQ-2,94.59,44.54
2026-05-09T22:48:21.2298050Z,EQ-3,92.58,48.62
2026-05-09T22:48:31.2298050Z,EQ-4,90.42,46.34
2026-05-09T22:48:41.2298050Z,EQ-2,87.64,43.10
2026-05-09T22:48:51.2298050Z,EQ-1,99.37,41.31
2026-05-09T22:49:01.2298050Z,EQ-1,98.37,46.50
2026-05-09T22:49:11.2298050Z,EQ-1,85.69,41.39
2026-05-09T22:49:21.2298050Z,EQ-1,99.47,49.77
2026-05-09T22:49:31.2298050Z,EQ-4,96.31,47.12
2026-05-09T22:49:41.2298050Z,EQ-2,85.40,40.32
2026-05-09T22:49:51.2298050Z,EQ-1,98.60,47.82
2026-05-09T22:50:01.2298050Z,EQ-1,94.22,46.73
2026-05-09T22:50:11.2298050Z,EQ-2,94.12,49.64
2026-05-09T22:50:21.2298050Z,EQ-2,96.49,44.33
2026-05-09T22:50:31.2298050Z,EQ-2,93.12,49.71
2026-05-09T22:50:41.2298050Z,EQ-4,93.66,49.43
2026-05-09T22:50:51.2298050Z,EQ-1,96.53,41.68
2026-05-09T22:51:01.2298050Z,EQ-2,97.77,43.13
2026-05-09T22:51:11.2298050Z,EQ-2,93.55,48.70
2026-05-09T22:51:21.2298050Z,EQ-4,87.08,43.69
2026-05-09T22:51:31.2298050Z,EQ-3,97.80,47.76
2026-05-09T22:51:41.2298050Z,EQ-4,88.48,40.91
2026-05-09T22:51:51.2298050Z,EQ-4,95.06,45.12
2026-05-09T22:52:01.2298050Z,EQ-3,86.75,44.89
2026-05-09T22:52:11.2298050Z,EQ-2,90.96,45.21
2026-05-09T22:52:21.2298050Z,EQ-4,90.76,46.72
2026-05-09T22:52:31.2298050Z,EQ-2,92.72,47.78
2026-05-09T22:52:41.2298050Z,EQ-4,85.81,44.47
2026-05-09T22:52:51.2298050Z,EQ-3,96.48,48.46
2026-05-09T22:53:01.2298050Z,EQ-4,95.60,47.42
2026-05-09T22:53:11.2298050Z,EQ-2,97.83,44.49
2026-05-09T22:53:21.2298050Z,EQ-3,85.56,40.77
2026-05-09T22:53:31.2298050Z,EQ-3,89.38,44.57
2026-05-09T22:53:41.2298050Z,EQ-2,94.16,43.80
2026-05-09T22:53:51.2298050Z,EQ-4,92.18,44.87
2026-05-09T22:54:01.2298050Z,EQ-3,99.58,49.20
2026-05-09T22:54:11.2298050Z,EQ-1,90.71,43.81
2026-05-09T22:54:21.2298050Z,EQ-3,99.47,49.37
2026-05-09T22:54:31.2298050Z,EQ-4,97.33,41.62
2026-05-09T22:54:41.2298050Z,EQ-3,88.01,49.36
2026-05-09T22:54:51.2298050Z,EQ-2,85.33,47.81
2026-05-09T22:55:01.2298050Z,EQ-1,90.33,49.01
2026-05-09T22:55:11.2298050Z,EQ-1,88.42,48.66
2026-05-09T22:55:21.2298050Z,EQ-4,86.23,47.68
2026-05-09T22:55:31.2298050Z,EQ-1,96.99,41.76
2026-05-09T22:55:41.2298050Z,EQ-4,91.38,44.87
2026-05-09T22:55:51.2298050Z,EQ-3,99.99,47.01
2026-05-09T22:56:01.2298050Z,EQ-4,96.42,45.38
2026-05-09T22:56:11.2298050Z,EQ-3,87.87,42.68
2026-05-09T22:56:21.2298050Z,EQ-3,99.80,49.78
2026-05-09T22:56:31.2298050Z,EQ-4,92.34,45.23
2026-05-09T22:56:41.2298050Z,EQ-2,90.05,48.14
2026-05-09T22:56:51.2298050Z,EQ-4,86.69,45.77
2026-05-09T22:57:01.2298050Z,EQ-1,97.24,43.20
2026-05-09T22:57:11.2298050Z,EQ-2,86.82,46.44
2026-05-09T22:57:21.2298050Z,EQ-1,99.57,46.69
2026-05-09T22:57:31.2298050Z,EQ-4,97.84,44.90
2026-05-09T22:57:41.2298050Z,EQ-1,92.42,47.66
2026-05-09T22:57:51.2298050Z,EQ-3,87.55,47.68
2026-05-09T22:58:01.2298050Z,EQ-3,93.51,49.20
2026-05-09T22:58:11.2298050Z,EQ-4,89.67,43.99
2026-05-09T22:58:21.2298050Z,EQ-1,93.22,45.31
2026-05-09T22:58:31.2298050Z,EQ-4,93.56,48.27
2026-05-09T22:58:41.2298050Z,EQ-1,99.05,42.89
2026-05-09T22:58:51.2298050Z,EQ-4,96.14,49.15
2026-05-09T22:59:01.2298050Z,EQ-3,96.86,42.41
2026-05-09T22:59:11.2298050Z,EQ-1,94.32,47.63
2026-05-09T22:59:21.2298050Z,EQ-3,95.33,49.59
2026-05-09T22:59:31.2298050Z,EQ-2,89.92,45.70
2026-05-09T22:59:41.2298050Z,EQ-4,87.91,46.45
2026-05-09T22:59:51.2298050Z,EQ-3,86.78,48.16
2026-05-09T23:00:01.2298050Z,EQ-4,98.69,40.48
2026-05-09T23:00:11.2298050Z,EQ-2,86.95,48.66
2026-05-09T23:00:21.2298050Z,EQ-1,89.75,45.19
2026-05-09T23:00:31.2298050Z,EQ-2,96.77,48.64
2026-05-09T23:00:41.2298050Z,EQ-1,88.79,42.24
2026-05-09T23:00:51.2298050Z,EQ-3,93.56,40.86
2026-05-09T23:01:01.2298050Z,EQ-2,96.94,42.23
2026-05-09T23:01:11.2298050Z,EQ-2,98.47,48.57
2026-05-09T23:01:21.2298050Z,EQ-1,90.51,42.11
2026-05-09T23:01:31.2298050Z,EQ-1,93.37,43.71
2026-05-09T23:01:41.2298050Z,EQ-3,92.40,42.30
2026-05-09T23:01:51.2298050Z,EQ-1,91.77,48.01
2026-05-09T23:02:01.2298050Z,EQ-2,96.77,43.22
2026-05-09T23:02:11.2298050Z,EQ-1,88.22,45.62
2026-05-09T23:02:21.2298050Z,EQ-2,92.60,46.01
2026-05-09T23:02:31.2298050Z,EQ-2,99.62,45.02
2026-05-09T23:02:41.2298050Z,EQ-2,98.65,45.63
2026-05-09T23:02:51.2298050Z,EQ-3,94.14,46.03
2026-05-09T23:03:01.2298050Z,EQ-2,91.14,47.21
2026-05-09T23:03:11.2298050Z,EQ-2,96.43,41.12
2026-05-09T23:03:21.2298050Z,EQ-1,87.28,40.22
2026-05-09T23:03:31.2298050Z,EQ-4,88.42,44.31
2026-05-09T23:03:41.2298050Z,EQ-4,94.85,41.08
2026-05-09T23:03:51.2298050Z,EQ-1,86.51,40.29
2026-05-09T23:04:01.2298050Z,EQ-4,87.42,49.86
2026-05-09T23:04:11.2298050Z,EQ-4,96.88,45.74
2026-05-09T23:04:21.2298050Z,EQ-4,88.64,49.83
2026-05-09T23:04:31.2298050Z,EQ-1,98.72,42.32
2026-05-09T23:04:41.2298050Z,EQ-2,91.85,42.51
2026-05-09T23:04:51.2298050Z,EQ-1,92.98,47.22
2026-05-09T23:05:01.2298050Z,EQ-3,96.65,43.55
2026-05-09T23:05:11.2298050Z,EQ-3,96.24,43.07
2026-05-09T23:05:21.2298050Z,EQ-4,88.35,47.58
2026-05-09T23:05:31.2298050Z,EQ-1,93.25,41.17
2026-05-09T23:05:41.2298050Z,EQ-4,90.08,48.95
2026-05-09T23:05:51.2298050Z,EQ-3,97.57,42.02
2026-05-09T23:06:01.2298050Z,EQ-3,92.85,45.89
2026-05-09T23:06:11.2298050Z,EQ-1,91.08,43.56
2026-05-09T23:06:21.2298050Z,EQ-4,99.12,49.29
2026-05-09T23:06:31.2298050Z,EQ-2,98.59,42.26
2026-05-09T23:06:41.2298050Z,EQ-1,86.77,43.91
2026-05-09T23:06:51.2298050Z,EQ-2,94.51,40.07
2026-05-09T23:07:01.2298050Z,EQ-3,86.85,40.54
2026-05-09T23:07:11.2298050Z,EQ-4,98.47,48.34
2026-05-09T23:07:21.2298050Z,EQ-2,89.72,40.49
2026-05-09T23:07:31.2298050Z,EQ-1,95.27,43.44
2026-05-09T23:07:41.2298050Z,EQ-1,97.62,47.51
2026-05-09T23:07:51.2298050Z,EQ-4,90.93,47.95
2026-05-09T23:08:01.2298050Z,EQ-1,86.48,42.22
2026-05-09T23:08:11.2298050Z,EQ-3,90.93,48.13
2026-05-09T23:08:21.2298050Z,EQ-4,88.89,46.28
2026-05-09T23:08:31.2298050Z,EQ-2,90.75,46.75
2026-05-09T23:08:41.2298050Z,EQ-3,92.96,41.69
2026-05-09T23:08:51.2298050Z,EQ-4,88.27,45.09
2026-05-09T23:09:01.2298050Z,EQ-4,96.17,41.98
2026-05-09T23:09:11.2298050Z,EQ-2,99.15,47.54
2026-05-09T23:09:21.2298050Z,EQ-2,97.73,46.17
2026-05-09T23:09:31.2298050Z,EQ-1,89.87,40.53
2026-05-09T23:09:41.2298050Z,EQ-1,86.65,44.68
2026-05-09T23:09:51.2298050Z,EQ-3,90.77,47.38
2026-05-09T23:10:01.2298050Z,EQ-3,92.76,46.12
2026-05-09T23:10:11.2298050Z,EQ-3,88.45,40.39
2026-05-09T23:10:21.2298050Z,EQ-3,87.30,45.98
2026-05-09T23:10:31.2298050Z,EQ-2,88.33,40.28
2026-05-09T23:10:41.2298050Z,EQ-4,95.22,44.87
2026-05-09T23:10:51.2298050Z,EQ-1,86.39,41.94
2026-05-09T23:11:01.2298050Z,EQ-2,99.44,47.95
2026-05-09T23:11:11.2298050Z,EQ-4,89.28,45.44
2026-05-09T23:11:21.2298050Z,EQ-1,86.59,41.44
2026-05-09T23:11:31.2298050Z,EQ-1,99.64,42.63
2026-05-09T23:11:41.2298050Z,EQ-2,92.47,49.21
2026-05-09T23:11:51.2298050Z,EQ-4,93.33,46.30
2026-05-09T23:12:01.2298050Z,EQ-3,91.46,44.74
2026-05-09T23:12:11.2298050Z,EQ-1,95.65,46.26
2026-05-09T23:12:21.2298050Z,EQ-1,94.90,47.55
2026-05-09T23:12:31.2298050Z,EQ-1,96.54,43.26
2026-05-09T23:12:41.2298050Z,EQ-1,88.23,46.85
2026-05-09T23:12:51.2298050Z,EQ-2,90.58,40.52
2026-05-09T23:13:01.2298050Z,EQ-2,89.87,45.60
2026-05-09T23:13:11.2298050Z,EQ-3,94.97,44.90
2026-05-09T23:13:21.2298050Z,EQ-2,90.44,40.08
2026-05-09T23:13:31.2298050Z,EQ-3,96.44,42.83
2026-05-09T23:13:41.2298050Z,EQ-1,98.81,46.81
2026-05-09T23:13:51.2298050Z,EQ-2,99.79,47.54
2026-05-09T23:14:01.2298050Z,EQ-4,88.12,43.26
2026-05-09T23:14:11.2298050Z,EQ-2,93.63,41.63
2026-05-09T23:14:21.2298050Z,EQ-1,94.19,45.47
2026-05-09T23:14:31.2298050Z,EQ-2,94.93,45.17
2026-05-09T23:14:41.2298050Z,EQ-1,96.84,41.76
2026-05-09T23:14:51.2298050Z,EQ-2,86.60,48.57
2026-05-09T23:15:01.2298050Z,EQ-3,88.98,47.52
2026-05-09T23:15:11.2298050Z,EQ-3,99.09,46.65
2026-05-09T23:15:21.2298050Z,EQ-2,97.38,46.77
2026-05-09T23:15:31.2298050Z,EQ-1,96.95,44.91
2026-05-09T23:15:41.2298050Z,EQ-4,99.64,44.28
2026-05-09T23:15:51.2298050Z,EQ-3,91.05,40.17
2026-05-09T23:16:01.2298050Z,EQ-1,88.24,48.14
2026-05-09T23:16:11.2298050Z,EQ-4,99.24,43.61
2026-05-09T23:16:21.2298050Z,EQ-4,93.74,42.64
2026-05-09T23:16:31.2298050Z,EQ-3,89.03,41.13
2026-05-09T23:16:41.2298050Z,EQ-2,88.62,44.48
2026-05-09T23:16:51.2298050Z,EQ-2,88.34,46.33
2026-05-09T23:17:01.2298050Z,EQ-2,95.69,48.26
2026-05-09T23:17:11.2298050Z,EQ-1,93.89,45.62
2026-05-09T23:17:21.2298050Z,EQ-1,91.75,49.58
2026-05-09T23:17:31.2298050Z,EQ-1,88.80,40.50
2026-05-09T23:17:41.2298050Z,EQ-1,93.72,49.96
2026-05-09T23:17:51.2298050Z,EQ-4,96.95,43.27
2026-05-09T23:18:01.2298050Z,EQ-4,85.55,46.64
2026-05-09T23:18:11.2298050Z,EQ-1,95.95,45.67
2026-05-09T23:18:21.2298050Z,EQ-3,85.11,43.48
2026-05-09T23:18:31.2298050Z,EQ-3,93.84,43.06
2026-05-09T23:18:41.2298050Z,EQ-2,96.11,40.55
2026-05-09T23:18:51.2298050Z,EQ-1,98.81,43.54
2026-05-09T23:19:01.2298050Z,EQ-3,99.42,48.18
2026-05-09T23:19:11.2298050Z,EQ-4,96.15,40.01
2026-05-09T23:19:21.2298050Z,EQ-4,99.56,47.60
2026-05-09T23:19:31.2298050Z,EQ-4,90.58,41.01
2026-05-09T23:19:41.2298050Z,EQ-1,96.61,45.66
2026-05-09T23:19:51.2298050Z,EQ-2,90.40,49.66
2026-05-09T23:20:01.2298050Z,EQ-1,91.28,45.62
2026-05-09T23:20:11.2298050Z,EQ-2,86.22,43.80
2026-05-09T23:20:21.2298050Z,EQ-1,99.06,46.27
2026-05-09T23:20:31.2298050Z,EQ-4,89.12,41.68
2026-05-09T23:20:41.2298050Z,EQ-3,90.88,48.10
2026-05-09T23:20:51.2298050Z,EQ-4,87.82,45.78
2026-05-09T23:21:01.2298050Z,EQ-3,88.89,49.41
2026-05-09T23:21:11.2298050Z,EQ-3,93.36,40.47
2026-05-09T23:21:21.2298050Z,EQ-2,90.05,41.50
2026-05-09T23:21:31.2298050Z,EQ-3,85.55,45.06
2026-05-09T23:21:41.2298050Z,EQ-4,98.46,49.77
2026-05-09T23:21:51.2298050Z,EQ-2,88.65,41.82
2026-05-09T23:22:01.2298050Z,EQ-4,90.32,48.93
2026-05-09T23:22:11.2298050Z,EQ-3,85.39,40.13
2026-05-09T23:22:21.2298050Z,EQ-4,95.35,48.76
2026-05-09T23:22:31.2298050Z,EQ-4,92.67,46.53
2026-05-09T23:22:41.2298050Z,EQ-3,88.46,49.39
2026-05-09T23:22:51.2298050Z,EQ-2,85.98,42.81
2026-05-09T23:23:01.2298050Z,EQ-1,99.47,43.58
2026-05-09T23:23:11.2298050Z,EQ-4,94.56,44.46
2026-05-09T23:23:21.2298050Z,EQ-2,88.01,46.83
2026-05-09T23:23:31.2298050Z,EQ-3,87.98,47.21
2026-05-09T23:23:41.2298050Z,EQ-3,85.59,46.44
2026-05-09T23:23:51.2298050Z,EQ-3,90.50,43.07
2026-05-09T23:24:01.2298050Z,EQ-2,90.35,47.05
2026-05-09T23:24:11.2298050Z,EQ-4,87.46,44.36
2026-05-09T23:24:21.2298050Z,EQ-1,96.04,47.99
2026-05-09T23:24:31.2298050Z,EQ-3,92.17,40.13
2026-05-09T23:24:41.2298050Z,EQ-1,90.92,45.98
2026-05-09T23:24:51.2298050Z,EQ-1,92.72,40.38
2026-05-09T23:25:01.2298050Z,EQ-4,89.52,49.41
2026-05-09T23:25:11.2298050Z,EQ-3,93.65,49.27
2026-05-09T23:25:21.2298050Z,EQ-4,86.08,43.83
2026-05-09T23:25:31.2298050Z,EQ-3,94.11,47.92
2026-05-09T23:25:41.2298050Z,EQ-2,97.98,43.28
2026-05-09T23:25:51.2298050Z,EQ-4,85.06,43.10
2026-05-09T23:26:01.2298050Z,EQ-2,99.65,43.48
2026-05-09T23:26:11.2298050Z,EQ-2,97.46,47.19
2026-05-09T23:26:21.2298050Z,EQ-1,85.01,41.18
2026-05-09T23:26:31.2298050Z,EQ-2,95.79,43.65
2026-05-09T23:26:41.2298050Z,EQ-1,87.17,47.88
2026-05-09T23:26:51.2298050Z,EQ-4,96.43,44.37
2026-05-09T23:27:01.2298050Z,EQ-4,85.07,40.25
2026-05-09T23:27:11.2298050Z,EQ-2,87.16,46.90
2026-05-09T23:27:21.2298050Z,EQ-1,92.98,43.26
2026-05-09T23:27:31.2298050Z,EQ-1,91.40,42.25
2026-05-09T23:27:41.2298050Z,EQ-2,96.28,45.15
2026-05-09T23:27:51.2298050Z,EQ-1,86.67,48.16
2026-05-09T23:28:01.2298050Z,EQ-2,85.96,42.70
2026-05-09T23:28:11.2298050Z,EQ-4,96.28,40.81
2026-05-09T23:28:21.2298050Z,EQ-1,98.89,49.52
2026-05-09T23:28:31.2298050Z,EQ-3,93.37,41.94
2026-05-09T23:28:41.2298050Z,EQ-1,88.54,40.13
2026-05-09T23:28:51.2298050Z,EQ-2,89.28,49.49
2026-05-09T23:29:01.2298050Z,EQ-1,95.28,46.88
2026-05-09T23:29:11.2298050Z,EQ-4,97.30,46.61
2026-05-09T23:29:21.2298050Z,EQ-2,92.12,42.04
2026-05-09T23:29:31.2298050Z,EQ-1,89.08,45.42
2026-05-09T23:29:41.2298050Z,EQ-2,94.02,43.84
2026-05-09T23:29:51.2298050Z,EQ-1,88.10,48.81
2026-05-09T23:30:01.2298050Z,EQ-1,90.34,40.45
2026-05-09T23:30:11.2298050Z,EQ-3,88.80,41.11
2026-05-09T23:30:21.2298050Z,EQ-1,99.94,46.53
2026-05-09T23:30:31.2298050Z,EQ-3,95.29,41.96
2026-05-09T23:30:41.2298050Z,EQ-4,92.39,43.40
2026-05-09T23:30:51.2298050Z,EQ-3,92.30,40.83
2026-05-09T23:31:01.2298050Z,EQ-4,86.50,43.64
2026-05-09T23:31:11.2298050Z,EQ-1,93.63,47.55
2026-05-09T23:31:21.2298050Z,EQ-2,98.99,47.34
2026-05-09T23:31:31.2298050Z,EQ-1,96.19,42.90
2026-05-09T23:31:41.2298050Z,EQ-2,86.41,44.87
2026-05-09T23:31:51.2298050Z,EQ-3,89.01,45.29
2026-05-09T23:32:01.2298050Z,EQ-1,91.83,45.78
2026-05-09T23:32:11.2298050Z,EQ-4,87.23,46.04
2026-05-09T23:32:21.2298050Z,EQ-2,95.50,47.56
2026-05-09T23:32:31.2298050Z,EQ-4,99.00,48.38
2026-05-09T23:32:41.2298050Z,EQ-3,87.61,46.45
2026-05-09T23:32:51.2298050Z,EQ-4,86.78,41.58
2026-05-09T23:33:01.2298050Z,EQ-2,95.59,46.93
2026-05-09T23:33:11.2298050Z,EQ-2,85.99,44.71
2026-05-09T23:33:21.2298050Z,EQ-2,99.00,41.93
2026-05-09T23:33:31.2298050Z,EQ-4,90.28,43.37
2026-05-09T23:33:41.2298050Z,EQ-1,89.31,45.44
2026-05-09T23:33:51.2298050Z,EQ-2,88.58,40.69
2026-05-09T23:34:01.2298050Z,EQ-4,88.96,41.22
2026-05-09T23:34:11.2298050Z,EQ-4,97.01,45.05
2026-05-09T23:34:21.2298050Z,EQ-4,88.46,44.70
2026-05-09T23:34:31.2298050Z,EQ-4,92.77,40.43
2026-05-09T23:34:41.2298050Z,EQ-1,88.90,41.74
2026-05-09T23:34:51.2298050Z,EQ-4,95.28,49.72
2026-05-09T23:35:01.2298050Z,EQ-4,99.56,44.09
2026-05-09T23:35:11.2298050Z,EQ-1,86.23,48.42
2026-05-09T23:35:21.2298050Z,EQ-1,96.71,47.79
2026-05-09T23:35:31.2298050Z,EQ-4,96.72,45.08
2026-05-09T23:35:41.2298050Z,EQ-2,86.15,47.04
2026-05-09T23:35:51.2298050Z,EQ-4,93.56,41.11
2026-05-09T23:36:01.2298050Z,EQ-4,88.17,49.38
2026-05-09T23:36:11.2298050Z,EQ-4,95.03,45.74
2026-05-09T23:36:21.2298050Z,EQ-1,99.49,44.96
2026-05-09T23:36:31.2298050Z,EQ-1,97.80,42.54
2026-05-09T23:36:41.2298050Z,EQ-2,93.54,46.34
2026-05-09T23:36:51.2298050Z,EQ-3,85.81,45.84
2026-05-09T23:37:01.2298050Z,EQ-3,91.59,43.20
2026-05-09T23:37:11.2298050Z,EQ-1,97.73,44.60
2026-05-09T23:37:21.2298050Z,EQ-1,86.12,43.92
2026-05-09T23:37:31.2298050Z,EQ-3,91.75,44.54
2026-05-09T23:37:41.2298050Z,EQ-4,88.62,47.65
2026-05-09T23:37:51.2298050Z,EQ-2,96.01,46.45
2026-05-09T23:38:01.2298050Z,EQ-2,96.87,44.65
2026-05-09T23:38:11.2298050Z,EQ-4,89.01,40.38
2026-05-09T23:38:21.2298050Z,EQ-3,92.15,45.73
2026-05-09T23:38:31.2298050Z,EQ-1,88.73,42.98
2026-05-09T23:38:41.2298050Z,EQ-3,88.60,47.99
2026-05-09T23:38:51.2298050Z,EQ-4,96.95,42.47
2026-05-09T23:39:01.2298050Z,EQ-4,94.23,41.89
2026-05-09T23:39:11.2298050Z,EQ-3,85.93,44.78
2026-05-09T23:39:21.2298050Z,EQ-2,94.55,48.22
2026-05-09T23:39:31.2298050Z,EQ-1,97.85,43.73
2026-05-09T23:39:41.2298050Z,EQ-3,92.31,46.80
2026-05-09T23:39:51.2298050Z,EQ-4,99.79,41.18
2026-05-09T23:40:01.2298050Z,EQ-3,92.80,48.24
2026-05-09T23:40:11.2298050Z,EQ-1,89.49,42.74
2026-05-09T23:40:21.2298050Z,EQ-1,89.48,46.96
2026-05-09T23:40:31.2298050Z,EQ-3,97.25,40.54
2026-05-09T23:40:41.2298050Z,EQ-4,87.05,49.38
2026-05-09T23:40:51.2298050Z,EQ-3,91.71,40.37
2026-05-09T23:41:01.2298050Z,EQ-4,86.32,41.51
2026-05-09T23:41:11.2298050Z,EQ-4,90.22,44.90
2026-05-09T23:41:21.2298050Z,EQ-1,95.42,48.85
2026-05-09T23:41:31.2298050Z,EQ-4,96.76,45.18
2026-05-09T23:41:41.2298050Z,EQ-4,98.37,46.96
2026-05-09T23:41:51.2298050Z,EQ-2,89.13,43.52
2026-05-09T23:42:01.2298050Z,EQ-1,95.51,40.65
2026-05-09T23:42:11.2298050Z,EQ-4,91.61,45.43
2026-05-09T23:42:21.2298050Z,EQ-2,90.03,48.75
2026-05-09T23:42:31.2298050Z,EQ-2,88.49,40.12
2026-05-09T23:42:41.2298050Z,EQ-1,90.13,45.31
2026-05-09T23:42:51.2298050Z,EQ-1,85.26,45.91
2026-05-09T23:43:01.2298050Z,EQ-4,90.97,48.53
2026-05-09T23:43:11.2298050Z,EQ-2,94.87,40.42
2026-05-09T23:43:21.2298050Z,EQ-3,91.94,42.43
2026-05-09T23:43:31.2298050Z,EQ-4,85.17,42.78
2026-05-09T23:43:41.2298050Z,EQ-1,85.21,47.47
2026-05-09T23:43:51.2298050Z,EQ-2,96.43,40.90
2026-05-09T23:44:01.2298050Z,EQ-1,95.48,49.22
2026-05-09T23:44:11.2298050Z,EQ-2,92.98,49.80
2026-05-09T23:44:21.2298050Z,EQ-2,99.94,40.66
2026-05-09T23:44:31.2298050Z,EQ-2,95.32,40.60
2026-05-09T23:44:41.2298050Z,EQ-2,96.88,41.98
2026-05-09T23:44:51.2298050Z,EQ-1,85.89,48.05
2026-05-09T23:45:01.2298050Z,EQ-1,98.52,40.24
2026-05-09T23:45:11.2298050Z,EQ-4,90.55,41.18
2026-05-09T23:45:21.2298050Z,EQ-1,88.90,41.43
2026-05-09T23:45:31.2298050Z,EQ-1,87.35,43.65
2026-05-09T23:45:41.2298050Z,EQ-3,89.49,43.15
2026-05-09T23:45:51.2298050Z,EQ-4,96.43,42.16
2026-05-09T23:46:01.2298050Z,EQ-1,95.62,44.45
2026-05-09T23:46:11.2298050Z,EQ-1,90.07,44.19
2026-05-09T23:46:21.2298050Z,EQ-3,90.47,49.59
2026-05-09T23:46:31.2298050Z,EQ-1,97.23,40.52
2026-05-09T23:46:41.2298050Z,EQ-1,85.23,48.74
2026-05-09T23:46:51.2298050Z,EQ-2,86.27,48.69
2026-05-09T23:47:01.2298050Z,EQ-2,90.20,46.45
2026-05-09T23:47:11.2298050Z,EQ-1,86.70,48.36
2026-05-09T23:47:21.2298050Z,EQ-3,87.86,44.79
2026-05-09T23:47:31.2298050Z,EQ-3,96.83,40.25
2026-05-09T23:47:41.2298050Z,EQ-3,86.23,48.21
2026-05-09T23:47:51.2298050Z,EQ-2,86.80,43.79
2026-05-09T23:48:01.2298050Z,EQ-4,95.08,48.15
2026-05-09T23:48:11.2298050Z,EQ-3,86.22,47.11
2026-05-09T23:48:21.2298050Z,EQ-3,92.99,40.40
2026-05-09T23:48:31.2298050Z,EQ-2,98.48,47.07
2026-05-09T23:48:41.2298050Z,EQ-3,95.21,42.51
2026-05-09T23:48:51.2298050Z,EQ-4,94.63,46.65
2026-05-09T23:49:01.2298050Z,EQ-3,93.78,45.95
2026-05-09T23:49:11.2298050Z,EQ-1,87.11,47.30
2026-05-09T23:49:21.2298050Z,EQ-2,91.26,42.19
2026-05-09T23:49:31.2298050Z,EQ-3,93.47,42.69
2026-05-09T23:49:41.2298050Z,EQ-4,88.92,41.35
2026-05-09T23:49:51.2298050Z,EQ-2,90.42,45.32
2026-05-09T23:50:01.2298050Z,EQ-4,86.35,45.91
2026-05-09T23:50:11.2298050Z,EQ-4,85.69,49.54
2026-05-09T23:50:21.2298050Z,EQ-2,92.58,42.12
2026-05-09T23:50:31.2298050Z,EQ-4,85.65,47.26
2026-05-09T23:50:41.2298050Z,EQ-3,87.27,40.85
2026-05-09T23:50:51.2298050Z,EQ-1,88.13,41.10
2026-05-09T23:51:01.2298050Z,EQ-1,88.99,40.09
2026-05-09T23:51:11.2298050Z,EQ-3,95.20,44.23
2026-05-09T23:51:21.2298050Z,EQ-3,93.37,43.91
2026-05-09T23:51:31.2298050Z,EQ-2,97.56,47.47
2026-05-09T23:51:41.2298050Z,EQ-1,98.00,40.99
2026-05-09T23:51:51.2298050Z,EQ-2,93.91,42.56
2026-05-09T23:52:01.2298050Z,EQ-1,89.37,46.84
2026-05-09T23:52:11.2298050Z,EQ-1,90.87,48.17
2026-05-09T23:52:21.2298050Z,EQ-2,92.19,47.83
2026-05-09T23:52:31.2298050Z,EQ-4,95.77,44.44
2026-05-09T23:52:41.2298050Z,EQ-1,94.62,42.86
2026-05-09T23:52:51.2298050Z,EQ-4,95.49,49.55
2026-05-09T23:53:01.2298050Z,EQ-4,94.29,45.45
2026-05-09T23:53:11.2298050Z,EQ-4,89.88,48.15
2026-05-09T23:53:21.2298050Z,EQ-2,90.45,40.02
2026-05-09T23:53:31.2298050Z,EQ-4,93.34,47.41
2026-05-09T23:53:41.2298050Z,EQ-3,96.43,40.75
2026-05-09T23:53:51.2298050Z,EQ-3,91.42,44.85
2026-05-09T23:54:01.2298050Z,EQ-1,95.49,48.45
2026-05-09T23:54:11.2298050Z,EQ-2,88.02,47.56
2026-05-09T23:54:21.2298050Z,EQ-2,98.83,48.98
2026-05-09T23:54:31.2298050Z,EQ-3,89.25,43.94
2026-05-09T23:54:41.2298050Z,EQ-1,88.15,49.23
2026-05-09T23:54:51.2298050Z,EQ-4,87.30,45.35
2026-05-09T23:55:01.2298050Z,EQ-2,95.84,48.71
2026-05-09T23:55:11.2298050Z,EQ-3,94.21,40.28
2026-05-09T23:55:21.2298050Z,EQ-1,92.07,46.85
2026-05-09T23:55:31.2298050Z,EQ-2,94.23,43.15
2026-05-09T23:55:41.2298050Z,EQ-4,91.72,49.39
2026-05-09T23:55:51.2298050Z,EQ-1,97.78,47.94
2026-05-09T23:56:01.2298050Z,EQ-2,86.54,40.06
2026-05-09T23:56:11.2298050Z,EQ-3,92.33,43.74
2026-05-09T23:56:21.2298050Z,EQ-2,91.08,47.08
2026-05-09T23:56:31.2298050Z,EQ-2,90.35,41.31
2026-05-09T23:56:41.2298050Z,EQ-2,97.50,48.48
2026-05-09T23:56:51.2298050Z,EQ-4,99.00,43.50
2026-05-09T23:57:01.2298050Z,EQ-3,98.72,42.54
2026-05-09T23:57:11.2298050Z,EQ-2,94.50,42.06
2026-05-09T23:57:21.2298050Z,EQ-1,86.53,46.25
2026-05-09T23:57:31.2298050Z,EQ-2,98.34,41.00
2026-05-09T23:57:41.2298050Z,EQ-4,93.09,49.62
2026-05-09T23:57:51.2298050Z,EQ-2,93.40,48.55
2026-05-09T23:58:01.2298050Z,EQ-1,98.94,49.10
2026-05-09T23:58:11.2298050Z,EQ-2,85.87,44.78
2026-05-09T23:58:21.2298050Z,EQ-4,85.74,48.23
2026-05-09T23:58:31.2298050Z,EQ-3,87.79,47.92
2026-05-09T23:58:41.2298050Z,EQ-1,99.57,44.13
2026-05-09T23:58:51.2298050Z,EQ-3,93.34,47.71
2026-05-09T23:59:01.2298050Z,EQ-1,91.15,45.92
2026-05-09T23:59:11.2298050Z,EQ-2,89.12,43.86
2026-05-09T23:59:21.2298050Z,EQ-4,94.01,45.88
2026-05-09T23:59:31.2298050Z,EQ-2,98.42,40.95
2026-05-09T23:59:41.2298050Z,EQ-3,97.56,41.23
2026-05-09T23:59:51.2298050Z,EQ-4,94.38,49.66
2026-05-10T00:00:01.2298050Z,EQ-3,93.02,41.70
2026-05-10T00:00:11.2298050Z,EQ-4,93.71,44.97
2026-05-10T00:00:21.2298050Z,EQ-3,86.40,41.58
2026-05-10T00:00:31.2298050Z,EQ-2,93.19,45.68
2026-05-10T00:00:41.2298050Z,EQ-2,95.00,49.41
2026-05-10T00:00:51.2298050Z,EQ-3,86.63,49.95
2026-05-10T00:01:01.2298050Z,EQ-3,86.01,40.78
2026-05-10T00:01:11.2298050Z,EQ-1,99.29,47.77
2026-05-10T00:01:21.2298050Z,EQ-4,93.78,49.75
2026-05-10T00:01:31.2298050Z,EQ-2,92.94,47.88
2026-05-10T00:01:41.2298050Z,EQ-3,98.81,48.90
2026-05-10T00:01:51.2298050Z,EQ-1,97.61,42.98
2026-05-10T00:02:01.2298050Z,EQ-2,98.40,44.14
2026-05-10T00:02:11.2298050Z,EQ-3,88.96,44.53
2026-05-10T00:02:21.2298050Z,EQ-2,95.50,44.68
2026-05-10T00:02:31.2298050Z,EQ-2,95.27,42.10
2026-05-10T00:02:41.2298050Z,EQ-2,88.35,46.67
2026-05-10T00:02:51.2298050Z,EQ-4,96.04,49.07
2026-05-10T00:03:01.2298050Z,EQ-3,90.19,42.30
2026-05-10T00:03:11.2298050Z,EQ-3,91.46,45.44
2026-05-10T00:03:21.2298050Z,EQ-2,94.40,46.42
2026-05-10T00:03:31.2298050Z,EQ-3,85.80,44.95
2026-05-10T00:03:41.2298050Z,EQ-4,91.20,47.24
2026-05-10T00:03:51.2298050Z,EQ-2,92.07,41.49
2026-05-10T00:04:01.2298050Z,EQ-1,97.22,48.83
2026-05-10T00:04:11.2298050Z,EQ-1,96.14,45.76
2026-05-10T00:04:21.2298050Z,EQ-2,95.75,41.30
2026-05-10T00:04:31.2298050Z,EQ-1,97.06,48.31
2026-05-10T00:04:41.2298050Z,EQ-2,95.48,44.53
2026-05-10T00:04:51.2298050Z,EQ-1,88.59,42.13
2026-05-10T00:05:01.2298050Z,EQ-4,85.49,43.82
2026-05-10T00:05:11.2298050Z,EQ-2,94.95,40.44
2026-05-10T00:05:21.2298050Z,EQ-1,95.90,45.51
2026-05-10T00:05:31.2298050Z,EQ-3,95.26,43.23
2026-05-10T00:05:41.2298050Z,EQ-1,89.40,49.48
2026-05-10T00:05:51.2298050Z,EQ-1,87.43,49.56
2026-05-10T00:06:01.2298050Z,EQ-1,89.31,42.48
2026-05-10T00:06:11.2298050Z,EQ-3,93.75,42.44
2026-05-10T00:06:21.2298050Z,EQ-4,87.06,43.65
2026-05-10T00:06:31.2298050Z,EQ-2,96.20,47.69
2026-05-10T00:06:41.2298050Z,EQ-3,85.69,45.54
2026-05-10T00:06:51.2298050Z,EQ-2,85.43,43.81
2026-05-10T00:07:01.2298050Z,EQ-2,87.79,42.70
2026-05-10T00:07:11.2298050Z,EQ-4,99.29,42.74
2026-05-10T00:07:21.2298050Z,EQ-1,92.03,42.91
2026-05-10T00:07:31.2298050Z,EQ-1,88.67,48.60
2026-05-10T00:07:41.2298050Z,EQ-2,95.18,41.03
2026-05-10T00:07:51.2298050Z,EQ-2,96.38,44.29
2026-05-10T00:08:01.2298050Z,EQ-4,95.76,47.57
2026-05-10T00:08:11.2298050Z,EQ-2,93.31,47.69
2026-05-10T00:08:21.2298050Z,EQ-1,99.74,48.08
2026-05-10T00:08:31.2298050Z,EQ-1,92.52,46.56
2026-05-10T00:08:41.2298050Z,EQ-4,95.16,46.71
2026-05-10T00:08:51.2298050Z,EQ-2,90.61,43.60
2026-05-10T00:09:01.2298050Z,EQ-3,97.22,44.61
2026-05-10T00:09:11.2298050Z,EQ-3,87.00,41.40
2026-05-10T00:09:21.2298050Z,EQ-1,94.23,49.69
2026-05-10T00:09:31.2298050Z,EQ-1,85.02,43.69
2026-05-10T00:09:41.2298050Z,EQ-1,97.04,42.53
2026-05-10T00:09:51.2298050Z,EQ-1,89.65,42.50
2026-05-10T00:10:01.2298050Z,EQ-3,89.13,47.94
2026-05-10T00:10:11.2298050Z,EQ-1,85.83,46.87
2026-05-10T00:10:21.2298050Z,EQ-1,93.18,42.46
2026-05-10T00:10:31.2298050Z,EQ-4,87.11,48.68
2026-05-10T00:10:41.2298050Z,EQ-2,85.67,44.52
2026-05-10T00:10:51.2298050Z,EQ-4,91.16,49.90
2026-05-10T00:11:01.2298050Z,EQ-4,94.73,45.52
2026-05-10T00:11:11.2298050Z,EQ-1,88.21,49.47
2026-05-10T00:11:21.2298050Z,EQ-1,87.89,45.02
2026-05-10T00:11:31.2298050Z,EQ-1,95.14,43.11
2026-05-10T00:11:41.2298050Z,EQ-2,93.30,42.08
2026-05-10T00:11:51.2298050Z,EQ-2,96.75,47.31
2026-05-10T00:12:01.2298050Z,EQ-1,92.01,42.94
2026-05-10T00:12:11.2298050Z,EQ-2,96.03,48.65
2026-05-10T00:12:21.2298050Z,EQ-1,86.62,46.73
2026-05-10T00:12:31.2298050Z,EQ-2,89.86,47.02
2026-05-10T00:12:41.2298050Z,EQ-3,99.33,49.92
2026-05-10T00:12:51.2298050Z,EQ-3,93.63,45.11
2026-05-10T00:13:01.2298050Z,EQ-1,92.65,48.57
2026-05-10T00:13:11.2298050Z,EQ-4,86.75,44.63
2026-05-10T00:13:21.2298050Z,EQ-3,98.67,48.69
2026-05-10T00:13:31.2298050Z,EQ-2,96.03,43.54
2026-05-10T00:13:41.2298050Z,EQ-3,97.43,41.84
2026-05-10T00:13:51.2298050Z,EQ-3,95.17,47.18
2026-05-10T00:14:01.2298050Z,EQ-4,99.27,46.42
2026-05-10T00:14:11.2298050Z,EQ-4,89.26,43.00
2026-05-10T00:14:21.2298050Z,EQ-4,85.37,43.14
2026-05-10T00:14:31.2298050Z,EQ-2,93.04,47.01
2026-05-10T00:14:41.2298050Z,EQ-4,98.89,43.80
2026-05-10T00:14:51.2298050Z,EQ-4,94.45,48.49
2026-05-10T00:15:01.2298050Z,EQ-1,92.38,45.36
2026-05-10T00:15:11.2298050Z,EQ-3,88.50,41.12
2026-05-10T00:15:21.2298050Z,EQ-2,85.95,48.78
2026-05-10T00:15:31.2298050Z,EQ-3,98.04,41.58
2026-05-10T00:15:41.2298050Z,EQ-4,91.08,40.57
2026-05-10T00:15:51.2298050Z,EQ-1,97.27,49.34
2026-05-10T00:16:01.2298050Z,EQ-3,93.50,45.27
2026-05-10T00:16:11.2298050Z,EQ-4,91.24,45.15
2026-05-10T00:16:21.2298050Z,EQ-3,98.40,48.65
2026-05-10T00:16:31.2298050Z,EQ-2,90.26,48.68
2026-05-10T00:16:41.2298050Z,EQ-2,89.63,43.22
2026-05-10T00:16:51.2298050Z,EQ-4,99.54,47.25
2026-05-10T00:17:01.2298050Z,EQ-4,99.47,49.43
2026-05-10T00:17:11.2298050Z,EQ-4,92.86,42.11
2026-05-10T00:17:21.2298050Z,EQ-3,92.54,48.33
2026-05-10T00:17:31.2298050Z,EQ-2,93.12,44.73
2026-05-10T00:17:41.2298050Z,EQ-1,99.03,49.76
2026-05-10T00:17:51.2298050Z,EQ-1,92.33,42.77
2026-05-10T00:18:01.2298050Z,EQ-3,87.98,40.51
2026-05-10T00:18:11.2298050Z,EQ-3,97.11,41.61
2026-05-10T00:18:21.2298050Z,EQ-2,89.59,46.59
2026-05-10T00:18:31.2298050Z,EQ-4,98.35,48.51
2026-05-10T00:18:41.2298050Z,EQ-3,96.15,48.47
2026-05-10T00:18:51.2298050Z,EQ-3,99.03,40.75
2026-05-10T00:19:01.2298050Z,EQ-3,88.42,47.46
2026-05-10T00:19:11.2298050Z,EQ-2,85.25,47.16
2026-05-10T00:19:21.2298050Z,EQ-3,88.25,43.67
2026-05-10T00:19:31.2298050Z,EQ-3,87.30,48.07
2026-05-10T00:19:41.2298050Z,EQ-4,98.42,42.76
2026-05-10T00:19:51.2298050Z,EQ-3,95.73,43.38
2026-05-10T00:20:01.2298050Z,EQ-4,91.27,40.19
2026-05-10T00:20:11.2298050Z,EQ-4,90.94,48.62
2026-05-10T00:20:21.2298050Z,EQ-1,93.79,44.41
2026-05-10T00:20:31.2298050Z,EQ-2,90.21,46.22
2026-05-10T00:20:41.2298050Z,EQ-1,98.36,40.16
2026-05-10T00:20:51.2298050Z,EQ-4,93.11,45.85
2026-05-10T00:21:01.2298050Z,EQ-4,86.49,49.82
2026-05-10T00:21:11.2298050Z,EQ-1,95.10,42.48
2026-05-10T00:21:21.2298050Z,EQ-3,92.78,46.96
2026-05-10T00:21:31.2298050Z,EQ-4,85.89,46.56
2026-05-10T00:21:41.2298050Z,EQ-4,98.88,44.16
2026-05-10T00:21:51.2298050Z,EQ-1,87.22,44.88
2026-05-10T00:22:01.2298050Z,EQ-3,96.66,49.34
2026-05-10T00:22:11.2298050Z,EQ-2,97.66,44.55
2026-05-10T00:22:21.2298050Z,EQ-1,85.17,47.59
2026-05-10T00:22:31.2298050Z,EQ-4,96.35,41.76
2026-05-10T00:22:41.2298050Z,EQ-2,97.97,42.32
2026-05-10T00:22:51.2298050Z,EQ-3,89.53,48.52
2026-05-10T00:23:01.2298050Z,EQ-2,88.70,48.79
2026-05-10T00:23:11.2298050Z,EQ-2,89.62,48.89
2026-05-10T00:23:21.2298050Z,EQ-2,87.45,43.71
2026-05-10T00:23:31.2298050Z,EQ-4,85.47,40.61
2026-05-10T00:23:41.2298050Z,EQ-3,95.17,45.64
2026-05-10T00:23:51.2298050Z,EQ-1,98.53,48.98
2026-05-10T00:24:01.2298050Z,EQ-3,96.82,42.28
2026-05-10T00:24:11.2298050Z,EQ-1,92.21,44.90
2026-05-10T00:24:21.2298050Z,EQ-1,89.93,49.74
2026-05-10T00:24:31.2298050Z,EQ-4,93.47,41.51
2026-05-10T00:24:41.2298050Z,EQ-2,91.88,46.12
2026-05-10T00:24:51.2298050Z,EQ-3,94.34,40.42
2026-05-10T00:25:01.2298050Z,EQ-2,88.89,43.38
2026-05-10T00:25:11.2298050Z,EQ-4,96.23,41.26
2026-05-10T00:25:21.2298050Z,EQ-3,94.18,45.22
2026-05-10T00:25:31.2298050Z,EQ-4,91.23,47.93
2026-05-10T00:25:41.2298050Z,EQ-2,91.97,40.99
2026-05-10T00:25:51.2298050Z,EQ-3,85.06,48.40
2026-05-10T00:26:01.2298050Z,EQ-2,99.85,44.47
2026-05-10T00:26:11.2298050Z,EQ-4,95.64,43.07
2026-05-10T00:26:21.2298050Z,EQ-4,86.08,48.19
2026-05-10T00:26:31.2298050Z,EQ-2,96.31,43.31
2026-05-10T00:26:41.2298050Z,EQ-3,89.80,46.45
2026-05-10T00:26:51.2298050Z,EQ-3,88.12,42.14
2026-05-10T00:27:01.2298050Z,EQ-1,87.25,49.73
2026-05-10T00:27:11.2298050Z,EQ-3,96.15,41.25
2026-05-10T00:27:21.2298050Z,EQ-1,93.51,43.09
2026-05-10T00:27:31.2298050Z,EQ-3,99.28,44.71
2026-05-10T00:27:41.2298050Z,EQ-1,97.13,46.95
2026-05-10T00:27:51.2298050Z,EQ-1,88.01,46.66
2026-05-10T00:28:01.2298050Z,EQ-4,97.74,43.52
2026-05-10T00:28:11.2298050Z,EQ-3,87.73,46.22
2026-05-10T00:28:21.2298050Z,EQ-4,93.89,49.68
2026-05-10T00:28:31.2298050Z,EQ-3,94.60,43.92
2026-05-10T00:28:41.2298050Z,EQ-3,91.68,41.67
2026-05-10T00:28:51.2298050Z,EQ-2,85.23,45.85
2026-05-10T00:29:01.2298050Z,EQ-1,96.60,42.27
2026-05-10T00:29:11.2298050Z,EQ-4,96.83,49.70
2026-05-10T00:29:21.2298050Z,EQ-2,95.78,47.10
2026-05-10T00:29:31.2298050Z,EQ-2,85.30,41.40
2026-05-10T00:29:41.2298050Z,EQ-1,91.26,42.43
2026-05-10T00:29:51.2298050Z,EQ-1,86.88,45.11
2026-05-10T00:30:01.2298050Z,EQ-3,86.12,40.62
2026-05-10T00:30:11.2298050Z,EQ-3,92.15,42.99
2026-05-10T00:30:21.2298050Z,EQ-2,87.54,43.75
2026-05-10T00:30:31.2298050Z,EQ-1,94.51,48.07
2026-05-10T00:30:41.2298050Z,EQ-2,94.28,40.29
2026-05-10T00:30:51.2298050Z,EQ-2,87.80,42.01
2026-05-10T00:31:01.2298050Z,EQ-4,97.65,45.21
2026-05-10T00:31:11.2298050Z,EQ-2,89.61,41.21
2026-05-10T00:31:21.2298050Z,EQ-2,88.70,47.60
2026-05-10T00:31:31.2298050Z,EQ-2,99.90,45.30
2026-05-10T00:31:41.2298050Z,EQ-4,86.77,46.84
2026-05-10T00:31:51.2298050Z,EQ-3,89.85,44.49
2026-05-10T00:32:01.2298050Z,EQ-3,91.43,44.40
2026-05-10T00:32:11.2298050Z,EQ-2,96.43,47.26
2026-05-10T00:32:21.2298050Z,EQ-3,90.01,48.54
2026-05-10T00:32:31.2298050Z,EQ-1,87.80,44.42
2026-05-10T00:32:41.2298050Z,EQ-4,99.58,41.91
2026-05-10T00:32:51.2298050Z,EQ-3,86.65,49.38
2026-05-10T00:33:01.2298050Z,EQ-1,86.18,43.94
2026-05-10T00:33:11.2298050Z,EQ-1,87.33,43.10
2026-05-10T00:33:21.2298050Z,EQ-1,96.19,49.84
2026-05-10T00:33:31.2298050Z,EQ-1,96.94,40.99
2026-05-10T00:33:41.2298050Z,EQ-4,87.17,42.94
2026-05-10T00:33:51.2298050Z,EQ-1,99.41,43.94
2026-05-10T00:34:01.2298050Z,EQ-1,89.16,48.23
2026-05-10T00:34:11.2298050Z,EQ-4,93.07,48.17
2026-05-10T00:34:21.2298050Z,EQ-1,99.25,44.57
2026-05-10T00:34:31.2298050Z,EQ-1,96.88,41.06
2026-05-10T00:34:41.2298050Z,EQ-1,91.18,45.50
2026-05-10T00:34:51.2298050Z,EQ-4,87.13,40.43
2026-05-10T00:35:01.2298050Z,EQ-2,99.25,47.58
2026-05-10T00:35:11.2298050Z,EQ-3,86.12,48.74
2026-05-10T00:35:21.2298050Z,EQ-4,92.90,40.04
2026-05-10T00:35:31.2298050Z,EQ-1,85.82,46.81
2026-05-10T00:35:41.2298050Z,EQ-1,96.87,46.42
2026-05-10T00:35:51.2298050Z,EQ-3,99.61,43.55
2026-05-10T00:36:01.2298050Z,EQ-1,94.76,44.14
2026-05-10T00:36:11.2298050Z,EQ-3,97.96,46.20
2026-05-10T00:36:21.2298050Z,EQ-4,86.80,49.36
2026-05-10T00:36:31.2298050Z,EQ-1,88.59,40.52
2026-05-10T00:36:41.2298050Z,EQ-4,96.35,49.34
2026-05-10T00:36:51.2298050Z,EQ-3,90.77,41.70
2026-05-10T00:37:01.2298050Z,EQ-2,93.79,49.97
2026-05-10T00:37:11.2298050Z,EQ-3,95.23,44.94
2026-05-10T00:37:21.2298050Z,EQ-2,97.60,42.65
2026-05-10T00:37:31.2298050Z,EQ-4,99.36,47.51
2026-05-10T00:37:41.2298050Z,EQ-4,93.52,44.38
2026-05-10T00:37:51.2298050Z,EQ-2,90.96,44.51
2026-05-10T00:38:01.2298050Z,EQ-1,89.70,47.43
2026-05-10T00:38:11.2298050Z,EQ-1,93.02,47.48
2026-05-10T00:38:21.2298050Z,EQ-3,90.20,47.91
2026-05-10T00:38:31.2298050Z,EQ-4,92.10,49.07
2026-05-10T00:38:41.2298050Z,EQ-4,85.97,47.69
2026-05-10T00:38:51.2298050Z,EQ-3,98.17,41.64
2026-05-10T00:39:01.2298050Z,EQ-1,86.66,48.90
2026-05-10T00:39:11.2298050Z,EQ-1,90.24,45.90
2026-05-10T00:39:21.2298050Z,EQ-2,98.84,46.59
2026-05-10T00:39:31.2298050Z,EQ-2,85.01,48.09
2026-05-10T00:39:41.2298050Z,EQ-1,94.26,43.16
2026-05-10T00:39:51.2298050Z,EQ-2,94.89,47.27
2026-05-10T00:40:01.2298050Z,EQ-4,87.63,49.52
2026-05-10T00:40:11.2298050Z,EQ-2,87.61,40.76
2026-05-10T00:40:21.2298050Z,EQ-3,99.07,45.60
2026-05-10T00:40:31.2298050Z,EQ-3,89.75,47.99
2026-05-10T00:40:41.2298050Z,EQ-4,86.43,48.43
2026-05-10T00:40:51.2298050Z,EQ-4,98.64,49.03
2026-05-10T00:41:01.2298050Z,EQ-3,94.99,45.60
2026-05-10T00:41:11.2298050Z,EQ-2,94.35,41.82
2026-05-10T00:41:21.2298050Z,EQ-2,87.02,40.90
2026-05-10T00:41:31.2298050Z,EQ-4,92.50,43.35
2026-05-10T00:41:41.2298050Z,EQ-2,98.97,45.50
2026-05-10T00:41:51.2298050Z,EQ-4,98.59,46.01
2026-05-10T00:42:01.2298050Z,EQ-2,95.60,44.45
2026-05-10T00:42:11.2298050Z,EQ-1,99.94,44.79
2026-05-10T00:42:21.2298050Z,EQ-2,90.40,41.41
2026-05-10T00:42:31.2298050Z,EQ-1,97.46,46.66
2026-05-10T00:42:41.2298050Z,EQ-3,91.67,40.33
2026-05-10T00:42:51.2298050Z,EQ-3,99.37,46.46
2026-05-10T00:43:01.2298050Z,EQ-4,86.06,46.10
2026-05-10T00:43:11.2298050Z,EQ-3,98.03,44.15
2026-05-10T00:43:21.2298050Z,EQ-4,86.57,40.21
2026-05-10T00:43:31.2298050Z,EQ-4,88.51,40.41
2026-05-10T00:43:41.2298050Z,EQ-1,95.71,48.54
2026-05-10T00:43:51.2298050Z,EQ-2,99.77,46.23
2026-05-10T00:44:01.2298050Z,EQ-2,92.52,43.54
2026-05-10T00:44:11.2298050Z,EQ-2,92.52,47.12
2026-05-10T00:44:21.2298050Z,EQ-3,97.24,40.71
2026-05-10T00:44:31.2298050Z,EQ-1,98.71,42.88
2026-05-10T00:44:41.2298050Z,EQ-4,95.10,46.59
2026-05-10T00:44:51.2298050Z,EQ-4,91.23,40.22
2026-05-10T00:45:01.2298050Z,EQ-1,87.87,48.23
2026-05-10T00:45:11.2298050Z,EQ-3,91.94,47.30
2026-05-10T00:45:21.2298050Z,EQ-3,92.06,49.65
2026-05-10T00:45:31.2298050Z,EQ-4,90.99,41.48
2026-05-10T00:45:41.2298050Z,EQ-1,95.11,41.99
2026-05-10T00:45:51.2298050Z,EQ-2,93.80,47.08
2026-05-10T00:46:01.2298050Z,EQ-4,89.74,48.40
2026-05-10T00:46:11.2298050Z,EQ-1,99.05,47.80
2026-05-10T00:46:21.2298050Z,EQ-2,93.81,42.10
2026-05-10T00:46:31.2298050Z,EQ-2,87.53,42.77
2026-05-10T00:46:41.2298050Z,EQ-2,95.06,48.76
2026-05-10T00:46:51.2298050Z,EQ-4,92.30,49.27
2026-05-10T00:47:01.2298050Z,EQ-1,98.80,46.91
2026-05-10T00:47:11.2298050Z,EQ-4,87.96,46.55
2026-05-10T00:47:21.2298050Z,EQ-4,88.39,48.82
2026-05-10T00:47:31.2298050Z,EQ-4,85.79,41.77
2026-05-10T00:47:41.2298050Z,EQ-1,94.01,40.23
2026-05-10T00:47:51.2298050Z,EQ-2,89.10,44.94
2026-05-10T00:48:01.2298050Z,EQ-3,87.10,44.35
2026-05-10T00:48:11.2298050Z,EQ-2,95.43,42.76
2026-05-10T00:48:21.2298050Z,EQ-4,87.45,41.35
2026-05-10T00:48:31.2298050Z,EQ-1,97.92,44.40
2026-05-10T00:48:41.2298050Z,EQ-3,94.43,45.64
2026-05-10T00:48:51.2298050Z,EQ-2,87.72,40.61
2026-05-10T00:49:01.2298050Z,EQ-1,96.64,48.03
2026-05-10T00:49:11.2298050Z,EQ-4,88.72,40.46
2026-05-10T00:49:21.2298050Z,EQ-3,92.80,40.86
2026-05-10T00:49:31.2298050Z,EQ-2,92.82,43.46
2026-05-10T00:49:41.2298050Z,EQ-3,85.02,41.63
2026-05-10T00:49:51.2298050Z,EQ-3,99.14,49.14
2026-05-10T00:50:01.2298050Z,EQ-3,87.57,47.63
2026-05-10T00:50:11.2298050Z,EQ-2,91.71,44.79
2026-05-10T00:50:21.2298050Z,EQ-3,85.79,47.08
2026-05-10T00:50:31.2298050Z,EQ-2,89.57,41.52
2026-05-10T00:50:41.2298050Z,EQ-3,88.75,43.89
2026-05-10T00:50:51.2298050Z,EQ-2,87.94,49.11
2026-05-10T00:51:01.2298050Z,EQ-2,87.14,43.83
2026-05-10T00:51:11.2298050Z,EQ-1,98.24,40.52
2026-05-10T00:51:21.2298050Z,EQ-4,87.31,42.69
2026-05-10T00:51:31.2298050Z,EQ-2,87.96,40.82
2026-05-10T00:51:41.2298050Z,EQ-2,98.08,45.08
2026-05-10T00:51:51.2298050Z,EQ-4,92.18,48.04
2026-05-10T00:52:01.2298050Z,EQ-4,87.72,48.19
2026-05-10T00:52:11.2298050Z,EQ-4,88.55,48.50
2026-05-10T00:52:21.2298050Z,EQ-2,99.16,43.31
2026-05-10T00:52:31.2298050Z,EQ-4,92.55,46.27
2026-05-10T00:52:41.2298050Z,EQ-2,86.98,44.31
2026-05-10T00:52:51.2298050Z,EQ-3,93.06,48.04
2026-05-10T00:53:01.2298050Z,EQ-3,96.21,47.64
2026-05-10T00:53:11.2298050Z,EQ-4,95.99,49.67
2026-05-10T00:53:21.2298050Z,EQ-4,88.51,41.83
2026-05-10T00:53:31.2298050Z,EQ-1,92.36,48.06
2026-05-10T00:53:41.2298050Z,EQ-4,93.40,40.66
2026-05-10T00:53:51.2298050Z,EQ-2,99.41,46.95
2026-05-10T00:54:01.2298050Z,EQ-1,97.32,44.90
2026-05-10T00:54:11.2298050Z,EQ-2,91.42,40.07
2026-05-10T00:54:21.2298050Z,EQ-2,86.70,47.70
2026-05-10T00:54:31.2298050Z,EQ-3,90.35,49.60
2026-05-10T00:54:41.2298050Z,EQ-4,97.06,47.48
2026-05-10T00:54:51.2298050Z,EQ-3,95.92,42.32
2026-05-10T00:55:01.2298050Z,EQ-4,90.25,46.37
2026-05-10T00:55:11.2298050Z,EQ-2,88.72,47.35
2026-05-10T00:55:21.2298050Z,EQ-2,99.56,46.60
2026-05-10T00:55:31.2298050Z,EQ-2,99.39,43.78
2026-05-10T00:55:41.2298050Z,EQ-3,95.83,48.07
2026-05-10T00:55:51.2298050Z,EQ-1,97.77,47.53
2026-05-10T00:56:01.2298050Z,EQ-2,95.91,46.62
2026-05-10T00:56:11.2298050Z,EQ-2,98.09,48.34
2026-05-10T00:56:21.2298050Z,EQ-1,86.39,45.65
2026-05-10T00:56:31.2298050Z,EQ-4,87.65,40.49
2026-05-10T00:56:41.2298050Z,EQ-2,85.36,40.22
2026-05-10T00:56:51.2298050Z,EQ-3,99.87,45.76
2026-05-10T00:57:01.2298050Z,EQ-1,85.78,41.82
2026-05-10T00:57:11.2298050Z,EQ-2,90.28,40.28
2026-05-10T00:57:21.2298050Z,EQ-1,85.18,45.50
2026-05-10T00:57:31.2298050Z,EQ-4,94.64,42.69
2026-05-10T00:57:41.2298050Z,EQ-4,98.83,45.31
2026-05-10T00:57:51.2298050Z,EQ-4,92.53,40.86
2026-05-10T00:58:01.2298050Z,EQ-3,91.64,41.20
2026-05-10T00:58:11.2298050Z,EQ-3,96.20,42.41
2026-05-10T00:58:21.2298050Z,EQ-3,88.38,49.31
2026-05-10T00:58:31.2298050Z,EQ-4,85.78,42.66
2026-05-10T00:58:41.2298050Z,EQ-4,86.08,48.38
2026-05-10T00:58:51.2298050Z,EQ-1,97.75,48.51
2026-05-10T00:59:01.2298050Z,EQ-2,98.98,41.20
2026-05-10T00:59:11.2298050Z,EQ-3,90.14,41.00
2026-05-10T00:59:21.2298050Z,EQ-4,85.99,43.31
2026-05-10T00:59:31.2298050Z,EQ-2,87.49,49.15
2026-05-10T00:59:41.2298050Z,EQ-1,86.94,49.17
